order_number,type_code,family,subfamily,row_type,category,section,source_page,pdf_page,occurrences,also_on_pages,product_name,product_url,sensing_range_min_mm,sensing_range_max_mm,supply_voltage_min_v,supply_voltage_max_v,output_current_max_ma,response_time_ms,switching_frequency_hz,operating_temp_min_c,operating_temp_max_c,resolution_value,resolution_unit,switching_output,output_function,connection,scope_of_delivery,sensor_principle,detection_principle,light_type,light_spot,adjustment,enclosure_rating,housing_material,interface,short_description,other_specs_json,low_confidence
1051781,GTE6-P4212,G6,GTE6,product,Fotocelulas (Photoelectric sensors),B,B-16,15,1,,"Fotocélula de detección sobre objeto, luz roja visible",www.mysick.com/es/G6,,300,,,,,,,,,,PNP,conmutación en claro/oscuro,Conector macho M8 de 4 polos,Escuadra de fijación de acero inoxidable (1.4301/304) BEF‑W100-A,fotocélula de detección sobre objeto,energética,luz roja visible,Ø 7 mm (90 mm),"ajustador mecánico, 5 revoluciones",,,,,,product_name;output_function;sensor_principle;detection_principle;light_type;light_spot;adjustment
1051782,GTE6-N4212,G6,GTE6,product,Fotocelulas (Photoelectric sensors),B,B-16,15,1,,"Fotocélula de detección sobre objeto, luz roja visible",www.mysick.com/es/G6,,300,,,,,,,,,,NPN,conmutación en claro/oscuro,Conector macho M8 de 4 polos,,fotocélula de detección sobre objeto,energética,luz roja visible,Ø 7 mm (90 mm),"ajustador mecánico, 5 revoluciones",,,,,,product_name;output_function;sensor_principle;detection_principle;light_type;light_spot;adjustment
1051783,GTE6-P1212,G6,GTE6,product,Fotocelulas (Photoelectric sensors),B,B-16,15,1,,"Fotocélula de detección sobre objeto, luz roja visible",www.mysick.com/es/G6,,300,,,,,,,,,,PNP,conmutación en claro/oscuro,"Cable de 3 hilos, 2 m, PVC",Escuadra de fijación de acero inoxidable (1.4301/304) BEF‑W100-A,fotocélula de detección sobre objeto,energética,luz roja visible,Ø 7 mm (90 mm),"ajustador mecánico, 5 revoluciones",,,,,,product_name;output_function;sensor_principle;detection_principle;light_type;light_spot;adjustment
1051784,GTE6-N1212,G6,GTE6,product,Fotocelulas (Photoelectric sensors),B,B-16,15,1,,"Fotocélula de detección sobre objeto, luz roja visible",www.mysick.com/es/G6,,300,,,,,,,,,,NPN,conmutación en claro/oscuro,"Cable de 3 hilos, 2 m, PVC",,fotocélula de detección sobre objeto,energética,luz roja visible,Ø 7 mm (90 mm),"ajustador mecánico, 5 revoluciones",,,,,,product_name;output_function;sensor_principle;detection_principle;light_type;light_spot;adjustment
1053628,GTE6-P7212,G6,GTE6,product,Fotocelulas (Photoelectric sensors),B,B-16,15,1,,"Fotocélula de detección sobre objeto, luz roja visible",www.mysick.com/es/G6,,300,,,,,,,,,,PNP,conmutación en claro/oscuro,"Cable con conector macho M12 de 4 polos, 300 mm, PVC",Escuadra de fijación de acero inoxidable (1.4301/304) BEF‑W100-A,fotocélula de detección sobre objeto,energética,luz roja visible,Ø 7 mm (90 mm),"ajustador mecánico, 5 revoluciones",,,,,,product_name;output_function;sensor_principle;detection_principle;light_type;light_spot;adjustment
1052442,GTB6-P4212,G6,GTB6,product,Fotocelulas (Photoelectric sensors),B,B-17,16,1,,"Fotocélula de detección sobre objeto, supresión del fondo, luz roja visible",,5,250,,,,,,,,,,PNP,conmutación en claro/oscuro,Conector macho M8 de 4 polos,Escuadra de fijación de acero inoxidable (1.4301/304) BEF‑W100-A,fotocélula de detección sobre objeto,supresión del fondo,luz roja visible,Ø 6 mm (100 mm),"ajustador mecánico, 5 revoluciones",,,,,,product_name
1052443,GTB6-N4212,G6,GTB6,product,Fotocelulas (Photoelectric sensors),B,B-17,16,1,,"Fotocélula de detección sobre objeto, supresión del fondo, luz roja visible",,5,250,,,,,,,,,,NPN,conmutación en claro/oscuro,Conector macho M8 de 4 polos,Escuadra de fijación de acero inoxidable (1.4301/304) BEF‑W100-A,fotocélula de detección sobre objeto,supresión del fondo,luz roja visible,Ø 6 mm (100 mm),"ajustador mecánico, 5 revoluciones",,,,,,product_name
1052444,GTB6-P1212,G6,GTB6,product,Fotocelulas (Photoelectric sensors),B,B-17,16,1,,"Fotocélula de detección sobre objeto, supresión del fondo, luz roja visible",,5,250,,,,,,,,,,PNP,conmutación en claro/oscuro,"Cable de 3 hilos, 2 m, PVC",Escuadra de fijación de acero inoxidable (1.4301/304) BEF‑W100-A,fotocélula de detección sobre objeto,supresión del fondo,luz roja visible,Ø 6 mm (100 mm),"ajustador mecánico, 5 revoluciones",,,,,,product_name
1052445,GTB6-N1212,G6,GTB6,product,Fotocelulas (Photoelectric sensors),B,B-17,16,1,,"Fotocélula de detección sobre objeto, supresión del fondo, luz roja visible",,5,250,,,,,,,,,,NPN,conmutación en claro/oscuro,"Cable de 3 hilos, 2 m, PVC",Escuadra de fijación de acero inoxidable (1.4301/304) BEF‑W100-A,fotocélula de detección sobre objeto,supresión del fondo,luz roja visible,Ø 6 mm (100 mm),"ajustador mecánico, 5 revoluciones",,,,,,product_name
1057705,GTB6-P7211,G6,GTB6,product,Fotocelulas (Photoelectric sensors),B,B-17,16,1,,"Fotocélula de detección sobre objeto, supresión del fondo, luz roja visible",,5,250,,,,,,,,,,PNP,conmutación en claro/oscuro,"Cable con conector macho M12 de 4 polos, 300 mm",,fotocélula de detección sobre objeto,supresión del fondo,luz roja visible,Ø 6 mm (100 mm),"ajustador mecánico, 5 revoluciones",,,,,,product_name
1058769,GTB6-N6212,G6,GTB6,product,Fotocelulas (Photoelectric sensors),B,B-17,16,1,,"Fotocélula de detección sobre objeto, supresión del fondo, luz roja visible",,5,250,,,,,,,,,,NPN,conmutación en claro/oscuro,"Cable con conector macho M8 de 4 polos, 300 mm",Escuadra de fijación de acero inoxidable (1.4301/304) BEF‑W100-A,fotocélula de detección sobre objeto,supresión del fondo,luz roja visible,Ø 6 mm (100 mm),"ajustador mecánico, 5 revoluciones",,,,,,product_name
1059320,GTB6-P6211,G6,GTB6,product,Fotocelulas (Photoelectric sensors),B,B-17,16,1,,"Fotocélula de detección sobre objeto, supresión del fondo, luz roja visible",,5,250,,,,,,,,,,PNP,conmutación en claro/oscuro,"Cable con conector macho M8 de 4 polos, 300 mm",,fotocélula de detección sobre objeto,supresión del fondo,luz roja visible,Ø 6 mm (100 mm),"ajustador mecánico, 5 revoluciones",,,,,,product_name
1059333,GTB6-P5211,G6,GTB6,product,Fotocelulas (Photoelectric sensors),B,B-17,16,1,,"Fotocélula de detección sobre objeto, supresión del fondo, luz roja visible",,5,250,,,,,,,,,,PNP,conmutación en claro/oscuro,"Cable con conector macho M8 de 3 polos, 300 mm",Escuadra de fijación de acero inoxidable (1.4301/304) BEF‑W100-A,fotocélula de detección sobre objeto,supresión del fondo,luz roja visible,Ø 6 mm (100 mm),"ajustador mecánico, 5 revoluciones",,,,,,product_name
1051777,GL6-P4112,G6,GL6,product,Fotocelulas (Photoelectric sensors),B,B-18,17,1,,,,,6000,,,,,,,,,,PNP,Conmutación en claro/oscuro,Conector macho M8 de 4 polos,"Escuadra de fijación de acero inoxidable (1.4301/304) BEF-W100-A, reflector P250",barrera fotoeléctrica de reflexión,lente doble,luz roja visible,Ø 8 mm (350 mm),,,,,,,
1051778,GL6-N4112,G6,GL6,product,Fotocelulas (Photoelectric sensors),B,B-18,17,1,,,,,6000,,,,,,,,,,NPN,Conmutación en claro/oscuro,Conector macho M8 de 4 polos,"Escuadra de fijación de acero inoxidable (1.4301/304) BEF-W100-A, reflector P250",barrera fotoeléctrica de reflexión,lente doble,luz roja visible,Ø 8 mm (350 mm),,,,,,,
1051779,GL6-P1112,G6,GL6,product,Fotocelulas (Photoelectric sensors),B,B-18,17,1,,,,,6000,,,,,,,,,,PNP,Conmutación en claro/oscuro,"Cable de 3 hilos, 2 m, PVC","Escuadra de fijación de acero inoxidable (1.4301/304) BEF-W100-A, reflector P250",barrera fotoeléctrica de reflexión,lente doble,luz roja visible,Ø 8 mm (350 mm),,,,,,,
1051780,GL6-N1112,G6,GL6,product,Fotocelulas (Photoelectric sensors),B,B-18,17,1,,,,,6000,,,,,,,,,,NPN,Conmutación en claro/oscuro,"Cable de 3 hilos, 2 m, PVC","Escuadra de fijación de acero inoxidable (1.4301/304) BEF-W100-A, reflector P250",barrera fotoeléctrica de reflexión,lente doble,luz roja visible,Ø 8 mm (350 mm),,,,,,,
1052634,GL6-P4511,G6,GL6,product,Fotocelulas (Photoelectric sensors),B,B-18,17,1,,,,,6000,,,,,,,,,,PNP,Conmutación en claro,Conector macho M8 de 4 polos,,barrera fotoeléctrica de reflexión,lente doble,luz roja visible,Ø 8 mm (350 mm),,,,,,,
1053590,GL6-P7112,G6,GL6,product,Fotocelulas (Photoelectric sensors),B,B-18,17,1,,,,,6000,,,,,,,,,,PNP,Conmutación en claro/oscuro,"Conector macho M12 de 4 polos, 300 mm, PVC","Escuadra de fijación de acero inoxidable (1.4301/304) BEF-W100-A, reflector P250",barrera fotoeléctrica de reflexión,lente doble,luz roja visible,Ø 8 mm (350 mm),,,,,,,
1056039,GL6-P7511,G6,GL6,product,Fotocelulas (Photoelectric sensors),B,B-18,17,1,,,,,6000,,,,,,,,,,PNP,Conmutación en claro,"Conector macho M12 de 4 polos, 300 mm, PVC",,barrera fotoeléctrica de reflexión,lente doble,luz roja visible,Ø 8 mm (350 mm),,,,,,,
1059241,GL6-P4211,G6,GL6,product,Fotocelulas (Photoelectric sensors),B,B-18,17,1,,,,,6000,,,,,,,,,,PNP,Conmutación en claro,Conector macho M8 de 4 polos,,barrera fotoeléctrica de reflexión,lente doble,luz roja visible,Ø 8 mm (350 mm),"Potenciómetro, 270°",,,,,,
1059632,GL6G-P4211,G6,GL6G,product,Fotocelulas (Photoelectric sensors),B,B-18,17,1,,detección de objetos transparentes,,,6000,,,,,,,,,,PNP,conmutación en claro/oscuro,Conector macho M8 de 4 polos,,barrera fotoeléctrica de reflexión,lente doble,luz roja visible,Ø 8 mm (350 mm),"potenciómetro, 270°",,,,,,output_function;adjustment
1059923,GL6-N1211,G6,GL6,product,Fotocelulas (Photoelectric sensors),B,B-18,17,1,,,,,6000,,,,,,,,,,NPN,Conmutación en claro,"Cable de 3 hilos, 2 m, PVC",,barrera fotoeléctrica de reflexión,lente doble,luz roja visible,Ø 8 mm (350 mm),"Potenciómetro, 270°",,,,,,
1059925,GL6G-N1211,G6,GL6G,product,Fotocelulas (Photoelectric sensors),B,B-18,17,1,,detección de objetos transparentes,,,6000,,,,,,,,,,NPN,conmutación en claro/oscuro,"Cable de 3 hilos, 2 m, PVC",,barrera fotoeléctrica de reflexión,lente doble,luz roja visible,Ø 8 mm (350 mm),"potenciómetro, 270°",,,,,,output_function;adjustment
1052450,GSE6-P4112,G6,GSE6,product,Fotocelulas (Photoelectric sensors),B,B-19,18,1,,"barrera emisor-receptor, luz roja visible",,0,15000,,,,,,,,,,PNP,conmutación en claro/oscuro,Conector macho M8 de 4 polos,escuadra de fijación de acero inoxidable (1.4301/304) BEF-W100-A,barrera emisor-receptor,,luz roja visible,Ø 375 mm (12 m),,,,,,,product_name
1052451,GSE6-N4112,G6,GSE6,product,Fotocelulas (Photoelectric sensors),B,B-19,18,1,,"barrera emisor-receptor, luz roja visible",,0,15000,,,,,,,,,,NPN,conmutación en claro/oscuro,Conector macho M8 de 4 polos,escuadra de fijación de acero inoxidable (1.4301/304) BEF-W100-A,barrera emisor-receptor,,luz roja visible,Ø 375 mm (12 m),,,,,,,product_name
1052452,GSE6-P1112,G6,GSE6,product,Fotocelulas (Photoelectric sensors),B,B-19,18,1,,"barrera emisor-receptor, luz roja visible",,0,15000,,,,,,,,,,PNP,conmutación en claro/oscuro,"Cable de 3 hilos, 2 m, PVC",escuadra de fijación de acero inoxidable (1.4301/304) BEF-W100-A,barrera emisor-receptor,,luz roja visible,Ø 375 mm (12 m),,,,,,,product_name
1052453,GSE6-N1112,G6,GSE6,product,Fotocelulas (Photoelectric sensors),B,B-19,18,1,,"barrera emisor-receptor, luz roja visible",,0,15000,,,,,,,,,,NPN,conmutación en claro/oscuro,"Cable de 3 hilos, 2 m, PVC",escuadra de fijación de acero inoxidable (1.4301/304) BEF-W100-A,barrera emisor-receptor,,luz roja visible,Ø 375 mm (12 m),,,,,,,product_name
1054831,GSE6-P7112,G6,GSE6,product,Fotocelulas (Photoelectric sensors),B,B-19,18,1,,"barrera emisor-receptor, luz roja visible",,0,15000,,,,,,,,,,PNP,conmutación en claro/oscuro,"Cable con conector macho M12 de 4 polos, 300 mm, PVC",escuadra de fijación de acero inoxidable (1.4301/304) BEF-W100-A,barrera emisor-receptor,,luz roja visible,Ø 375 mm (12 m),,,,,,,product_name
1054835,GSE6-N7112,G6,GSE6,product,Fotocelulas (Photoelectric sensors),B,B-19,18,1,,"barrera emisor-receptor, luz roja visible",,0,15000,,,,,,,,,,NPN,conmutación en claro/oscuro,"Cable con conector macho M12 de 4 polos, 300 mm, PVC",escuadra de fijación de acero inoxidable (1.4301/304) BEF-W100-A,barrera emisor-receptor,,luz roja visible,Ø 375 mm (12 m),,,,,,,product_name
1054850,GSE6-P6112,G6,GSE6,product,Fotocelulas (Photoelectric sensors),B,B-19,18,1,,"barrera emisor-receptor, luz roja visible",,0,15000,,,,,,,,,,PNP,conmutación en claro/oscuro,"Cable con conector macho M8 de 4 polos, 300 mm, PVC",escuadra de fijación de acero inoxidable (1.4301/304) BEF-W100-A,barrera emisor-receptor,,luz roja visible,Ø 375 mm (12 m),,,,,,,product_name
1054852,GSE6-N6112,G6,GSE6,product,Fotocelulas (Photoelectric sensors),B,B-19,18,1,,"barrera emisor-receptor, luz roja visible",,0,15000,,,,,,,,,,NPN,conmutación en claro/oscuro,"Cable con conector macho M8 de 4 polos, 300 mm, PVC",escuadra de fijación de acero inoxidable (1.4301/304) BEF-W100-A,barrera emisor-receptor,,luz roja visible,Ø 375 mm (12 m),,,,,,,product_name
5311520,BEF-W100-A,G6,,accessory,Fotocelulas (Photoelectric sensors),B,B-19,18,6,B-34;B-36;G-139;G-144;G-145,,,,,,,,,,,,,,,,,,,,,,,,,,"Escuadra de fijación para montaje en pared, acero inoxidable, con material de fijación",,
5311521,BEF-W100-B,G6,,accessory,Fotocelulas (Photoelectric sensors),B,B-19,18,6,B-34;B-36;G-139;G-144;G-145,,,,,,,,,,,,,,,,,,,,,,,,,,"Escuadra de fijación para montaje en suelo, acero galvanizado, con material de fijación",,
1063314,WTB2S-2P3210,W2S-2,WTB2S-2,product,Fotocelulas (Photoelectric sensors),B,B-20,19,1,,,www.mysick.com/es/W2S-2,1,18,,,,,,,,,,PNP,Conmutación en claro/oscuro,"Cable con conector macho M8 de 4 polos, 200 mm",,,supresión del fondo,,Ø 2 mm (8 mm),,,,,,,detection_principle
1064249,WTB2S-2N1310,W2S-2,WTB2S-2,product,Fotocelulas (Photoelectric sensors),B,B-20,19,1,,,www.mysick.com/es/W2S-2,1,18,,,,,,,,,,NPN,Conmutación en claro,"Cable de 3 hilos, 2 m",,,supresión del fondo,,Ø 2 mm (8 mm),,,,,,,detection_principle
1064395,WTB2S-2P3110,W2S-2,WTB2S-2,product,Fotocelulas (Photoelectric sensors),B,B-20,19,1,,,www.mysick.com/es/W2S-2,1,18,,,,,,,,,,PNP,Conmutación en claro,"Cable con conector macho M8 de 3 polos, 200 mm",,,supresión del fondo,,Ø 2 mm (8 mm),,,,,,,detection_principle
1064396,WTB2S-2F3110,W2S-2,WTB2S-2,product,Fotocelulas (Photoelectric sensors),B,B-20,19,1,,,www.mysick.com/es/W2S-2,1,18,,,,,,,,,,PNP,Conmutación en oscuro,"Cable con conector macho M8 de 3 polos, 200 mm",,,supresión del fondo,,Ø 2 mm (8 mm),,,,,,,detection_principle
1064397,WTB2S-2E1310,W2S-2,WTB2S-2,product,Fotocelulas (Photoelectric sensors),B,B-20,19,1,,,www.mysick.com/es/W2S-2,1,18,,,,,,,,,,NPN,Conmutación en oscuro,"Cable de 3 hilos, 2 m",,,supresión del fondo,,Ø 2 mm (8 mm),,,,,,,detection_principle
1063321,WTB2S-2N1130,W2S-2,WTB2S-2,product,Fotocelulas (Photoelectric sensors),B,B-21,20,1,,,,1,36,,,,,,,,,,NPN,Conmutación en claro/oscuro,"Cable de 4 hilos, 2 m",,,,,Ø 3 mm (15 mm),,,,,,,
1063552,WTB2S-2N1145,W2S-2,WTB2S-2,product,Fotocelulas (Photoelectric sensors),B,B-21,20,1,,regulable,,4,110,,,,,,,,,,NPN,Conmutación en claro,"Cable de 4 hilos, 2 m",,,supresión del fondo,,"Ø 4,4 mm (60 mm)",Cable,,,,,,product_name;detection_principle
1064575,WTB2S-2P3130,W2S-2,WTB2S-2,product,Fotocelulas (Photoelectric sensors),B,B-21,20,1,,,,1,36,,,,,,,,,,PNP,Conmutación en claro,"Cable con conector macho M8 de 3 polos, 200 mm",,,,,Ø 3 mm (15 mm),,,,,,,
1064576,WTB2S-2F3130,W2S-2,WTB2S-2,product,Fotocelulas (Photoelectric sensors),B,B-21,20,1,,,,1,36,,,,,,,,,,PNP,Conmutación en oscuro,"Cable con conector macho M8 de 3 polos, 200 mm",,,,,Ø 3 mm (15 mm),,,,,,,
1064578,WTB2S-2N1330,W2S-2,WTB2S-2,product,Fotocelulas (Photoelectric sensors),B,B-21,20,1,,,,1,36,,,,,,,,,,NPN,Conmutación en claro,"Cable de 3 hilos, 2 m",,,,,Ø 3 mm (15 mm),,,,,,,
1064580,WTB2S-2E1330,W2S-2,WTB2S-2,product,Fotocelulas (Photoelectric sensors),B,B-21,20,1,,,,1,36,,,,,,,,,,NPN,Conmutación en oscuro,"Cable de 3 hilos, 2 m",,,,,Ø 3 mm (15 mm),,,,,,,
1064607,WTB2S-2P3160,W2S-2,WTB2S-2,product,Fotocelulas (Photoelectric sensors),B,B-21,20,1,,,,1,66,,,,,,,,,,PNP,Conmutación en claro,"Cable con conector macho M8 de 3 polos, 200 mm",,,,,"Ø 4,5 mm (40 mm)",,,,,,,
1064608,WTB2S-2F3160,W2S-2,WTB2S-2,product,Fotocelulas (Photoelectric sensors),B,B-21,20,1,,,,1,66,,,,,,,,,,PNP,Conmutación en oscuro,"Cable con conector macho M8 de 3 polos, 200 mm",,,,,"Ø 4,5 mm (40 mm)",,,,,,,
1064609,WTB2S-2N1360,W2S-2,WTB2S-2,product,Fotocelulas (Photoelectric sensors),B,B-21,20,1,,,,1,66,,,,,,,,,,NPN,Conmutación en claro,"Cable de 3 hilos, 2 m",,,,,"Ø 4,5 mm (40 mm)",,,,,,,
1064615,WTB2S-2P3245,W2S-2,WTB2S-2,product,Fotocelulas (Photoelectric sensors),B,B-21,20,1,,regulable,,4,110,,,,,,,,,,PNP,Conmutación en claro,"Cable con conector macho M8 de 4 polos, 200 mm",,,supresión del fondo,,"Ø 4,4 mm (60 mm)",Cable,,,,,,product_name;detection_principle
1064620,WTB2S-2P3275,W2S-2,WTB2S-2,product,Fotocelulas (Photoelectric sensors),B,B-21,20,1,,"regulable, spot lineal",,4,90,,,,,,,,,,PNP,en claro,"Cable con conector macho M8 de 4 polos, 200 mm",,,supresión del fondo,,"2,2 mm x 9 mm x 45 mm",cable,,,,,,product_name;output_function;adjustment;detection_principle
1064621,WTB2S-2N1175,W2S-2,WTB2S-2,product,Fotocelulas (Photoelectric sensors),B,B-21,20,1,,"regulable, spot lineal",,4,90,,,,,,,,,,NPN,en claro,"Cable de 4 hilos, 2 m",,,supresión del fondo,,"2,2 mm x 9 mm x 45 mm",cable,,,,,,product_name;output_function;adjustment;detection_principle
1066111,WTB2S-2P3251,W2S-2,WTB2S-2,product,Fotocelulas (Photoelectric sensors),B,B-21,20,1,,regulable,,1,150,,,,,,,,,,PNP,Conmutación en claro/oscuro,"Cable con conector macho M8 de 4 polos, 200 mm",,,supresión del fondo,,"Ø 3,5 mm (50 mm)","Potenciómetro, 3 revoluciones",,,,,,product_name;detection_principle
1066113,WTB2S-2N1151,W2S-2,WTB2S-2,product,Fotocelulas (Photoelectric sensors),B,B-21,20,1,,regulable,,1,150,,,,,,,,,,NPN,Conmutación en claro/oscuro,"Cable de 4 hilos, 2 m",,,supresión del fondo,,"Ø 3,5 mm (50 mm)","Potenciómetro, 3 revoluciones",,,,,,product_name;detection_principle
1002314,PL30A,W2S-2,,accessory,Fotocelulas (Photoelectric sensors),B,B-22,21,6,B-48;B-51;B-55;B-58;B-64,,,,,,,,,,,,,,,,,,,,,,,,,,"Rectangular, atornillable, 56 mm x 28 mm, PMMA/ABS, atornillable, fijación de 2 orificios",,
1012719,PL20A,W2S-2,,accessory,Fotocelulas (Photoelectric sensors),B,B-22,21,6,B-48;B-51;B-55;B-58;B-64,,,,,,,,,,,,,,,,,,,,,,,,,,"Rectangular, atornillable, 38 mm x 15 mm, PMMA/ABS, atornillable, fijación de 2 orificios",,
1063521,WSE2S-2P3130,W2S-2,WSE2S-2,product,Fotocelulas (Photoelectric sensors),B,B-22,21,1,,,,0,2500,,,,,,,,,,PNP,Conmutación en claro,"Cable con conector macho M8 de 3 polos, 200 mm",,,,,Ø 65 mm (1.500 mm),,,,,,,
1063523,WSE2S-2F3130,W2S-2,WSE2S-2,product,Fotocelulas (Photoelectric sensors),B,B-22,21,1,,,,0,2500,,,,,,,,,,PNP,Conmutación en oscuro,"Cable con conector macho M8 de 3 polos, 200 mm",,,,,Ø 65 mm (1.500 mm),,,,,,,
1063571,WL2S-2N1130,W2S-2,WL2S-2,product,Fotocelulas (Photoelectric sensors),B,B-22,21,1,,,,0,1200,,,,,,,,,,NPN,Conmutación en claro/oscuro,"Cable de 4 hilos, 2m",,,autocolimación,,Ø 12 mm (250 mm),,,,,,,
1063572,WL2S-2P3230,W2S-2,WL2S-2,product,Fotocelulas (Photoelectric sensors),B,B-22,21,1,,,,0,1200,,,,,,,,,,PNP,Conmutación en claro/oscuro,"Cable con conector macho M8 de 4 polos, 200 mm",,,autocolimación,,Ø 12 mm (250 mm),,,,,,,
1064584,WSE2S-2N1330,W2S-2,WSE2S-2,product,Fotocelulas (Photoelectric sensors),B,B-22,21,1,,,,0,2500,,,,,,,,,,NPN,Conmutación en claro,"Cable de 3 hilos, 2m",,,,,Ø 65 mm (1.500 mm),,,,,,,
1064586,WSE2S-2E1330,W2S-2,WSE2S-2,product,Fotocelulas (Photoelectric sensors),B,B-22,21,1,,,,0,2500,,,,,,,,,,NPN,Conmutación en oscuro,"Cable de 3 hilos, 2m",,,,,Ø 65 mm (1.500 mm),,,,,,,
1064592,WL2S-2P3130,W2S-2,WL2S-2,product,Fotocelulas (Photoelectric sensors),B,B-22,21,1,,,,0,1200,,,,,,,,,,PNP,Conmutación en claro,"Cable con conector macho M8 de 3 polos, 200 mm",,,autocolimación,,Ø 12 mm (250 mm),,,,,,,
1064593,WL2S-2F3130,W2S-2,WL2S-2,product,Fotocelulas (Photoelectric sensors),B,B-22,21,1,,,,0,1200,,,,,,,,,,PNP,Conmutación en oscuro,"Cable con conector macho M8 de 3 polos, 200 mm",,,autocolimación,,Ø 12 mm (250 mm),,,,,,,
1064595,WL2S-2N1330,W2S-2,WL2S-2,product,Fotocelulas (Photoelectric sensors),B,B-22,21,1,,,,0,1200,,,,,,,,,,NPN,Conmutación en claro,"Cable de 3 hilos, 2m",,,autocolimación,,Ø 12 mm (250 mm),,,,,,,
1064596,WL2S-2E1330,W2S-2,WL2S-2,product,Fotocelulas (Photoelectric sensors),B,B-22,21,1,,,,0,1200,,,,,,,,,,NPN,Conmutación en oscuro,"Cable de 3 hilos, 2m",,,autocolimación,,Ø 12 mm (250 mm),,,,,,,
5304812,P250,W2S-2,,accessory,Fotocelulas (Photoelectric sensors),B,B-22,21,8,B-34;B-44;B-48;B-55;B-58;B-64;B-69,,,,,,,,,,,,,,,,,,,,,,,,,,"Rectangular, atornillable, 47 mm x 47 mm, PMMA/ABS, atornillable, fijación de 2 orificios",,
1003865,PL80A,W2S-2,,accessory,Fotocelulas (Photoelectric sensors),B,B-23,22,7,B-48;B-51;B-55;B-58;B-64;B-69,,,,,,,,,,,,,,,,,,,,,,,,PMMA/ABS,,"Rectangular, atornillable, 80 mm x 80 mm, PMMA/ABS, atornillable, fijación de 2 orificios",,row_type;housing_material
1028082,WTB4-3P3162,W4-3,WTB4-3,product,Fotocelulas (Photoelectric sensors),B,B-25,24,1,,Fotocélula de detección sobre objeto,,4,150,,,,,,,,,,PNP,Conmutación en claro,"Cable con conector macho M8 de 3 polos, 100 mm, PVC",,fotocélula de detección sobre objeto,supresión del fondo,Luz roja visible,Ø 7 mm (50 mm),Teach-in,,,,,,product_name;sensor_principle;detection_principle;light_spot
1028084,WTB4-3P2162,W4-3,WTB4-3,product,Fotocelulas (Photoelectric sensors),B,B-25,24,1,,Fotocélula de detección sobre objeto,,4,150,,,,,,,,,,PNP,Conmutación en claro,Conector macho M8 de 3 polos,,fotocélula de detección sobre objeto,supresión del fondo,Luz roja visible,Ø 7 mm (50 mm),Teach-in,,,,,,product_name;sensor_principle;detection_principle;light_spot
1028086,WTB4-3P2264,W4-3,WTB4-3,product,Fotocelulas (Photoelectric sensors),B,B-25,24,1,,Fotocélula de detección sobre objeto,,4,150,,,,,,,,,,PNP,Conmutación en claro,Conector macho M8 de 4 polos,,fotocélula de detección sobre objeto,supresión del fondo,Luz roja visible,Ø 7 mm (50 mm),Teach-in,,,,,,product_name;sensor_principle;detection_principle;light_spot
1028097,WTB4-3P3161,W4-3,WTB4-3,product,Fotocelulas (Photoelectric sensors),B,B-25,24,1,,Fotocélula de detección sobre objeto,,4,150,,,,,,,,,,PNP,Conmutación en claro,"Cable con conector macho M8 de 3 polos, 100 mm, PVC",,fotocélula de detección sobre objeto,supresión del fondo,Luz roja visible,Ø 7 mm (50 mm),"Potenciómetro, 5 revoluciones",,,,,,product_name;sensor_principle;detection_principle;light_spot
1028098,WTB4-3P3261,W4-3,WTB4-3,product,Fotocelulas (Photoelectric sensors),B,B-25,24,1,,Fotocélula de detección sobre objeto,,4,150,,,,,,,,,,PNP,Conmutación en claro/oscuro,"Cable con conector macho M8 de 4 polos, 100 mm, PVC",,fotocélula de detección sobre objeto,supresión del fondo,Luz roja visible,Ø 7 mm (50 mm),"Potenciómetro, 5 revoluciones",,,,,,product_name;sensor_principle;detection_principle;light_spot
1028100,WTB4-3P2261,W4-3,WTB4-3,product,Fotocelulas (Photoelectric sensors),B,B-25,24,1,,Fotocélula de detección sobre objeto,,4,150,,,,,,,,,,PNP,Conmutación en claro/oscuro,Conector macho M8 de 4 polos,,fotocélula de detección sobre objeto,supresión del fondo,Luz roja visible,Ø 7 mm (50 mm),"Potenciómetro, 5 revoluciones",,,,,,product_name;sensor_principle;detection_principle;light_spot
1028101,WTB4-3N1361,W4-3,WTB4-3,product,Fotocelulas (Photoelectric sensors),B,B-25,24,1,,Fotocélula de detección sobre objeto,,4,150,,,,,,,,,,NPN,Conmutación en claro,"Cable de 3 hilos, 2 m, PVC",,fotocélula de detección sobre objeto,supresión del fondo,Luz roja visible,Ø 7 mm (50 mm),"Potenciómetro, 5 revoluciones",,,,,,product_name;sensor_principle;detection_principle;light_spot
1028102,WTB4-3N1161,W4-3,WTB4-3,product,Fotocelulas (Photoelectric sensors),B,B-25,24,1,,Fotocélula de detección sobre objeto,,4,150,,,,,,,,,,NPN,Conmutación en claro/oscuro,"Cable de 4 hilos, 2 m, PVC",,fotocélula de detección sobre objeto,supresión del fondo,Luz roja visible,Ø 7 mm (50 mm),"Potenciómetro, 5 revoluciones",,,,,,product_name;sensor_principle;detection_principle;light_spot
1028105,WTB4-3F1361,W4-3,WTB4-3,product,Fotocelulas (Photoelectric sensors),B,B-25,24,1,,Fotocélula de detección sobre objeto,,4,150,,,,,,,,,,PNP,Conmutación en oscuro,"Cable de 3 hilos, 2 m, PVC",,fotocélula de detección sobre objeto,supresión del fondo,Luz roja visible,Ø 7 mm (50 mm),"Potenciómetro, 5 revoluciones",,,,,,product_name;sensor_principle;detection_principle;light_spot
1028122,WTB4-3P3171,W4-3,WTB4-3,product,Fotocelulas (Photoelectric sensors),B,B-25,24,1,,"Fotocélula de detección sobre objeto, spot lineal",,4,150,,,,,,,,,,PNP,Conmutación en claro,"Cable con conector macho M8 de 3 polos, 100 mm, PVC",,fotocélula de detección sobre objeto,supresión del fondo,Luz roja visible,Ø 5 mm x 28 (50 mm),"potenciómetro, 5 revoluciones",,,,,,product_name;sensor_principle;detection_principle;light_spot;adjustment
1028125,WTB4-3N1371,W4-3,WTB4-3,product,Fotocelulas (Photoelectric sensors),B,B-25,24,1,,"Fotocélula de detección sobre objeto, spot lineal",,4,150,,,,,,,,,,NPN,Conmutación en claro,"Cable de 3 hilos, 2 m, PVC",,fotocélula de detección sobre objeto,supresión del fondo,Luz roja visible,Ø 5 mm x 28 (50 mm),"potenciómetro, 5 revoluciones",,,,,,product_name;sensor_principle;detection_principle;light_spot;adjustment
1042190,WTB4-3P2271,W4-3,WTB4-3,product,Fotocelulas (Photoelectric sensors),B,B-25,24,1,,"Fotocélula de detección sobre objeto, spot lineal",,4,150,,,,,,,,,,PNP,Conmutación en claro/oscuro,Conector macho M8 de 4 polos,,fotocélula de detección sobre objeto,supresión del fondo,Luz roja visible,Ø 5 mm x 28 (50 mm),"potenciómetro, 5 revoluciones",,,,,,product_name;sensor_principle;detection_principle;light_spot;adjustment
1044013,WTB4-3P3464,W4-3,WTB4-3,product,Fotocelulas (Photoelectric sensors),B,B-25,24,1,,Fotocélula de detección sobre objeto,,4,150,,,,,,,,,,PNP,Conmutación en claro,"Cable con conector macho M12 de 4 polos, 150 mm, PVC",,fotocélula de detección sobre objeto,supresión del fondo,Luz roja visible,Ø 7 mm (50 mm),"Cable, teach-in",,,,,,product_name;sensor_principle;detection_principle;light_spot;adjustment
1028114,WTV4-3P2241,W4-3,WTV4-3,product,Fotocelulas (Photoelectric sensors),B,B-26,25,1,,"WTV4-3, óptica V",,4,50,,,,,,,,,,PNP,Conmutación en claro/oscuro,Conector macho M8 de 4 polos,,fotocélula de detección sobre objeto,supresión del fondo,Luz roja visible,Ø 10 mm (40 mm),"Potenciómetro, 5 revoluciones",,,,,,product_name;sensor_principle;detection_principle;light_spot
1029582,WTV4-3P3441,W4-3,WTV4-3,product,Fotocelulas (Photoelectric sensors),B,B-26,25,1,,"WTV4-3, óptica V",,4,50,,,,,,,,,,PNP,Conmutación en claro/oscuro,"Cable con conector macho M12 de 4 polos, 150 mm, PVC",,fotocélula de detección sobre objeto,supresión del fondo,Luz roja visible,Ø 10 mm (40 mm),"Potenciómetro, 5 revoluciones",,,,,,product_name;sensor_principle;detection_principle;light_spot
1029885,WTV4-3N1321,W4-3,WTV4-3,product,Fotocelulas (Photoelectric sensors),B,B-26,25,1,,"WTV4-3, óptica V",,4,50,,,,,,,,,,NPN,Conmutación en claro,"Cable de 3 hilos, 2 m, PVC",,fotocélula de detección sobre objeto,supresión del fondo,Luz infrarroja,Ø 10 mm (40 mm),"Potenciómetro, 5 revoluciones",,,,,,product_name;sensor_principle;detection_principle;light_spot
1029888,WTV4-3P1321,W4-3,WTV4-3,product,Fotocelulas (Photoelectric sensors),B,B-26,25,1,,"WTV4-3, óptica V",,4,50,,,,,,,,,,PNP,Conmutación en claro/oscuro,"Cable de 3 hilos, 2 m, PVC",,fotocélula de detección sobre objeto,supresión del fondo,Luz roja visible,Ø 10 mm (40 mm),"Potenciómetro, 5 revoluciones",,,,,,product_name;sensor_principle;detection_principle;light_spot;output_function
1046411,WTV4-3P3122,W4-3,WTV4-3,product,Fotocelulas (Photoelectric sensors),B,B-26,25,1,,"WTV4-3, óptica V",,4,50,,,,,,,,,,PNP,Conmutación en claro,"Cable con conector macho M8 de 4 polos, 100 mm, PVC",,fotocélula de detección sobre objeto,supresión del fondo,Luz infrarroja,Ø 10 mm (40 mm),Teach-in,,,,,,product_name;sensor_principle;detection_principle;light_spot
1046644,WTV4-3P2271,W4-3,WTV4-3,product,Fotocelulas (Photoelectric sensors),B,B-26,25,1,,"WTV4-3, óptica V, spot lineal",,3,50,,,,,,,,,,PNP,en claro,Conector macho M8 de 4 polos,,fotocélula de detección sobre objeto,supresión del fondo,Luz roja visible,Ø 3 mm x 20 (40 mm),"potenciómetro, 5 revoluciones",,,,,,product_name;sensor_principle;detection_principle;light_spot;output_function;adjustment
1046898,WTV4-3N1171,W4-3,WTV4-3,product,Fotocelulas (Photoelectric sensors),B,B-26,25,1,,"WTV4-3, óptica V, spot lineal",,3,50,,,,,,,,,,NPN,en claro,"Cable de 4 hilos, 2 m, PVC",,fotocélula de detección sobre objeto,supresión del fondo,Luz roja visible,Ø 3 mm x 20 (40 mm),"potenciómetro, 5 revoluciones",,,,,,product_name;sensor_principle;detection_principle;light_spot;output_function;adjustment
1028147,WL4-3P2230,W4-3,WL4-3,product,Fotocelulas (Photoelectric sensors),B,B-27,26,1,,barrera fotoeléctrica de reflexión,,10,4500,,,,,,,,,,PNP,Conmutación en claro/oscuro,Conector macho M8 de 4 polos,,barrera fotoeléctrica de reflexión,lente doble,Luz roja visible,"Ø 75 mm (1,5 m)",,,,,,,product_name;sensor_principle;detection_principle;light_spot
1028148,WL4-3N1330,W4-3,WL4-3,product,Fotocelulas (Photoelectric sensors),B,B-27,26,1,,barrera fotoeléctrica de reflexión,,10,4500,,,,,,,,,,NPN,Conmutación en claro,"Cable de 3 hilos, 2 m, PVC",,barrera fotoeléctrica de reflexión,lente doble,Luz roja visible,"Ø 75 mm (1,5 m)",,,,,,,product_name;sensor_principle;detection_principle;light_spot
1028155,WL4-3F2130,W4-3,WL4-3,product,Fotocelulas (Photoelectric sensors),B,B-27,26,1,,barrera fotoeléctrica de reflexión,,10,4500,,,,,,,,,,PNP,Conmutación en oscuro,Conector macho M8 de 3 polos,,barrera fotoeléctrica de reflexión,lente doble,Luz roja visible,"Ø 75 mm (1,5 m)",,,,,,,product_name;sensor_principle;detection_principle;light_spot
1028156,WL4-3E1330,W4-3,WL4-3,product,Fotocelulas (Photoelectric sensors),B,B-27,26,1,,barrera fotoeléctrica de reflexión,,10,4500,,,,,,,,,,NPN,Conmutación en oscuro,"Cable de 3 hilos, 2 m, PVC",,barrera fotoeléctrica de reflexión,lente doble,Luz roja visible,"Ø 75 mm (1,5 m)",,,,,,,product_name;sensor_principle;detection_principle;light_spot
1028160,WSE4-3P2230,W4-3,WSE4-3,product,Fotocelulas (Photoelectric sensors),B,B-27,26,1,,barrera emisor-receptor,,0,4000,,,,,,,,,,PNP,Conmutación en claro/oscuro,Conector macho M8 de 4 polos,,barrera emisor-receptor,,Luz roja visible,Ø 210 mm (2 m),–,,,,,,product_name;sensor_principle;light_spot;output_function
1028163,WSE4-3P2130,W4-3,WSE4-3,product,Fotocelulas (Photoelectric sensors),B,B-27,26,1,,barrera emisor-receptor,,0,4000,,,,,,,,,,PNP,Conmutación en claro,Conector macho M8 de 3 polos,,barrera emisor-receptor,,Luz roja visible,Ø 210 mm (2 m),–,,,,,,product_name;sensor_principle;light_spot;output_function
1028170,WSE4-3F3130,W4-3,WSE4-3,product,Fotocelulas (Photoelectric sensors),B,B-27,26,1,,barrera emisor-receptor,,0,4000,,,,,,,,,,PNP,Conmutación en oscuro,"Cable con conector macho M8 de 3 polos, 100 mm, PVC",,barrera emisor-receptor,,Luz roja visible,Ø 210 mm (2 m),–,,,,,,product_name;sensor_principle;light_spot;output_function
1028172,WSE4-3E1330,W4-3,WSE4-3,product,Fotocelulas (Photoelectric sensors),B,B-27,26,1,,barrera emisor-receptor,,0,4000,,,,,,,,,,NPN,Conmutación en oscuro,"Cable de 3 hilos, 2 m, PVC",,barrera emisor-receptor,,Luz roja visible,Ø 210 mm (2 m),–,,,,,,product_name;sensor_principle;light_spot;output_function
1029898,WSE4-3P3131,W4-3,WSE4-3,product,Fotocelulas (Photoelectric sensors),B,B-27,26,1,,barrera emisor-receptor,,0,4000,,,,,,,,,,PNP,Conmutación en oscuro,"Cable con conector macho M8 de 3 polos, 100 mm, PVC",,barrera emisor-receptor,,Luz roja visible,Ø 210 mm (2 m),"Potenciómetro, 5 revoluciones",,,,,,product_name;sensor_principle;light_spot;output_function
1044347,WL4-3P3430,W4-3,WL4-3,product,Fotocelulas (Photoelectric sensors),B,B-27,26,1,,barrera fotoeléctrica de reflexión,,10,4500,,,,,,,,,,PNP,Conmutación en claro,"Cable con conector macho M12 de 4 polos, 150 mm, PVC",,barrera fotoeléctrica de reflexión,lente doble,Luz roja visible,"Ø 75 mm (1,5 m)",,,,,,,product_name;sensor_principle;detection_principle;light_spot
1003621,PL22-2,W4-3,,accessory,Fotocelulas (Photoelectric sensors),B,B-28,27,1,,,,,,,,,,,,,,,,,,,,,,,,,,,"Redondo, autoadhesivo, PMMA/ABS","{""Reflectores"": ""Redondo, autoadhesivo, PMMA/ABS""}",
1012720,PL40A,W4-3,,accessory,Fotocelulas (Photoelectric sensors),B,B-28,27,8,B-22;B-48;B-51;B-55;B-58;B-64;B-69,,,,,,,,,,,,,,,,,,,,,,,,,,"Rectangular, atornillable, 37 mm x 56 mm, PMMA/ABS, atornillable, fijación de 2 orificios","{""Reflectores"": ""Rectangular, atornillable, 37 mm x 56 mm, PMMA/ABS, atornillable, fijación de 2 orificios""}",
2051497,BEF-SW-W4S,W4-3,,accessory,Fotocelulas (Photoelectric sensors),B,B-28,27,3,B-19;B-36,,,,,,,,,,,,,,,,,,,,,,,,,,"Escuadra de protección para montaje en suelo, acero inoxidable 1.4571, con material de fijación","{""Protección del dispositivo (mecánica)"": ""Escuadra de protección para montaje en suelo, acero inoxidable 1.4571, con material de fijación""}",
2051607,BEF-KHS-N08,W4-3,,accessory,Fotocelulas (Photoelectric sensors),B,B-28,27,7,B-19;B-36;B-48;G-139;G-144;G-145,,,,,,,,,,,,,,,,,,,,,,,,,,"Placa N08 para soporte de fijación universal, acero galvanizado (placa), fundición de cinc (soporte de fijación), soporte de fijación universal, material de fijación","{""Sistemas de fijación universales"": ""Placa N08 para soporte de fijación universal, acero galvanizado (placa), fundición de cinc (soporte de fijación), soporte de fijación universal, material de fijación""}",
4051185,REF-PLUS-50-K,W4-3,,accessory,Fotocelulas (Photoelectric sensors),B,B-28,27,1,,,,,,,,,,,,,,,,,,,,,,,,,,,"Autoadhesivo, longitud configurable a partir de rollo, 5 cm x 22,8 m","{""Reflectores"": ""Autoadhesivo, longitud configurable a partir de rollo, 5 cm x 22,8 m""}",
5308843,P250F,W4-3,,accessory,Fotocelulas (Photoelectric sensors),B,B-28,27,2,B-60,,,,,,,,,,,,,,,,,,,,,,,,,,"Triple de precisión, atornillable, apto para sensores láser, 47 mm x 47 mm, PMMA/ABS, atornillable, fijación de 2 orificios","{""Reflectores"": ""Triple de precisión, atornillable, apto para sensores láser, 47 mm x 47 mm, PMMA/ABS, atornillable, fijación de 2 orificios""}",
5308844,PL20F,W4-3,,accessory,Fotocelulas (Photoelectric sensors),B,B-28,27,2,B-60,,,,,,,,,,,,,,,,,,,,,,,,,,"Triple de precisión, atornillable, apto para sensores láser, 38 mm x 16 mm, PMMA/ABS, atornillable, fijación de 2 orificios","{""Reflectores"": ""Triple de precisión, atornillable, apto para sensores láser, 38 mm x 16 mm, PMMA/ABS, atornillable, fijación de 2 orificios""}",
5311210,PL10F,W4-3,,accessory,Fotocelulas (Photoelectric sensors),B,B-28,27,3,B-39;B-60,,,,,,,,,,,,,,,,,,,,,,,,,,"Triple de precisión, atornillable, apto para sensores láser, 18 mm x 18 mm, PMMA/ABS, atornillable, fijación de 2 orificios","{""Reflectores"": ""Triple de precisión, atornillable, apto para sensores láser, 18 mm x 18 mm, PMMA/ABS, atornillable, fijación de 2 orificios""}",
1046396,WTB4S-3P2232V,W4S-3 Inox,WTB4S-3V,product,Fotocelulas (Photoelectric sensors),B,B-29,28,1,,"Fotocélula de detección sobre objeto, supresión del fondo",www.mysick.com/es/W4S-3_Inox,4,120,,,,,,,,,,PNP,Conmutación en claro,Conector macho M8 de 4 polos,,fotocélula de detección sobre objeto,supresión del fondo,,"Ø 2,5 mm (50 mm)",Teach-in,,,,,,sensor_principle;detection_principle
1046398,WTB4S-3P3232V,W4S-3 Inox,WTB4S-3V,product,Fotocelulas (Photoelectric sensors),B,B-29,28,1,,"Fotocélula de detección sobre objeto, supresión del fondo",www.mysick.com/es/W4S-3_Inox,4,120,,,,,,,,,,PNP,Conmutación en claro/oscuro,"Cable con conector macho M8 de 4 polos, 150 mm, PVC",,fotocélula de detección sobre objeto,supresión del fondo,,"Ø 2,5 mm (50 mm)",Teach-in,,,,,,sensor_principle;detection_principle
1046399,WTB4S-3P3432V,W4S-3 Inox,WTB4S-3V,product,Fotocelulas (Photoelectric sensors),B,B-29,28,1,,"Fotocélula de detección sobre objeto, supresión del fondo",www.mysick.com/es/W4S-3_Inox,4,120,,,,,,,,,,PNP,Conmutación en claro/oscuro,"Cable con conector macho M12 de 4 polos, 150 mm, PVC",,fotocélula de detección sobre objeto,supresión del fondo,,"Ø 2,5 mm (50 mm)",Teach-in,,,,,,sensor_principle;detection_principle
1054672,WTB4S-3P2432V,W4S-3 Inox,WTB4S-3V,product,Fotocelulas (Photoelectric sensors),B,B-29,28,1,,"Fotocélula de detección sobre objeto, supresión del fondo",www.mysick.com/es/W4S-3_Inox,4,120,,,,,,,,,,PNP,Conmutación en claro,Conector macho M12 de 4 polos,,fotocélula de detección sobre objeto,supresión del fondo,,"Ø 2,5 mm (50 mm)",Teach-in,,,,,,sensor_principle;detection_principle
1046383,WTB4S-3P2262V,W4S-3,WTB4S,product,Fotocelulas (Photoelectric sensors),B,B-30,29,1,,,,4,500,,,,,,,,,,PNP,Conmutación en claro/oscuro,Conector macho M8 de 4 polos,,,,,"Ø 6,5 mm (150 mm)",Teach-in,,,,,,
1046384,WTB4S-3P2162V,W4S-3,WTB4S,product,Fotocelulas (Photoelectric sensors),B,B-30,29,1,,,,4,500,,,,,,,,,,PNP,Conmutación en claro,Conector macho M8 de 3 polos,,,,,"Ø 6,5 mm (150 mm)",Teach-in,,,,,,
1046385,WTB4S-3P3262V,W4S-3,WTB4S,product,Fotocelulas (Photoelectric sensors),B,B-30,29,1,,,,4,500,,,,,,,,,,PNP,Conmutación en claro/oscuro,"Cable con conector macho M8 de 4 polos, 150 mm, PVC",,,,,"Ø 6,5 mm (150 mm)",Teach-in,,,,,,
1046388,WTB4S-3P1162V,W4S-3,WTB4S,product,Fotocelulas (Photoelectric sensors),B,B-30,29,1,,,,4,500,,,,,,,,,,PNP,Conmutación en claro/oscuro,"Cable de 4 hilos, 2 m, PVC",,,,,"Ø 6,5 mm (150 mm)",Teach-in,,,,,,
1046389,WTB4S-3F2162V,W4S-3,WTB4S,product,Fotocelulas (Photoelectric sensors),B,B-30,29,1,,,,4,500,,,,,,,,,,PNP,Conmutación en oscuro,Conector macho M8 de 3 polos,,,,,"Ø 6,5 mm (150 mm)",Teach-in,,,,,,
1046390,WTB4S-3F3162V,W4S-3,WTB4S,product,Fotocelulas (Photoelectric sensors),B,B-30,29,1,,,,4,500,,,,,,,,,,PNP,Conmutación en oscuro,"Cable con conector macho M8 de 3 polos, 150 mm, PVC",,,,,"Ø 6,5 mm (150 mm)",Teach-in,,,,,,
1046391,WTB4S-3N1162V,W4S-3,WTB4S,product,Fotocelulas (Photoelectric sensors),B,B-30,29,1,,,,4,500,,,,,,,,,,NPN,Conmutación en claro/oscuro,"Cable de 4 hilos, 2 m, PVC",,,,,"Ø 6,5 mm (150 mm)",Teach-in,,,,,,output_function
1046392,WTB4S-3N2162V,W4S-3,WTB4S,product,Fotocelulas (Photoelectric sensors),B,B-30,29,1,,,,4,500,,,,,,,,,,NPN,Conmutación en claro,Conector macho M8 de 3 polos,,,,,"Ø 6,5 mm (150 mm)",Teach-in,,,,,,output_function
1046393,WTB4S-3N1362V,W4S-3,WTB4S,product,Fotocelulas (Photoelectric sensors),B,B-30,29,1,,,,4,500,,,,,,,,,,NPN,Conmutación en claro,"Cable de 3 hilos, 2 m, PVC",,,,,"Ø 6,5 mm (150 mm)",Teach-in,,,,,,output_function;adjustment
1046410,WTF4S-3P2262V,W4S-3,WTF4S,product,Fotocelulas (Photoelectric sensors),B,B-30,29,1,,Detección de objetos transparentes,,20,200,,,,,,,,,,PNP,Conmutación en claro/oscuro,Conector macho M8 de 4 polos,,fotocélula de detección sobre objeto,supresión del primer plano,,"Ø 6,5 mm (150 mm)",Teach-in,,,,,,product_name
1047620,WTB4S-3N2265V,W4S-3,WTB4S,product,Fotocelulas (Photoelectric sensors),B,B-30,29,1,,,,4,500,,,,,,,,,,NPN,Conmutación en claro,Conector macho M8 de 4 polos,,,,,"Ø 6,5 mm (150 mm)",Cable,,,,,,output_function
1048015,WTB4S-3P3464V,W4S-3,WTB4S,product,Fotocelulas (Photoelectric sensors),B,B-30,29,1,,,,4,500,,,,,,,,,,PNP,Conmutación en claro,"Cable con conector macho M12 de 4 polos, 150 mm, PVC",,,,,"Ø 6,5 mm (150 mm)","Cable, teach-in",,,,,,
1054675,WTB4S-3P2462V,W4S-3,WTB4S,product,Fotocelulas (Photoelectric sensors),B,B-30,29,1,,,,4,500,,,,,,,,,,PNP,Conmutación en claro/oscuro,Conector macho M12 de 4 polos,,,,,"Ø 6,5 mm (150 mm)",Teach-in,,,,,,
1054703,WTB4S-3N2462V,W4S-3,WTB4S,product,Fotocelulas (Photoelectric sensors),B,B-30,29,1,,,,4,500,,,,,,,,,,NPN,Conmutación en claro/oscuro,Conector macho M12 de 4 polos,,,,,"Ø 6,5 mm (150 mm)",Teach-in,,,,,,output_function
1045095,WL4S-3P2230V,W4S-3,WL4S-3,product,Fotocelulas (Photoelectric sensors),B,B-31,30,1,,"Barrera fotoeléctrica de reflexión, autocolimación",,0,4000,,,,,,,,,,PNP,Conmutación en claro/oscuro,Conector macho M8 de 4 polos,,barrera fotoeléctrica de reflexión,autocolimación,,"Ø 45 mm (1,5 m)",,,,,,,product_name
1045099,WSE4S-3F2130V,W4S-3,WSE4S-3,product,Fotocelulas (Photoelectric sensors),B,B-31,30,1,,Barrera emisor-receptor,,0,5000,,,,,,,,,,PNP,Conmutación en claro,Conector macho M8 de 3 polos,,barrera emisor-receptor,,,Ø 50 mm (2 m),,,,,,,product_name;output_function
1046415,WL4S-3P3430V,W4S-3,WL4S-3,product,Fotocelulas (Photoelectric sensors),B,B-31,30,1,,"Barrera fotoeléctrica de reflexión, autocolimación",,0,4000,,,,,,,,,,PNP,Conmutación en claro/oscuro,"Cable con conector macho M12 de 4 polos, 150 mm, PVC",,barrera fotoeléctrica de reflexión,autocolimación,,"Ø 45 mm (1,5 m)",,,,,,,product_name
1046418,WL4S-3N1130V,W4S-3,WL4S-3,product,Fotocelulas (Photoelectric sensors),B,B-31,30,1,,"Barrera fotoeléctrica de reflexión, autocolimación",,0,4000,,,,,,,,,,NPN,Conmutación en claro/oscuro,"Cable de 4 hilos, 2 m, PVC",,barrera fotoeléctrica de reflexión,autocolimación,,"Ø 45 mm (1,5 m)",,,,,,,product_name
1046420,WL4S-3E1330V,W4S-3,WL4S-3,product,Fotocelulas (Photoelectric sensors),B,B-31,30,1,,"Barrera fotoeléctrica de reflexión, autocolimación",,0,4000,,,,,,,,,,NPN,Conmutación en oscuro,"Cable de 3 hilos, 2 m, PVC",,barrera fotoeléctrica de reflexión,autocolimación,,"Ø 45 mm (1,5 m)",,,,,,,product_name
1046422,WL4S-3V2232V,W4S-3,WL4S-3,product,Fotocelulas (Photoelectric sensors),B,B-31,30,1,,"Barrera fotoeléctrica de reflexión, autocolimación, salida de alarma",,0,5000,,,,,,,,,,PNP,Conmutación en oscuro,Conector macho M8 de 4 polos,,barrera fotoeléctrica de reflexión,autocolimación,,"Ø 45 mm (1,5 m)",Teach-in,,,,,"{""Salida de alarma"": ""salida de alarma""}",product_name;other_specs
1046426,WL4S-3P3432V,W4S-3,WL4S-3,product,Fotocelulas (Photoelectric sensors),B,B-31,30,1,,"Barrera fotoeléctrica de reflexión, autocolimación",,0,5000,,,,,,,,,,PNP,Conmutación en claro/oscuro,"Cable con conector macho M12 de 4 polos, 150 mm, PVC",,barrera fotoeléctrica de reflexión,autocolimación,,"Ø 45 mm (1,5 m)",Teach-in,,,,,,product_name
1046439,WSE4S-3P2130V,W4S-3,WSE4S-3,product,Fotocelulas (Photoelectric sensors),B,B-31,30,1,,Barrera emisor-receptor,,0,5000,,,,,,,,,,PNP,Conmutación en claro,Conector macho M8 de 3 polos,,barrera emisor-receptor,,,Ø 50 mm (2 m),,,,,,,product_name
1047629,WSE4S-3N2130V,W4S-3,WSE4S-3,product,Fotocelulas (Photoelectric sensors),B,B-31,30,1,,Barrera emisor-receptor,,0,5000,,,,,,,,,,NPN,Conmutación en claro,Conector macho M8 de 3 polos,,barrera emisor-receptor,,,Ø 50 mm (2 m),,,,,,,product_name
1048028,WSE4S-3F3430V,W4S-3,WSE4S-3,product,Fotocelulas (Photoelectric sensors),B,B-31,30,1,,Barrera emisor-receptor,,0,5000,,,,,,,,,,PNP,Conmutación en oscuro,"Cable con conector macho M12 de 4 polos, 150 mm, PVC",,barrera emisor-receptor,,,Ø 50 mm (2 m),,,,,,,product_name
1054707,WL4S-3P2430V,W4S-3,WL4S-3,product,Fotocelulas (Photoelectric sensors),B,B-31,30,1,,"Barrera fotoeléctrica de reflexión, autocolimación",,0,4000,,,,,,,,,,PNP,Conmutación en claro/oscuro,"Conector macho M12 de 4 polos, 150 mm, PVC",,barrera fotoeléctrica de reflexión,autocolimación,,"Ø 45 mm (1,5 m)",,,,,,,product_name
1054715,WL4S-3P2432V,W4S-3,WL4S-3,product,Fotocelulas (Photoelectric sensors),B,B-31,30,1,,"Barrera fotoeléctrica de reflexión, autocolimación",,0,5000,,,,,,,,,,PNP,Conmutación en claro/oscuro,"Conector macho M12 de 4 polos, PVC",,barrera fotoeléctrica de reflexión,autocolimación,,"Ø 45 mm (1,5 m)",Teach-in,,,,,,product_name
1054722,WL4S-3N2432V,W4S-3,WL4S-3,product,Fotocelulas (Photoelectric sensors),B,B-31,30,1,,"Barrera fotoeléctrica de reflexión, autocolimación",,0,5000,,,,,,,,,,NPN,Conmutación en claro/oscuro,"Conector macho M12 de 4 polos, PVC",,barrera fotoeléctrica de reflexión,autocolimación,,"Ø 45 mm (1,5 m)",Teach-in,,,,,,product_name
1054784,WSE4S-3P2430V,W4S-3,WSE4S-3,product,Fotocelulas (Photoelectric sensors),B,B-31,30,1,,Barrera emisor-receptor,,0,5000,,,,,,,,,,PNP,Conmutación en claro/oscuro,Conector macho M12 de 4 polos,,barrera emisor-receptor,,,Ø 50 mm (2 m),,,,,,,product_name
2051616,BEF-KHS-N08N,W4S-3,,accessory,Fotocelulas (Photoelectric sensors),B,B-32,31,2,B-39,,,,,,,,,,,,,,,,,,,,,,,,,,"Placa N08N para soporte de fijación universal, acero inoxidable 1.4571 (placa), acero inoxidable 1.4408 (soporte de fijación), soporte de fijación universal, material de fijación",,
2051628,BEF-W4-A,W4S-3,,accessory,Fotocelulas (Photoelectric sensors),B,B-32,31,2,H-169,,,,,,,,,,,,,,,,,,,,,,,,,,"Escuadra de fijación para montaje en pared, acero inoxidable 1.4571, con material de fijación",,
2063403,PLH25-M12,W4S-3,,accessory,Fotocelulas (Photoelectric sensors),B,B-32,31,2,B-39,,,,,,,,,,,,,,,,,,,,,,,IP 69K,,,"Reflector de acero inoxidable, diseño higiénico, resistente a productos químicos, grado de protección IP 69K, rosca adaptadora M12, 25 mm x 25 mm, acero inoxidable V4A (1.4404, 316L), rosca adaptadora M12",,
2063404,PLH25-D12,W4S-3,,accessory,Fotocelulas (Photoelectric sensors),B,B-32,31,2,B-39,,,,,,,,,,,,,,,,,,,,,,,IP 69K,,,"Reflector de acero inoxidable, diseño higiénico, resistente a productos químicos, grado de protección IP 69K, vástago adaptador D12, 25 mm x 25 mm, acero inoxidable V4A (1.4404, 316L), vástago adaptador D12",,
2063405,PLV14-A,W4S-3,,accessory,Fotocelulas (Photoelectric sensors),B,B-32,31,2,B-39,,,,,,,,,,,,,,,,,,,,,,,IP 69K,,,"Reflector de acero inoxidable, diseño apto para lavado a alta presión, resistente a productos químicos, grado de protección IP 69K, atornillable, 14 mm x 14 mm, acero inoxidable V4A (1.4404, 316L), atornillable, fijación de 2 orificios",,
4058915,BEF-MS12G-NB,W4S-3,,accessory,Fotocelulas (Photoelectric sensors),B,B-32,31,2,B-34,,,,,,,,,,,,,,,,,,,,,,,,,,"Barra de montaje, recta, 300 mm, acero inoxidable (1.4571)",,
4065853,BEF-MR18G-NA,W4S-3,,accessory,Fotocelulas (Photoelectric sensors),B,B-32,31,1,,,,,,,,,,,,,,,,,,,,,,,,,,,Diámetro 18 mm x 100 mm para W4S-3 INOX Hygiene. Integración higiénica sin orificios y escuadra de fijación. Cable integrado en el tubo.,,
5321089,PL20 CHEM,W4S-3,,accessory,Fotocelulas (Photoelectric sensors),B,B-32,31,2,B-39,,,,,,,,,,,,,,,,,,,,,,,,,,"Resistente a productos químicos, atornillable, 38 mm x 15 mm, plástico, atornillable, fijación de 2 orificios",,
5321097,P250 CHEM,W4S-3,,accessory,Fotocelulas (Photoelectric sensors),B,B-32,31,2,B-39,,,,,,,,,,,,,,,,,,,,,,,,,,"Resistente a productos químicos, atornillable, 47 mm x 47 mm, plástico, atornillable, fijación de 2 orificios",,
5321636,PL10F CHEM,W4S-3,,accessory,Fotocelulas (Photoelectric sensors),B,B-32,31,1,,,,,,,,,,,,,,,,,,,,,,,,,,,"Triple de precisión, resistente a productos químicos, atornillable, 18 mm x 18 mm, plástico, atornillable, fijación de 2 orificios",,
5321878,BEF-RMC-D12,W4S-3,,accessory,Fotocelulas (Photoelectric sensors),B,B-32,31,3,B-34;B-39,,,,,,,,,,,,,,,,,,,,,,,,,,"Soporte de fijación para barras con un diámetro de 12 mm (fijación de la barra de montaje), aluminio, 2 tornillos M6 x 30, 2 arandelas elásticas",,
6033204,WTB8-N1131,W8,WTB8,product,Fotocelulas (Photoelectric sensors),B,B-33,32,1,,fotocélula de detección sobre objeto,www.mysick.com/es/W8,30,300,,,,,2000,,,,,NPN,conmutación en claro/oscuro,"Cable de 3 hilos, 2 m, PVC",,fotocélula de detección sobre objeto,supresión del fondo,,,"potenciómetro, 4 revoluciones",,,,,,switching_frequency_hz;product_name
6033205,WTB8-P1131,W8,WTB8,product,Fotocelulas (Photoelectric sensors),B,B-33,32,1,,fotocélula de detección sobre objeto,www.mysick.com/es/W8,30,300,,,,,2000,,,,,PNP,conmutación en claro/oscuro,"Cable de 3 hilos, 2 m, PVC",,fotocélula de detección sobre objeto,supresión del fondo,,,"potenciómetro, 4 revoluciones",,,,,,switching_frequency_hz;product_name
6033206,WTB8-N2131,W8,WTB8,product,Fotocelulas (Photoelectric sensors),B,B-33,32,1,,fotocélula de detección sobre objeto,www.mysick.com/es/W8,30,300,,,,,2000,,,,,NPN,conmutación en claro/oscuro,Conector macho M8 de 3 polos,,fotocélula de detección sobre objeto,supresión del fondo,,,"potenciómetro, 4 revoluciones",,,,,,switching_frequency_hz;product_name
6033207,WTB8-P2131,W8,WTB8,product,Fotocelulas (Photoelectric sensors),B,B-33,32,1,,fotocélula de detección sobre objeto,www.mysick.com/es/W8,30,300,,,,,2000,,,,,PNP,conmutación en claro/oscuro,Conector macho M8 de 3 polos,,fotocélula de detección sobre objeto,supresión del fondo,,,"potenciómetro, 4 revoluciones",,,,,,switching_frequency_hz;product_name
6033208,WTB8-N2231,W8,WTB8,product,Fotocelulas (Photoelectric sensors),B,B-33,32,1,,fotocélula de detección sobre objeto,www.mysick.com/es/W8,30,300,,,,,2000,,,,,NPN,conmutación en claro/oscuro,Conector macho M8 de 4 polos,,fotocélula de detección sobre objeto,supresión del fondo,,,"potenciómetro, 4 revoluciones",,,,,,switching_frequency_hz;product_name
6033209,WTB8-P2231,W8,WTB8,product,Fotocelulas (Photoelectric sensors),B,B-33,32,1,,fotocélula de detección sobre objeto,www.mysick.com/es/W8,30,300,,,,,2000,,,,,PNP,conmutación en claro/oscuro,Conector macho M8 de 4 polos,,fotocélula de detección sobre objeto,supresión del fondo,,,"potenciómetro, 4 revoluciones",,,,,,switching_frequency_hz;product_name
6033210,WTB8-N1111,W8,WTB8,product,Fotocelulas (Photoelectric sensors),B,B-33,32,1,,fotocélula de detección sobre objeto,www.mysick.com/es/W8,5,100,,,,,2000,,,,,NPN,conmutación en claro/oscuro,"Cable de 3 hilos, 2 m, PVC",,fotocélula de detección sobre objeto,supresión del fondo,,,"potenciómetro, 4 revoluciones",,,,,,switching_frequency_hz;product_name
6033211,WTB8-P1111,W8,WTB8,product,Fotocelulas (Photoelectric sensors),B,B-33,32,1,,fotocélula de detección sobre objeto,www.mysick.com/es/W8,5,100,,,,,2000,,,,,PNP,conmutación en claro/oscuro,"Cable de 3 hilos, 2 m, PVC",,fotocélula de detección sobre objeto,supresión del fondo,,,"potenciómetro, 4 revoluciones",,,,,,switching_frequency_hz;product_name
6033212,WTB8-N2111,W8,WTB8,product,Fotocelulas (Photoelectric sensors),B,B-33,32,1,,fotocélula de detección sobre objeto,www.mysick.com/es/W8,5,100,,,,,2000,,,,,NPN,conmutación en claro/oscuro,Conector macho M8 de 3 polos,,fotocélula de detección sobre objeto,supresión del fondo,,,"potenciómetro, 4 revoluciones",,,,,,switching_frequency_hz;product_name
6033213,WTB8-P2111,W8,WTB8,product,Fotocelulas (Photoelectric sensors),B,B-33,32,1,,fotocélula de detección sobre objeto,www.mysick.com/es/W8,5,100,,,,,2000,,,,,PNP,conmutación en claro/oscuro,Conector macho M8 de 3 polos,,fotocélula de detección sobre objeto,supresión del fondo,,,"potenciómetro, 4 revoluciones",,,,,,switching_frequency_hz;product_name
6033214,WTB8-N2211,W8,WTB8,product,Fotocelulas (Photoelectric sensors),B,B-33,32,1,,fotocélula de detección sobre objeto,www.mysick.com/es/W8,5,100,,,,,2000,,,,,NPN,conmutación en claro/oscuro,Conector macho M8 de 4 polos,,fotocélula de detección sobre objeto,supresión del fondo,,,"potenciómetro, 4 revoluciones",,,,,,switching_frequency_hz;product_name
6033215,WTB8-P2211,W8,WTB8,product,Fotocelulas (Photoelectric sensors),B,B-33,32,1,,fotocélula de detección sobre objeto,www.mysick.com/es/W8,5,100,,,,,2000,,,,,PNP,conmutación en claro/oscuro,Conector macho M8 de 4 polos,,fotocélula de detección sobre objeto,supresión del fondo,,,"potenciómetro, 4 revoluciones",,,,,,switching_frequency_hz;product_name
4056054,BEF-MS12G-A,W8,,accessory,Fotocelulas (Photoelectric sensors),B,B-34,33,1,,,,,,,,,,,,,,,,,,,,,,,,,,,"Barra de montaje recta, 200 mm, acero galvanizado, sin material de fijación",,
6033176,WL8-N1131,W8,WL8,product,Fotocelulas (Photoelectric sensors),B,B-34,33,1,,"barrera fotoeléctrica de reflexión, autocolimación",,0,4000,,,,,,,,,,NPN,conmutación en claro/oscuro,"Cable de 3 hilos, 2 m, PVC",,barrera fotoeléctrica de reflexión,autocolimación,,,"potenciómetro, 270°",,,,,,product_name
6033177,WL8-P1131,W8,WL8,product,Fotocelulas (Photoelectric sensors),B,B-34,33,1,,"barrera fotoeléctrica de reflexión, autocolimación",,0,4000,,,,,,,,,,PNP,conmutación en claro/oscuro,"Cable de 3 hilos, 2 m, PVC",,barrera fotoeléctrica de reflexión,autocolimación,,,"potenciómetro, 270°",,,,,,product_name
6033179,WL8-N2131,W8,WL8,product,Fotocelulas (Photoelectric sensors),B,B-34,33,1,,"barrera fotoeléctrica de reflexión, autocolimación",,0,4000,,,,,,,,,,NPN,conmutación en claro/oscuro,Conector macho M8 de 3 polos,,barrera fotoeléctrica de reflexión,autocolimación,,,"potenciómetro, 270°",,,,,,product_name
6033180,WL8-P2131,W8,WL8,product,Fotocelulas (Photoelectric sensors),B,B-34,33,1,,"barrera fotoeléctrica de reflexión, autocolimación",,0,4000,,,,,,,,,,PNP,conmutación en claro/oscuro,Conector macho M8 de 3 polos,,barrera fotoeléctrica de reflexión,autocolimación,,,"potenciómetro, 270°",,,,,,product_name
6033181,WL8-N2231,W8,WL8,product,Fotocelulas (Photoelectric sensors),B,B-34,33,1,,"barrera fotoeléctrica de reflexión, autocolimación",,0,4000,,,,,,,,,,NPN,conmutación en claro/oscuro,Conector macho M8 de 4 polos,,barrera fotoeléctrica de reflexión,autocolimación,,,"potenciómetro, 270°",,,,,,product_name
6033182,WL8-P2231,W8,WL8,product,Fotocelulas (Photoelectric sensors),B,B-34,33,1,,"barrera fotoeléctrica de reflexión, autocolimación",,0,4000,,,,,,,,,,PNP,conmutación en claro/oscuro,Conector macho M8 de 4 polos,,barrera fotoeléctrica de reflexión,autocolimación,,,"potenciómetro, 270°",,,,,,product_name
6035578,WSE8-N1131,W8,WSE8,product,Fotocelulas (Photoelectric sensors),B,B-34,33,1,,barrera emisor-receptor,,0,10000,,,,,,,,,,NPN,conmutación en claro/oscuro,"Cable de 3 hilos, 2 m, PVC",,barrera emisor-receptor,,,,"potenciómetro, 270°",,,,,,product_name
6035579,WSE8-N2131,W8,WSE8,product,Fotocelulas (Photoelectric sensors),B,B-34,33,1,,barrera emisor-receptor,,0,10000,,,,,,,,,,NPN,conmutación en claro/oscuro,Conector macho M8 de 3 polos,,barrera emisor-receptor,,,,"potenciómetro, 270°",,,,,,product_name
6035580,WSE8-N2231,W8,WSE8,product,Fotocelulas (Photoelectric sensors),B,B-34,33,1,,barrera emisor-receptor,,0,10000,,,,,,,,,,NPN,conmutación en claro/oscuro,Conector macho M8 de 4 polos,,barrera emisor-receptor,,,,"potenciómetro, 270°",,,,,,product_name
6035581,WSE8-P1131,W8,WSE8,product,Fotocelulas (Photoelectric sensors),B,B-34,33,1,,barrera emisor-receptor,,0,10000,,,,,,,,,,PNP,conmutación en claro/oscuro,"Cable de 3 hilos, 2 m, PVC",,barrera emisor-receptor,,,,"potenciómetro, 270°",,,,,,product_name
6035582,WSE8-P2131,W8,WSE8,product,Fotocelulas (Photoelectric sensors),B,B-34,33,1,,barrera emisor-receptor,,0,10000,,,,,,,,,,PNP,conmutación en claro/oscuro,Conector macho M8 de 3 polos,,barrera emisor-receptor,,,,"potenciómetro, 270°",,,,,,product_name
6035583,WSE8-P2231,W8,WSE8,product,Fotocelulas (Photoelectric sensors),B,B-34,33,1,,barrera emisor-receptor,,0,10000,,,,,,,,,,PNP,conmutación en claro/oscuro,Conector macho M8 de 4 polos,,barrera emisor-receptor,,,,"potenciómetro, 270°",,,,,,product_name
6033216,WTB8L-N1131,W8 Laser,WTB8L,product,Fotocelulas (Photoelectric sensors),B,B-35,34,1,,fotocélula de detección sobre objeto,www.mysick.com/es/W8_Laser,30,300,,,,,2000,,,,,NPN,conmutación en claro/oscuro,"Cable de 4 hilos, 2 m, PVC",,fotocélula de detección sobre objeto,supresión del fondo,,,"potenciómetro, 4 revoluciones",,,,,"{""Clase de láser"": ""1""}",product_name;switching_frequency_hz;other_specs
6033217,WTB8L-P1131,W8 Laser,WTB8L,product,Fotocelulas (Photoelectric sensors),B,B-35,34,1,,fotocélula de detección sobre objeto,www.mysick.com/es/W8_Laser,30,300,,,,,2000,,,,,PNP,conmutación en claro/oscuro,"Cable de 4 hilos, 2 m, PVC",,fotocélula de detección sobre objeto,supresión del fondo,,,"potenciómetro, 4 revoluciones",,,,,"{""Clase de láser"": ""1""}",product_name;switching_frequency_hz;other_specs
6033218,WTB8L-N2131,W8 Laser,WTB8L,product,Fotocelulas (Photoelectric sensors),B,B-35,34,1,,fotocélula de detección sobre objeto,www.mysick.com/es/W8_Laser,30,300,,,,,2000,,,,,NPN,conmutación en claro/oscuro,Conector macho M8 de 3 polos,,fotocélula de detección sobre objeto,supresión del fondo,,,"potenciómetro, 4 revoluciones",,,,,"{""Clase de láser"": ""1""}",product_name;switching_frequency_hz;other_specs
6033219,WTB8L-P2131,W8 Laser,WTB8L,product,Fotocelulas (Photoelectric sensors),B,B-35,34,1,,fotocélula de detección sobre objeto,www.mysick.com/es/W8_Laser,30,300,,,,,2000,,,,,PNP,conmutación en claro/oscuro,Conector macho M8 de 3 polos,,fotocélula de detección sobre objeto,supresión del fondo,,,"potenciómetro, 4 revoluciones",,,,,"{""Clase de láser"": ""1""}",product_name;switching_frequency_hz;other_specs
6033220,WTB8L-N2231,W8 Laser,WTB8L,product,Fotocelulas (Photoelectric sensors),B,B-35,34,1,,fotocélula de detección sobre objeto,www.mysick.com/es/W8_Laser,30,300,,,,,2000,,,,,NPN,conmutación en claro/oscuro,Conector macho M8 de 4 polos,,fotocélula de detección sobre objeto,supresión del fondo,,,"potenciómetro, 4 revoluciones",,,,,"{""Clase de láser"": ""1""}",product_name;switching_frequency_hz;other_specs
6033221,WTB8L-P2231,W8 Laser,WTB8L,product,Fotocelulas (Photoelectric sensors),B,B-35,34,1,,fotocélula de detección sobre objeto,www.mysick.com/es/W8_Laser,30,300,,,,,2000,,,,,PNP,conmutación en claro/oscuro,Conector macho M8 de 4 polos,,fotocélula de detección sobre objeto,supresión del fondo,,,"potenciómetro, 4 revoluciones",,,,,"{""Clase de láser"": ""1""}",product_name;switching_frequency_hz;other_specs
6033222,WTB8L-N1111,W8 Laser,WTB8L,product,Fotocelulas (Photoelectric sensors),B,B-35,34,1,,fotocélula de detección sobre objeto,www.mysick.com/es/W8_Laser,5,100,,,,,2000,,,,,NPN,conmutación en claro/oscuro,"Cable de 4 hilos, 2 m, PVC",,fotocélula de detección sobre objeto,supresión del fondo,,,"potenciómetro, 4 revoluciones",,,,,"{""Clase de láser"": ""1""}",product_name;switching_frequency_hz;other_specs
6033223,WTB8L-P1111,W8 Laser,WTB8L,product,Fotocelulas (Photoelectric sensors),B,B-35,34,1,,fotocélula de detección sobre objeto,www.mysick.com/es/W8_Laser,5,100,,,,,2000,,,,,PNP,conmutación en claro/oscuro,"Cable de 4 hilos, 2 m, PVC",,fotocélula de detección sobre objeto,supresión del fondo,,,"potenciómetro, 4 revoluciones",,,,,"{""Clase de láser"": ""1""}",product_name;switching_frequency_hz;other_specs
6033224,WTB8L-N2111,W8 Laser,WTB8L,product,Fotocelulas (Photoelectric sensors),B,B-35,34,1,,fotocélula de detección sobre objeto,www.mysick.com/es/W8_Laser,5,100,,,,,2000,,,,,NPN,conmutación en claro/oscuro,Conector macho M8 de 3 polos,,fotocélula de detección sobre objeto,supresión del fondo,,,"potenciómetro, 4 revoluciones",,,,,"{""Clase de láser"": ""1""}",product_name;switching_frequency_hz;other_specs
6033225,WTB8L-P2111,W8 Laser,WTB8L,product,Fotocelulas (Photoelectric sensors),B,B-35,34,1,,fotocélula de detección sobre objeto,www.mysick.com/es/W8_Laser,5,100,,,,,2000,,,,,PNP,conmutación en claro/oscuro,Conector macho M8 de 3 polos,,fotocélula de detección sobre objeto,supresión del fondo,,,"potenciómetro, 4 revoluciones",,,,,"{""Clase de láser"": ""1""}",product_name;switching_frequency_hz;other_specs
6033226,WTB8L-N2211,W8 Laser,WTB8L,product,Fotocelulas (Photoelectric sensors),B,B-35,34,1,,fotocélula de detección sobre objeto,www.mysick.com/es/W8_Laser,5,100,,,,,2000,,,,,NPN,conmutación en claro/oscuro,Conector macho M8 de 4 polos,,fotocélula de detección sobre objeto,supresión del fondo,,,"potenciómetro, 4 revoluciones",,,,,"{""Clase de láser"": ""1""}",product_name;switching_frequency_hz;other_specs
6033227,WTB8L-P2211,W8 Laser,WTB8L,product,Fotocelulas (Photoelectric sensors),B,B-35,34,1,,fotocélula de detección sobre objeto,www.mysick.com/es/W8_Laser,5,100,,,,,2000,,,,,PNP,conmutación en claro/oscuro,Conector macho M8 de 4 polos,,fotocélula de detección sobre objeto,supresión del fondo,,,"potenciómetro, 4 revoluciones",,,,,"{""Clase de láser"": ""1""}",product_name;switching_frequency_hz;other_specs
6009870,DOL-0804-G02M,W8 Laser,,accessory,Fotocelulas (Photoelectric sensors),B,B-36,35,7,B-22;B-48;G-140;G-147;G-149;H-158,,,,,,,,,,,,,,,,"conector hembra M8 de 4 polos, recto",,,,,,,,,,"Cabezal A: conector hembra M8 de 4 polos, recto Cabezal B: cable Cable: PVC, sin apantallar, 2 m",,connection
6010785,DOL-0803-G02M,W8 Laser,,accessory,Fotocelulas (Photoelectric sensors),B,B-36,35,10,B-22;C-78;C-85;D-93;D-95;D-97;D-99;G-152;H-169,,,,,,,,,,,,,,,,"conector hembra M8 de 3 polos, recto",,,,,,,,,,"Cabezal A: conector hembra M8 de 3 polos, recto Cabezal B: cable Cable: PVC, sin apantallar, 2 m",,connection
6041453,WTB8-N1111V,W8 Inox,WTB8,product,Fotocelulas (Photoelectric sensors),B,B-37,36,1,,"Fotocélula de detección sobre objeto, supresión del fondo",www.mysick.com/es/W8_Inox,5,150,,,,,,,,,,NPN,conmutación en claro/oscuro,"Cable de 3 hilos, 2 m, PVC",,fotocélula de detección sobre objeto,supresión del fondo,,,"potenciómetro, 4 revoluciones",,,,,,product_name;output_function;sensor_principle;detection_principle;adjustment
6041455,WTB8-N2211V,W8 Inox,WTB8,product,Fotocelulas (Photoelectric sensors),B,B-37,36,1,,"Fotocélula de detección sobre objeto, supresión del fondo",www.mysick.com/es/W8_Inox,5,150,,,,,,,,,,NPN,conmutación en claro/oscuro,Conector macho M8 de 4 polos,,fotocélula de detección sobre objeto,supresión del fondo,,,"potenciómetro, 4 revoluciones",,,,,,product_name;output_function;sensor_principle;detection_principle;adjustment
6041456,WTB8-N3311V,W8 Inox,WTB8,product,Fotocelulas (Photoelectric sensors),B,B-37,36,1,,"Fotocélula de detección sobre objeto, supresión del fondo",www.mysick.com/es/W8_Inox,5,150,,,,,,,,,,NPN,conmutación en claro/oscuro,"Cable con conector macho M12 de 4 polos, 300 mm, PVC",,fotocélula de detección sobre objeto,supresión del fondo,,,"potenciómetro, 4 revoluciones",,,,,,product_name;output_function;sensor_principle;detection_principle;adjustment
6041457,WTB8-P1111V,W8 Inox,WTB8,product,Fotocelulas (Photoelectric sensors),B,B-37,36,1,,"Fotocélula de detección sobre objeto, supresión del fondo",www.mysick.com/es/W8_Inox,5,150,,,,,,,,,,PNP,conmutación en claro/oscuro,"Cable de 3 hilos, 2 m, PVC",,fotocélula de detección sobre objeto,supresión del fondo,,,"potenciómetro, 4 revoluciones",,,,,,product_name;output_function;sensor_principle;detection_principle;adjustment
6041459,WTB8-P2211V,W8 Inox,WTB8,product,Fotocelulas (Photoelectric sensors),B,B-37,36,1,,"Fotocélula de detección sobre objeto, supresión del fondo",www.mysick.com/es/W8_Inox,5,150,,,,,,,,,,PNP,conmutación en claro/oscuro,Conector macho M8 de 4 polos,,fotocélula de detección sobre objeto,supresión del fondo,,,"potenciómetro, 4 revoluciones",,,,,,product_name;output_function;sensor_principle;detection_principle;adjustment
6041460,WTB8-P3311V,W8 Inox,WTB8,product,Fotocelulas (Photoelectric sensors),B,B-37,36,1,,"Fotocélula de detección sobre objeto, supresión del fondo",www.mysick.com/es/W8_Inox,5,150,,,,,,,,,,PNP,conmutación en claro/oscuro,"Cable con conector macho M12 de 4 polos, 300 mm, PVC",,fotocélula de detección sobre objeto,supresión del fondo,,,"potenciómetro, 4 revoluciones",,,,,,product_name;output_function;sensor_principle;detection_principle;adjustment
6041461,WTB8-N1131V,W8 Inox,WTB8,product,Fotocelulas (Photoelectric sensors),B,B-37,36,1,,"Fotocélula de detección sobre objeto, supresión del fondo",www.mysick.com/es/W8_Inox,10,500,,,,,,,,,,NPN,conmutación en claro/oscuro,"Cable de 3 hilos, 2 m, PVC",,fotocélula de detección sobre objeto,supresión del fondo,,,"potenciómetro, 4 revoluciones",,,,,,product_name;output_function;sensor_principle;detection_principle;adjustment
6041463,WTB8-N2231V,W8 Inox,WTB8,product,Fotocelulas (Photoelectric sensors),B,B-37,36,1,,"Fotocélula de detección sobre objeto, supresión del fondo",www.mysick.com/es/W8_Inox,10,500,,,,,,,,,,NPN,conmutación en claro/oscuro,Conector macho M8 de 4 polos,,fotocélula de detección sobre objeto,supresión del fondo,,,"potenciómetro, 4 revoluciones",,,,,,product_name;output_function;sensor_principle;detection_principle;adjustment
6041464,WTB8-N3331V,W8 Inox,WTB8,product,Fotocelulas (Photoelectric sensors),B,B-37,36,1,,"Fotocélula de detección sobre objeto, supresión del fondo",www.mysick.com/es/W8_Inox,10,500,,,,,,,,,,NPN,conmutación en claro/oscuro,"Cable con conector macho M12 de 4 polos, 300 mm, PVC",,fotocélula de detección sobre objeto,supresión del fondo,,,"potenciómetro, 4 revoluciones",,,,,,product_name;output_function;sensor_principle;detection_principle;adjustment
6041465,WTB8-P1131V,W8 Inox,WTB8,product,Fotocelulas (Photoelectric sensors),B,B-37,36,1,,"Fotocélula de detección sobre objeto, supresión del fondo",www.mysick.com/es/W8_Inox,10,500,,,,,,,,,,PNP,conmutación en claro/oscuro,"Cable de 3 hilos, 2 m, PVC",,fotocélula de detección sobre objeto,supresión del fondo,,,"potenciómetro, 4 revoluciones",,,,,,product_name;output_function;sensor_principle;detection_principle;adjustment
6041467,WTB8-P2231V,W8 Inox,WTB8,product,Fotocelulas (Photoelectric sensors),B,B-37,36,1,,"Fotocélula de detección sobre objeto, supresión del fondo",www.mysick.com/es/W8_Inox,10,500,,,,,,,,,,PNP,conmutación en claro/oscuro,Conector macho M8 de 4 polos,,fotocélula de detección sobre objeto,supresión del fondo,,,"potenciómetro, 4 revoluciones",,,,,,product_name;output_function;sensor_principle;detection_principle;adjustment
6041468,WTB8-P3331V,W8 Inox,WTB8,product,Fotocelulas (Photoelectric sensors),B,B-37,36,1,,"Fotocélula de detección sobre objeto, supresión del fondo",www.mysick.com/es/W8_Inox,10,500,,,,,,,,,,PNP,conmutación en claro/oscuro,"Cable con conector macho M12 de 4 polos, 300 mm, PVC",,fotocélula de detección sobre objeto,supresión del fondo,,,"potenciómetro, 4 revoluciones",,,,,,product_name;output_function;sensor_principle;detection_principle;adjustment
6041469,WTE8-N1131V,W8,WTE8,product,Fotocelulas (Photoelectric sensors),B,B-38,37,1,,fotocélula de detección sobre objeto,,0,950,,,,,,,,,,NPN,conmutación en claro/oscuro,"Cable de 3 hilos, 2 m, PVC",,fotocélula de detección sobre objeto,energética,,,"potenciómetro, 270°",,,,,,product_name
6041471,WTE8-N2231V,W8,WTE8,product,Fotocelulas (Photoelectric sensors),B,B-38,37,1,,fotocélula de detección sobre objeto,,0,950,,,,,,,,,,NPN,conmutación en claro/oscuro,Conector macho M8 de 4 polos,,fotocélula de detección sobre objeto,energética,,,"potenciómetro, 270°",,,,,,product_name
6041472,WTE8-N3331V,W8,WTE8,product,Fotocelulas (Photoelectric sensors),B,B-38,37,1,,fotocélula de detección sobre objeto,,0,950,,,,,,,,,,NPN,conmutación en claro/oscuro,"Cable con conector macho M12 de 4 polos, 300 mm, PVC",,fotocélula de detección sobre objeto,energética,,,"potenciómetro, 270°",,,,,,product_name
6041473,WTE8-P1131V,W8,WTE8,product,Fotocelulas (Photoelectric sensors),B,B-38,37,1,,fotocélula de detección sobre objeto,,0,950,,,,,,,,,,PNP,conmutación en claro/oscuro,"Cable de 3 hilos, 2 m, PVC",,fotocélula de detección sobre objeto,energética,,,"potenciómetro, 270°",,,,,,product_name
6041475,WTE8-P2231V,W8,WTE8,product,Fotocelulas (Photoelectric sensors),B,B-38,37,1,,fotocélula de detección sobre objeto,,0,950,,,,,,,,,,PNP,conmutación en claro/oscuro,Conector macho M8 de 4 polos,,fotocélula de detección sobre objeto,energética,,,"potenciómetro, 270°",,,,,,product_name
6041476,WTE8-P3331V,W8,WTE8,product,Fotocelulas (Photoelectric sensors),B,B-38,37,1,,fotocélula de detección sobre objeto,,0,950,,,,,,,,,,PNP,conmutación en claro/oscuro,"Cable con conector macho M12 de 4 polos, 300 mm, PVC",,fotocélula de detección sobre objeto,energética,,,"potenciómetro, 270°",,,,,,product_name
6041477,WL8-N1131V,W8,WL8,product,Fotocelulas (Photoelectric sensors),B,B-38,37,1,,barrera fotoeléctrica de reflexión,,10,6500,,,,,,,,,,NPN,conmutación en claro/oscuro,"Cable de 3 hilos, 2 m, PVC",,barrera fotoeléctrica de reflexión,lente doble,,,"potenciómetro, 270°",,,,,,product_name
6041481,WL8-P1131V,W8,WL8,product,Fotocelulas (Photoelectric sensors),B,B-38,37,1,,barrera fotoeléctrica de reflexión,,10,6500,,,,,,,,,,PNP,conmutación en claro/oscuro,"Cable de 3 hilos, 2 m, PVC",,barrera fotoeléctrica de reflexión,lente doble,,,"potenciómetro, 270°",,,,,,product_name
6041483,WL8-P2231V,W8,WL8,product,Fotocelulas (Photoelectric sensors),B,B-38,37,1,,barrera fotoeléctrica de reflexión,,10,6500,,,,,,,,,,PNP,conmutación en claro/oscuro,Conector macho M8 de 4 polos,,barrera fotoeléctrica de reflexión,lente doble,,,"potenciómetro, 270°",,,,,,product_name
6041484,WL8-P3331V,W8,WL8,product,Fotocelulas (Photoelectric sensors),B,B-38,37,1,,barrera fotoeléctrica de reflexión,,10,6500,,,,,,,,,,PNP,conmutación en claro/oscuro,"Cable con conector macho M12 de 4 polos, 300 mm, PVC",,barrera fotoeléctrica de reflexión,lente doble,,,"potenciómetro, 270°",,,,,,product_name
6041485,WSE8-N1131V,W8,WSE8,product,Fotocelulas (Photoelectric sensors),B,B-38,37,1,,barrera emisor-receptor,,0,45000,,,,,,,,,,NPN,conmutación en claro/oscuro,"Cable de 3 hilos, 2 m, PVC",,barrera emisor-receptor,,,,"potenciómetro, 270°",,,,,,product_name
6041487,WSE8-N2231V,W8,WSE8,product,Fotocelulas (Photoelectric sensors),B,B-38,37,1,,barrera emisor-receptor,,0,45000,,,,,,,,,,NPN,conmutación en claro/oscuro,Conector macho M8 de 4 polos,,barrera emisor-receptor,,,,"potenciómetro, 270°",,,,,,product_name
6041488,WSE8-N3331V,W8,WSE8,product,Fotocelulas (Photoelectric sensors),B,B-38,37,1,,barrera emisor-receptor,,0,45000,,,,,,,,,,NPN,conmutación en claro/oscuro,"Cable con conector macho M12 de 4 polos, 300 mm, PVC",,barrera emisor-receptor,,,,"potenciómetro, 270°",,,,,,product_name
6041489,WSE8-P1131V,W8,WSE8,product,Fotocelulas (Photoelectric sensors),B,B-38,37,1,,barrera emisor-receptor,,0,45000,,,,,,,,,,PNP,conmutación en claro/oscuro,"Cable de 3 hilos, 2 m, PVC",,barrera emisor-receptor,,,,"potenciómetro, 270°",,,,,,product_name
6041491,WSE8-P2231V,W8,WSE8,product,Fotocelulas (Photoelectric sensors),B,B-38,37,1,,barrera emisor-receptor,,0,45000,,,,,,,,,,PNP,conmutación en claro/oscuro,Conector macho M8 de 4 polos,,barrera emisor-receptor,,,,"potenciómetro, 270°",,,,,,product_name
6041492,WSE8-P3331V,W8,WSE8,product,Fotocelulas (Photoelectric sensors),B,B-38,37,1,,barrera emisor-receptor,,0,45000,,,,,,,,,,PNP,conmutación en claro/oscuro,"Cable con conector macho M12 de 4 polos, 300 mm, PVC",,barrera emisor-receptor,,,,"potenciómetro, 270°",,,,,,product_name
4058914,BEF-MS12G-NA,W8,,accessory,Fotocelulas (Photoelectric sensors),B,B-39,38,1,,,,,,,,,,,,,,,,,,,,,,,,,,,"Barra de montaje, recta, 200 mm, acero inoxidable (1.4571)",,
1064686,GTB10-R3811,G10,GTB10,product,Fotocelulas (Photoelectric sensors),B,B-40,39,1,,fotocélula de detección sobre objeto,www.mysick.com/es/G10,20,950,,,,,,,,,,Relé,,"Cable de 5 hilos, 2 m, PVC",,fotocélula de detección sobre objeto,supresión del fondo,Luz roja visible,Ø 8 mm (700 mm),"potenciómetro, 5 revoluciones",,,,,"{""Tipo de tensión"": ""CA/CC""}",product_name;sensor_principle;detection_principle;adjustment
1064694,GTB10-P4211,G10,GTB10,product,Fotocelulas (Photoelectric sensors),B,B-40,39,1,,fotocélula de detección sobre objeto,www.mysick.com/es/G10,20,950,,,,,,,,,,PNP,Conmutación en claro/oscuro,Conector macho M12 de 4 polos,,fotocélula de detección sobre objeto,supresión del fondo,Luz roja visible,Ø 8 mm (700 mm),"potenciómetro, 5 revoluciones",,,,,"{""Tipo de tensión"": ""CC""}",product_name;sensor_principle;detection_principle;adjustment
1065854,GTB10-P1211,G10,GTB10,product,Fotocelulas (Photoelectric sensors),B,B-40,39,1,,fotocélula de detección sobre objeto,www.mysick.com/es/G10,20,950,,,,,,,,,,PNP,Conmutación en claro/oscuro,"Cable de 3 hilos, 2 m, PVC",,fotocélula de detección sobre objeto,supresión del fondo,Luz roja visible,Ø 8 mm (700 mm),"potenciómetro, 5 revoluciones",,,,,"{""Tipo de tensión"": ""CC""}",product_name;sensor_principle;detection_principle;adjustment
1065863,GTB10-R3821,G10,GTB10,product,Fotocelulas (Photoelectric sensors),B,B-40,39,1,,fotocélula de detección sobre objeto,www.mysick.com/es/G10,20,1200,,,,,,,,,,Relé,,"Cable de 5 hilos, 2 m, PVC",,fotocélula de detección sobre objeto,supresión del fondo,Luz infrarroja,Ø 22 mm (700 mm),"potenciómetro, 5 revoluciones",,,,,"{""Tipo de tensión"": ""CA/CC""}",product_name;sensor_principle;detection_principle;adjustment
1064688,GTE10-R3811,G10,GTE10,product,Fotocelulas (Photoelectric sensors),B,B-41,40,1,,,,20,1300,,,,,,,,,,Relé,,"Cable de 5 hilos, 2 m, PVC",,fotocélula de detección sobre objeto,energética,Luz roja visible,Ø 28 mm (1.400 mm),"potenciómetro, 270°",,,,,"{""Tipo de tensión"": ""CA/CC""}",sensor_principle;detection_principle;adjustment
1064697,GTE10-P4211,G10,GTE10,product,Fotocelulas (Photoelectric sensors),B,B-41,40,1,,,,20,1300,,,,,,,,,,PNP,Conmutación en claro/oscuro,Conector macho M12 de 4 polos,,fotocélula de detección sobre objeto,energética,Luz roja visible,Ø 28 mm (1.400 mm),"potenciómetro, 270°",,,,,"{""Tipo de tensión"": ""CC""}",sensor_principle;detection_principle;adjustment
1064700,GL10-N4211,G10,GL10,product,Fotocelulas (Photoelectric sensors),B,B-41,40,1,,,,80,12000,,,,,,,,,,NPN,Conmutación en claro/oscuro,Conector macho M12 de 4 polos,,barrera fotoeléctrica de reflexión,lente doble,luz roja visible,Ø 58 mm (5 m),"Potenciómetro, 270°",,,,,"{""Tipo de tensión"": ""CC""}",sensor_principle;detection_principle;light_type;light_spot
1065865,GTE10-P1211,G10,GTE10,product,Fotocelulas (Photoelectric sensors),B,B-41,40,1,,,,20,1300,,,,,,,,,,PNP,Conmutación en claro/oscuro,"Cable de 3 hilos, 2 m, PVC",,fotocélula de detección sobre objeto,energética,Luz roja visible,Ø 28 mm (1.400 mm),"potenciómetro, 270°",,,,,"{""Tipo de tensión"": ""CC""}",sensor_principle;detection_principle;adjustment
1065868,GTE10-N1211,G10,GTE10,product,Fotocelulas (Photoelectric sensors),B,B-41,40,1,,,,20,1300,,,,,,,,,,NPN,Conmutación en claro/oscuro,"Cable de 3 hilos, 2 m, PVC",,fotocélula de detección sobre objeto,energética,Luz roja visible,Ø 28 mm (1.400 mm),"potenciómetro, 270°",,,,,"{""Tipo de tensión"": ""CC""}",sensor_principle;detection_principle;adjustment
1065871,GTE10-N4211,G10,GTE10,product,Fotocelulas (Photoelectric sensors),B,B-41,40,1,,,,20,1300,,,,,,,,,,NPN,Conmutación en claro/oscuro,Conector macho M12 de 4 polos,,fotocélula de detección sobre objeto,energética,Luz roja visible,Ø 28 mm (1.400 mm),"potenciómetro, 270°",,,,,"{""Tipo de tensión"": ""CC""}",sensor_principle;detection_principle;adjustment
1065874,GTE10-R3821,G10,GTE10,product,Fotocelulas (Photoelectric sensors),B,B-41,40,1,,,,20,2000,,,,,,,,,,Relé,,"Cable de 5 hilos, 2 m, PVC",,fotocélula de detección sobre objeto,energética,Luz infrarroja,Ø 57 mm (1.500 mm),"potenciómetro, 270°",,,,,"{""Tipo de tensión"": ""CA/CC""}",sensor_principle;detection_principle;adjustment
1065876,GL10-P1111,G10,GL10,product,Fotocelulas (Photoelectric sensors),B,B-41,40,1,,,,80,15000,,,,,,,,,,PNP,Conmutación en claro/oscuro,"Cable de 3 hilos, 2 m, PVC",,barrera fotoeléctrica de reflexión,lente doble,luz roja visible,Ø 58 mm (5 m),Sin fijación,,,,,"{""Tipo de tensión"": ""CC""}",sensor_principle;detection_principle;light_type;light_spot
1065878,GL10-P4111,G10,GL10,product,Fotocelulas (Photoelectric sensors),B,B-41,40,1,,,,80,15000,,,,,,,,,,PNP,Conmutación en claro/oscuro,Conector macho M12 de 4 polos,,barrera fotoeléctrica de reflexión,lente doble,luz roja visible,Ø 58 mm (5 m),Sin fijación,,,,,"{""Tipo de tensión"": ""CC""}",sensor_principle;detection_principle;light_type;light_spot
1065880,GL10-N1111,G10,GL10,product,Fotocelulas (Photoelectric sensors),B,B-41,40,1,,,,80,12000,,,,,,,,,,NPN,Conmutación en claro/oscuro,"Cable de 3 hilos, 2 m, PVC",,barrera fotoeléctrica de reflexión,lente doble,luz roja visible,Ø 58 mm (5 m),Sin fijación,,,,,"{""Tipo de tensión"": ""CC""}",sensor_principle;detection_principle;light_type;light_spot
1065883,GL10-N4111,G10,GL10,product,Fotocelulas (Photoelectric sensors),B,B-41,40,1,,,,80,12000,,,,,,,,,,NPN,Conmutación en claro/oscuro,Conector macho M12 de 4 polos,,barrera fotoeléctrica de reflexión,lente doble,luz roja visible,Ø 58 mm (5 m),Sin fijación,,,,,"{""Tipo de tensión"": ""CC""}",sensor_principle;detection_principle;light_type;light_spot
1065885,GL10-P1211,G10,GL10,product,Fotocelulas (Photoelectric sensors),B,B-41,40,1,,,,80,15000,,,,,,,,,,PNP,Conmutación en claro/oscuro,"Cable de 3 hilos, 2 m, PVC",,barrera fotoeléctrica de reflexión,lente doble,luz roja visible,Ø 58 mm (5 m),"Potenciómetro, 270°",,,,,"{""Tipo de tensión"": ""CC""}",sensor_principle;detection_principle;light_type;light_spot
1065888,GL10-N1211,G10,GL10,product,Fotocelulas (Photoelectric sensors),B,B-41,40,1,,,,80,12000,,,,,,,,,,NPN,Conmutación en claro/oscuro,"Cable de 3 hilos, 2 m, PVC",,barrera fotoeléctrica de reflexión,lente doble,luz roja visible,Ø 58 mm (5 m),"Potenciómetro, 270°",,,,,"{""Tipo de tensión"": ""CC""}",sensor_principle;detection_principle;light_type;light_spot
1065890,GL10-P4211,G10,GL10,product,Fotocelulas (Photoelectric sensors),B,B-41,40,1,,,,80,15000,,,,,,,,,,PNP,Conmutación en claro/oscuro,Conector macho M12 de 4 polos,,barrera fotoeléctrica de reflexión,lente doble,luz roja visible,Ø 58 mm (5 m),"Potenciómetro, 270°",,,,,"{""Tipo de tensión"": ""CC""}",sensor_principle;detection_principle;light_type;light_spot
1064689,GL10-R3811,G10,GL10,product,Fotocelulas (Photoelectric sensors),B,B-42,41,1,,,,80,12000,,,,,,,,,,Relé,,"Cable de 5 hilos, 2 m, PVC",,,,,,"Potenciómetro, 270°",,,,,"{""Tipo de tensión"": ""CA/CC""}",
1064704,GL10G-P4251,G10,GL10G,product,Fotocelulas (Photoelectric sensors),B,B-42,41,1,,Detección de objetos transparentes,,150,12000,,,,,,,,,,PNP,conmutación en claro/oscuro,Conector macho M12 de 4 polos,,barrera fotoeléctrica de reflexión,doble lente,luz roja visible,Ø 58 mm (5 m),"potenciómetro, 270°",,,,,"{""Tipo de tensión"": ""CC""}",
1064705,GL10G-N1251,G10,GL10G,product,Fotocelulas (Photoelectric sensors),B,B-42,41,1,,Detección de objetos transparentes,,150,10000,,,,,,,,,,NPN,conmutación en claro/oscuro,"Cable de 3 hilos, 2 m, PVC",,barrera fotoeléctrica de reflexión,doble lente,luz roja visible,Ø 58 mm (5 m),"potenciómetro, 270°",,,,,"{""Tipo de tensión"": ""CC""}",
1064706,GSE10-P4211,G10,GSE10,product,Fotocelulas (Photoelectric sensors),B,B-42,41,1,,,,0,40000,,,,,,,,,,PNP,Conmutación en claro/oscuro,Conector macho M12 de 4 polos,,barrera emisor-receptor,,Luz roja visible,Ø 180 mm (15 m),"Potenciómetro, 270°",,,,,"{""Tipo de tensión"": ""CC""}",
1065896,GL10-R3711,G10,GL10,product,Fotocelulas (Photoelectric sensors),B,B-42,41,1,,,,80,15000,,,,,,,,,,Relé,,"Cable de 5 hilos, 2 m, PVC",,,,,,Sin fijación,,,,,"{""Tipo de tensión"": ""CA/CC""}",
1065899,GSE10-P4111,G10,GSE10,product,Fotocelulas (Photoelectric sensors),B,B-42,41,1,,,,0,40000,,,,,,,,,,PNP,Conmutación en claro/oscuro,Conector macho M12 de 4 polos,,barrera emisor-receptor,,Luz roja visible,Ø 180 mm (15 m),Sin fijación,,,,,"{""Tipo de tensión"": ""CC""}",
1065901,GSE10-N1111,G10,GSE10,product,Fotocelulas (Photoelectric sensors),B,B-42,41,1,,,,0,40000,,,,,,,,,,NPN,Conmutación en claro/oscuro,"Cable de 3 hilos, 2 m, PVC",,barrera emisor-receptor,,Luz roja visible,Ø 180 mm (15 m),Sin fijación,,,,,"{""Tipo de tensión"": ""CC""}",
1065904,GSE10-N1211,G10,GSE10,product,Fotocelulas (Photoelectric sensors),B,B-42,41,1,,,,0,40000,,,,,,,,,,NPN,Conmutación en claro/oscuro,"Cable de 3 hilos, 2 m, PVC",,barrera emisor-receptor,,Luz roja visible,Ø 180 mm (15 m),"Potenciómetro, 270°",,,,,"{""Tipo de tensión"": ""CC""}",
1065906,GSE10-P4221,G10,GSE10,product,Fotocelulas (Photoelectric sensors),B,B-42,41,1,,,,0,40000,,,,,,,,,,PNP,Conmutación en claro/oscuro,Conector macho M12 de 4 polos,,barrera emisor-receptor,,Luz infrarroja,Ø 433 mm (15 m),"Potenciómetro, 270°",,,,,"{""Tipo de tensión"": ""CC""}",
1065908,GSE10-N1221,G10,GSE10,product,Fotocelulas (Photoelectric sensors),B,B-42,41,1,,,,0,40000,,,,,,,,,,NPN,Conmutación en claro/oscuro,"Cable de 3 hilos, 2 m, PVC",,barrera emisor-receptor,,Luz infrarroja,Ø 433 mm (15 m),"Potenciómetro, 270°",,,,,"{""Tipo de tensión"": ""CC""}",
1064691,GSE10-R3811,G10,GSE10,product,Fotocelulas (Photoelectric sensors),B,B-43,42,1,,,,0,40000,,,,,,,,,,Relé,,"Cable de 5 hilos, 2 m, PVC",,,,Luz roja visible,Ø 180 mm (15 m),"Potenciómetro, 270°",,,,,"{""Tipo de tensión"": ""CA/CC""}",
1065910,GSE10-R3711,G10,GSE10,product,Fotocelulas (Photoelectric sensors),B,B-43,42,1,,,,0,40000,,,,,,,,,,Relé,,"Cable de 5 hilos, 2 m, PVC",,,,Luz roja visible,Ø 180 mm (15 m),Sin fijación,,,,,"{""Tipo de tensión"": ""CA/CC""}",
1065913,GSE10-R3721,G10,GSE10,product,Fotocelulas (Photoelectric sensors),B,B-43,42,1,,,,0,40000,,,,,,,,,,Relé,,"Cable de 5 hilos, 2 m, PVC",,,,Luz infrarroja,Ø 433 mm (15 m),Sin fijación,,,,,"{""Tipo de tensión"": ""CA/CC""}",
2071258,BEF-G10DC01,G10,,accessory,Fotocelulas (Photoelectric sensors),B,B-44,43,1,,,,,,,,,,,,,,,,,,,,,,,,,,,"Escuadra de fijación para montaje en la pared y en el suelo para G10 CC, acero galvanizado, con material de fijación",,
2071259,BEF-G10UC01,G10,,accessory,Fotocelulas (Photoelectric sensors),B,B-44,43,1,,,,,,,,,,,,,,,,,,,,,,,,,,,"Escuadra de fijación para montaje en la pared y en el suelo para G10 CA/CC, acero galvanizado, con material de fijación",,
2071260,BEF-KHSQ12R01,G10,,accessory,Fotocelulas (Photoelectric sensors),B,B-44,43,1,,,,,,,,,,,,,,,,,,,,,,,,,,,"Q-Lock, sistema de montaje en barra para G10 y reflector P250, fundición de cinc, acero galvanizado",,
2071262,BEF-KHSQ12ZR01,G10,,accessory,Fotocelulas (Photoelectric sensors),B,B-44,43,1,,,,,,,,,,,,,,,,,,,,,,,,,,,"Q-Lock, sistema de montaje en barra para G10 y reflector P250, fundición de cinc, acero galvanizado, con borne de chapa insertable",,
2071960,BEF-G10WSG,G10,,accessory,Fotocelulas (Photoelectric sensors),B,B-44,43,1,,,,,,,,,,,,,,,,,,,,,,,,,,,"Carcasa a prueba de intemperie para G10, acero galvanizado, con material de fijación",,
2071961,BEF-PL80AWSG,G10,,accessory,Fotocelulas (Photoelectric sensors),B,B-44,43,1,,,,,,,,,,,,,,,,,,,,,,,,,,,"Carcasa a prueba de intemperie para reflectores PL80A, P250, PL40A, acero galvanizado, con material de fijación",,
5314244,REF-IRF-56,G10,,accessory,Fotocelulas (Photoelectric sensors),B,B-44,43,7,B-48;B-51;B-55;B-58;B-64;B-69,,,,,,,,,,,,,,,,,,,,,,,,,,Autoadhesivo,,
6009383,DOL-1204-W02M,G10,,accessory,Fotocelulas (Photoelectric sensors),B,B-44,43,11,B-64;B-69;C-78;C-85;C-88;G-140;G-142;G-144;G-146;H-171,,,,,,,,,,,,,,,,"Cabezal A: conector hembra M12 de 4 polos, acodado",,,,,,,,,,"Cabezal A: conector hembra M12 de 4 polos, acodado; Cabezal B: cable; Cable: PVC, sin apantallar, 2 m",,
1049043,WTB9-3P1161,W9-3,WTB9-3,product,Fotocelulas (Photoelectric sensors),B,B-45,44,1,,,www.mysick.com/es/W9-3,20,350,,,,,,,,,,PNP,conmutación en claro/oscuro,"Cable de 4 hilos, 2 m, de PVC",,,supresión del fondo,Luz roja visible,"Ø 4,5 mm (75 mm)","potenciómetro, 5 revoluciones",,,,,"{""Disposición de orificios"": ""M3""}",detection_principle;adjustment;output_function;other_specs
1049047,WTB9-3P2261,W9-3,WTB9-3,product,Fotocelulas (Photoelectric sensors),B,B-45,44,1,,,www.mysick.com/es/W9-3,20,350,,,,,,,,,,PNP,conmutación en claro/oscuro,Conector macho M8 de 4 polos,,,supresión del fondo,Luz roja visible,"Ø 4,5 mm (75 mm)","potenciómetro, 5 revoluciones",,,,,"{""Disposición de orificios"": ""M3""}",detection_principle;adjustment;output_function;other_specs
1049049,WTB9-3P2461,W9-3,WTB9-3,product,Fotocelulas (Photoelectric sensors),B,B-45,44,1,,,www.mysick.com/es/W9-3,20,350,,,,,,,,,,PNP,conmutación en claro/oscuro,Conector macho M12 de 4 polos,,,supresión del fondo,Luz roja visible,"Ø 4,5 mm (75 mm)","potenciómetro, 5 revoluciones",,,,,"{""Disposición de orificios"": ""M3""}",detection_principle;adjustment;output_function;other_specs
1049051,WTB9-3P3461,W9-3,WTB9-3,product,Fotocelulas (Photoelectric sensors),B,B-45,44,1,,,www.mysick.com/es/W9-3,20,350,,,,,,,,,,PNP,conmutación en claro/oscuro,"Cable con conector macho M12 de 4 polos, 120 mm, PVC",,,supresión del fondo,Luz roja visible,"Ø 4,5 mm (75 mm)","potenciómetro, 5 revoluciones",,,,,"{""Disposición de orificios"": ""M3""}",detection_principle;adjustment;output_function;other_specs
1049052,WTB9-3N1161,W9-3,WTB9-3,product,Fotocelulas (Photoelectric sensors),B,B-45,44,1,,,www.mysick.com/es/W9-3,20,350,,,,,,,,,,NPN,conmutación en claro/oscuro,"Cable de 4 hilos, 2 m, PVC",,,supresión del fondo,Luz roja visible,"Ø 4,5 mm (75 mm)","potenciómetro, 5 revoluciones",,,,,"{""Disposición de orificios"": ""M3""}",detection_principle;adjustment;output_function;other_specs
1049053,WTB9-3N2461,W9-3,WTB9-3,product,Fotocelulas (Photoelectric sensors),B,B-45,44,1,,,www.mysick.com/es/W9-3,20,350,,,,,,,,,,NPN,conmutación en claro/oscuro,Conector macho M12 de 4 polos,,,supresión del fondo,Luz roja visible,"Ø 4,5 mm (75 mm)","potenciómetro, 5 revoluciones",,,,,"{""Disposición de orificios"": ""M3""}",detection_principle;adjustment;output_function;other_specs
1049045,WTB9-3P2211,W9-3,WTB9-3,product,Fotocelulas (Photoelectric sensors),B,B-46,45,1,,,,20,500,,,,,,,,,,PNP,,Conector macho M8 de 4 polos,,,,Luz infrarroja,Ø 20 mm (250 mm),,,,,,,
1049048,WTB9-3P2411,W9-3,WTB9-3,product,Fotocelulas (Photoelectric sensors),B,B-46,45,1,,,,20,500,,,,,,,,,,PNP,,Conector macho M12 de 4 polos,,,,Luz infrarroja,Ø 20 mm (250 mm),,,,,,,
1049056,WL9-3P1132,W9-3,WL9-3,product,Fotocelulas (Photoelectric sensors),B,B-46,45,1,,,,0,5000,,,,,,,,,,PNP,conmutación en claro/oscuro,"Cable de 4 hilos, 2 m, PVC",,,autocolimación,Luz roja visible,"Ø 45 mm (1,5 m)",Teach-in,,,,,"{""Disposición de orificios"": ""M3""}",detection_principle;light_spot;output_function
1049059,WL9-3P2230,W9-3,WL9-3,product,Fotocelulas (Photoelectric sensors),B,B-46,45,1,,,,0,4000,,,,,,,,,,PNP,conmutación en claro/oscuro,Conector macho M8 de 4 polos,,,autocolimación,Luz roja visible,"Ø 45 mm (1,5 m)",,,,,,"{""Disposición de orificios"": ""M3""}",detection_principle;light_spot;output_function
1049060,WL9-3P2232,W9-3,WL9-3,product,Fotocelulas (Photoelectric sensors),B,B-46,45,1,,,,0,5000,,,,,,,,,,PNP,conmutación en claro/oscuro,Conector macho M8 de 4 polos,,,autocolimación,Luz roja visible,"Ø 45 mm (1,5 m)",Teach-in,,,,,"{""Disposición de orificios"": ""M3""}",detection_principle;light_spot;output_function
1049062,WL9-3P2430,W9-3,WL9-3,product,Fotocelulas (Photoelectric sensors),B,B-46,45,1,,,,0,4000,,,,,,,,,,PNP,conmutación en claro/oscuro,Conector macho M12 de 4 polos,,,autocolimación,Luz roja visible,"Ø 45 mm (1,5 m)",,,,,,"{""Disposición de orificios"": ""M3""}",detection_principle;light_spot;output_function
1049063,WL9-3P2432,W9-3,WL9-3,product,Fotocelulas (Photoelectric sensors),B,B-46,45,1,,,,0,5000,,,,,,,,,,PNP,conmutación en claro/oscuro,Conector macho M12 de 4 polos,,,autocolimación,Luz roja visible,"Ø 45 mm (1,5 m)",Teach-in,,,,,"{""Disposición de orificios"": ""M3""}",detection_principle;light_spot;output_function
1049067,WL9-3P3432,W9-3,WL9-3,product,Fotocelulas (Photoelectric sensors),B,B-46,45,1,,,,0,5000,,,,,,,,,,PNP,conmutación en claro/oscuro,"Cable con conector macho M12 de 4 polos, 120 mm, PVC",,,autocolimación,Luz roja visible,"Ø 45 mm (1,5 m)",Teach-in,,,,,"{""Disposición de orificios"": ""M3""}",detection_principle;light_spot;output_function
1049070,WL9-3N1132,W9-3,WL9-3,product,Fotocelulas (Photoelectric sensors),B,B-46,45,1,,,,0,5000,,,,,,,,,,NPN,conmutación en claro/oscuro,"Cable de 4 hilos, 2 m, PVC",,,autocolimación,Luz roja visible,"Ø 45 mm (1,5 m)",Teach-in,,,,,"{""Disposición de orificios"": ""M3""}",detection_principle;light_spot;output_function
1049071,WL9-3N2230,W9-3,WL9-3,product,Fotocelulas (Photoelectric sensors),B,B-46,45,1,,,,0,4000,,,,,,,,,,NPN,conmutación en claro/oscuro,Conector macho M8 de 4 polos,,,autocolimación,Luz roja visible,"Ø 45 mm (1,5 m)",,,,,,"{""Disposición de orificios"": ""M3""}",detection_principle;light_spot;output_function
1049073,WL9-3N2430,W9-3,WL9-3,product,Fotocelulas (Photoelectric sensors),B,B-46,45,1,,,,0,4000,,,,,,,,,,NPN,conmutación en claro/oscuro,Conector macho M12 de 4 polos,,,autocolimación,Luz roja visible,"Ø 45 mm (1,5 m)",,,,,,"{""Disposición de orificios"": ""M3""}",detection_principle;light_spot;output_function
1049074,WL9-3N2432,W9-3,WL9-3,product,Fotocelulas (Photoelectric sensors),B,B-46,45,1,,,,0,5000,,,,,,,,,,NPN,conmutación en claro/oscuro,Conector macho M12 de 4 polos,,,autocolimación,Luz roja visible,"Ø 45 mm (1,5 m)",Teach-in,,,,,"{""Disposición de orificios"": ""M3""}",detection_principle;light_spot;output_function
1049076,WSE9-3P2230,W9-3,WSE9-3,product,Fotocelulas (Photoelectric sensors),B,B-46,45,1,,,,0,10000,,,,,,,,,,PNP,conmutación en claro/oscuro,Conector macho M8 de 4 polos,,,,Luz roja visible,Ø 25 mm (1 m),sin posibilidad de ajuste,,,,,"{""Disposición de orificios"": ""M3""}",light_spot;adjustment;output_function
1049077,WSE9-3P2430,W9-3,WSE9-3,product,Fotocelulas (Photoelectric sensors),B,B-46,45,1,,,,0,10000,,,,,,,,,,PNP,conmutación en claro/oscuro,Conector macho M12 de 4 polos,,,,Luz roja visible,Ø 25 mm (1 m),sin posibilidad de ajuste,,,,,"{""Disposición de orificios"": ""M3""}",light_spot;adjustment;output_function
1049080,WSE9-3N2430,W9-3,WSE9-3,product,Fotocelulas (Photoelectric sensors),B,B-46,45,1,,,,0,10000,,,,,,,,,,NPN,conmutación en claro/oscuro,Conector macho M12 de 4 polos,,,,Luz roja visible,Ø 25 mm (1 m),sin posibilidad de ajuste,,,,,"{""Disposición de orificios"": ""M3""}",light_spot;adjustment;output_function
1052171,WTB9-3P2211S14,W9-3,WTB9-3,product,Fotocelulas (Photoelectric sensors),B,B-46,45,1,,,,20,800,,,,,,,,,,PNP,,Conector macho M8 de 4 polos,,,,Luz infrarroja,Ø 40 mm (400 mm),,,,,,,
1052172,WTB9-3P2411S14,W9-3,WTB9-3,product,Fotocelulas (Photoelectric sensors),B,B-46,45,1,,,,20,800,,,,,,,,,,PNP,,Conector macho M12 de 4 polos,,,,Luz infrarroja,Ø 40 mm (400 mm),,,,,,,
1051885,WTB9M4-3N2261,W9-3,WTB9M4-3,product,Fotocelulas (Photoelectric sensors),B,B-47,46,1,,,,20,350,,,,,,,,,,NPN,conmutación en claro/oscuro,Conector macho M8 de 4 polos,,,supresión del fondo,Luz roja visible,"Ø 4,5 mm (75 mm)","potenciómetro, 5 revoluciones",,,,,"{""Disposición de orificios"": ""M4""}",detection_principle;adjustment;output_function;other_specs
1051888,WTB9M4-3P2211,W9-3,WTB9M4-3,product,Fotocelulas (Photoelectric sensors),B,B-47,46,1,,,,20,500,,,,,,,,,,PNP,conmutación en claro/oscuro,Conector macho M8 de 4 polos,,,supresión del fondo,Luz infrarroja,Ø 20 mm (250 mm),"potenciómetro, 5 revoluciones",,,,,"{""Disposición de orificios"": ""M4""}",detection_principle;adjustment;output_function;other_specs
1051889,WTB9M4-3P2261,W9-3,WTB9M4-3,product,Fotocelulas (Photoelectric sensors),B,B-47,46,1,,,,20,350,,,,,,,,,,PNP,conmutación en claro/oscuro,Conector macho M8 de 4 polos,,,supresión del fondo,Luz roja visible,"Ø 4,5 mm (75 mm)","potenciómetro, 5 revoluciones",,,,,"{""Disposición de orificios"": ""M4""}",detection_principle;adjustment;output_function;other_specs
1051890,WTB9M4-3P2411,W9-3,WTB9M4-3,product,Fotocelulas (Photoelectric sensors),B,B-47,46,1,,,,20,500,,,,,,,,,,PNP,conmutación en claro/oscuro,Conector macho M12 de 4 polos,,,supresión del fondo,Luz infrarroja,Ø 20 mm (250 mm),"potenciómetro, 5 revoluciones",,,,,"{""Disposición de orificios"": ""M4""}",detection_principle;adjustment;output_function;other_specs
1051891,WTB9M4-3P2461,W9-3,WTB9M4-3,product,Fotocelulas (Photoelectric sensors),B,B-47,46,1,,,,20,350,,,,,,,,,,PNP,conmutación en claro/oscuro,Conector macho M12 de 4 polos,,,supresión del fondo,Luz roja visible,"Ø 4,5 mm (75 mm)","potenciómetro, 5 revoluciones",,,,,"{""Disposición de orificios"": ""M4""}",detection_principle;adjustment;output_function;other_specs
1051893,WL9M4-3N2232,W9-3,WL9M4-3,product,Fotocelulas (Photoelectric sensors),B,B-47,46,1,,,,0,5000,,,,,,,,,,NPN,conmutación en claro/oscuro,Conector macho M8 de 4 polos,,,autocolimación,Luz roja visible,"Ø 45 mm (1,5 m)",teach-in,,,,,"{""Disposición de orificios"": ""M4""}",light_spot;detection_principle;adjustment;output_function;other_specs
1051895,WL9M4-3P2232,W9-3,WL9M4-3,product,Fotocelulas (Photoelectric sensors),B,B-47,46,1,,,,0,5000,,,,,,,,,,PNP,conmutación en claro/oscuro,Conector macho M8 de 4 polos,,,autocolimación,Luz roja visible,"Ø 45 mm (1,5 m)",teach-in,,,,,"{""Disposición de orificios"": ""M4""}",light_spot;detection_principle;adjustment;output_function;other_specs
1051896,WL9M4-3P2432,W9-3,WL9M4-3,product,Fotocelulas (Photoelectric sensors),B,B-47,46,1,,,,0,5000,,,,,,,,,,PNP,conmutación en claro/oscuro,Conector macho M12 de 4 polos,,,autocolimación,Luz roja visible,"Ø 45 mm (1,5 m)",teach-in,,,,,"{""Disposición de orificios"": ""M4""}",light_spot;detection_principle;adjustment;output_function;other_specs
1051912,WSE9M4-3P2230,W9-3,WSE9M4-3,product,Fotocelulas (Photoelectric sensors),B,B-47,46,1,,,,0,10000,,,,,,,,,,PNP,conmutación en claro/oscuro,conector macho M8 de 4 polos,,,,Luz roja visible,Ø 25 mm (1 m),sin posibilidad de ajuste,,,,,"{""Disposición de orificios"": ""M4""}",light_spot;connection;adjustment;output_function;other_specs
1052938,WSE9M4-3N2230,W9-3,WSE9M4-3,product,Fotocelulas (Photoelectric sensors),B,B-47,46,1,,,,0,10000,,,,,,,,,,NPN,conmutación en claro/oscuro,conector macho M8 de 4 polos,,,,Luz roja visible,Ø 25 mm (1 m),sin posibilidad de ajuste,,,,,"{""Disposición de orificios"": ""M4""}",light_spot;connection;adjustment;output_function;other_specs
2022855,BEF-WN-W9-2,W9-3,,accessory,Fotocelulas (Photoelectric sensors),B,B-48,47,1,,,,,,,,,,,,,,,,,,,,,,,,,,,"Escuadra de fijación, acero galvanizado, con material de fijación",,
4033253,BL-9-2,W9-3,,accessory,Fotocelulas (Photoelectric sensors),B,B-48,47,1,,,,,,,,,,,,,,,,,,,,,,,,,,,"Diafragmas de ranura, ranuras transversales o longitudinales, múltiples anchos de ranura de 0,5 mm / 1,0 mm / 1,5 mm / 2,0 mm",,
4066039,BEF-GPM3-W9,W9-3,,accessory,Fotocelulas (Photoelectric sensors),B,B-48,47,1,,,,,,,,,,,,,,,,,,,,,,,,,,,"Placa fileteada con cabezal roscado M3, PMMA, latón (Ms)",,
5319929,REF-PLUS-R25,W9-3,,accessory,Fotocelulas (Photoelectric sensors),B,B-48,47,1,,,,,,,,,,,,,,,,,,,,,,,,,,,"Autoadhesivo, rollo, 25 mm x 22,8 m",,
5319981,REF-PLUS-R50,W9-3,,accessory,Fotocelulas (Photoelectric sensors),B,B-48,47,1,,,,,,,,,,,,,,,,,,,,,,,,,,,"Autoadhesivo, rollo, 50 mm x 22,8 m",,
1041376,WTB11-2P2431,W11-2,WTB11-2,product,Fotocelulas (Photoelectric sensors),B,B-49,48,1,,Fotocélula de detección sobre objeto,www.mysick.com/es/W11-2,20,350,,,,,,,,,,PNP,Conmutación en claro/oscuro,Conector macho M12 de 4 polos,,fotocélula de detección sobre objeto,supresión del fondo,,Ø 6 mm (200 mm),"Potenciómetro, 5 revoluciones",,,,,"{""Transmisor de luz"": ""LED""}",product_name
1041378,WTB11-2N2431,W11-2,WTB11-2,product,Fotocelulas (Photoelectric sensors),B,B-49,48,1,,Fotocélula de detección sobre objeto,www.mysick.com/es/W11-2,20,350,,,,,,,,,,NPN,Conmutación en claro/oscuro,Conector macho M12 de 4 polos,,fotocélula de detección sobre objeto,supresión del fondo,,Ø 6 mm (200 mm),"Potenciómetro, 5 revoluciones",,,,,"{""Transmisor de luz"": ""LED""}",product_name
1044442,WTB11-2P2461,W11-2,WTB11-2,product,Fotocelulas (Photoelectric sensors),B,B-49,48,1,,Fotocélula de detección sobre objeto,www.mysick.com/es/W11-2,30,1100,,,,,,,,,,PNP,Conmutación en claro/oscuro,Conector macho M12 de 4 polos,,fotocélula de detección sobre objeto,supresión del fondo,,Ø 6 mm (200 mm),"Potenciómetro, 5 revoluciones",,,,,"{""Transmisor de luz"": ""LED de localización""}",product_name
1051818,WTB11-2N2461,W11-2,WTB11-2,product,Fotocelulas (Photoelectric sensors),B,B-49,48,1,,Fotocélula de detección sobre objeto,www.mysick.com/es/W11-2,30,1100,,,,,,,,,,NPN,Conmutación en claro/oscuro,Conector macho M12 de 4 polos,,fotocélula de detección sobre objeto,supresión del fondo,,Ø 6 mm (200 mm),"Potenciómetro, 5 revoluciones",,,,,"{""Transmisor de luz"": ""LED de localización""}",product_name
1041380,WTF11-2P2431,W11-2,WTF11-2,product,Fotocelulas (Photoelectric sensors),B,B-50,49,1,,"Fotocélula de detección sobre objeto, supresión del primer plano",,35,350,,,,,,,,,,PNP,Conmutación en claro/oscuro,Conector macho M12 de 4 polos,,fotocélula de detección sobre objeto,supresión del primer plano,LED,Ø 6 mm (200 mm),"Potenciómetro, 5 revoluciones",,,,,,sensor_principle;detection_principle;light_type;light_spot
1041381,WTE11-2P2432,W11-2,WTE11-2,product,Fotocelulas (Photoelectric sensors),B,B-50,49,1,,"Fotocélula de detección sobre objeto, energética",,40,1000,,,,,,,,,,PNP,Conmutación en claro/oscuro,Conector macho M12 de 4 polos,,fotocélula de detección sobre objeto,energética,LED,Ø 90 mm (600 mm),Teach-in,,,,,,sensor_principle;detection_principle;light_type;light_spot
1041383,WTE11-2N2432,W11-2,WTE11-2,product,Fotocelulas (Photoelectric sensors),B,B-50,49,1,,"Fotocélula de detección sobre objeto, energética",,40,1000,,,,,,,,,,NPN,Conmutación en claro/oscuro,Conector macho M12 de 4 polos,,fotocélula de detección sobre objeto,energética,LED,Ø 90 mm (600 mm),Teach-in,,,,,,sensor_principle;detection_principle;light_type;light_spot
1041385,WL11-2P2430,W11-2,WL11-2,product,Fotocelulas (Photoelectric sensors),B,B-50,49,1,,"Barrera fotoeléctrica de reflexión, lente doble",,150,10000,,,,,,,,,,PNP,Conmutación en claro/oscuro,Conector macho M12 de 4 polos,,barrera fotoeléctrica de reflexión,lente doble,LED,Ø 50 mm (3 m),–,,,,,,sensor_principle;detection_principle;light_type;light_spot
1041387,WL11-2N2430,W11-2,WL11-2,product,Fotocelulas (Photoelectric sensors),B,B-50,49,1,,"Barrera fotoeléctrica de reflexión, lente doble",,150,10000,,,,,,,,,,NPN,Conmutación en claro/oscuro,Conector macho M12 de 4 polos,,barrera fotoeléctrica de reflexión,lente doble,LED,Ø 50 mm (3 m),–,,,,,,sensor_principle;detection_principle;light_type;light_spot
1041394,WSE11-2P2430,W11-2,WSE11-2,product,Fotocelulas (Photoelectric sensors),B,B-50,49,1,,Barrera emisor-receptor,,0,20000,,,,,,,,,,PNP,Conmutación en claro/oscuro,Conector macho M12 de 4 polos,,barrera emisor-receptor,,LED,Ø 220 mm (15 m),,,,,,,sensor_principle;light_type;light_spot
1041396,WSE11-2N2430,W11-2,WSE11-2,product,Fotocelulas (Photoelectric sensors),B,B-50,49,1,,Barrera emisor-receptor,,0,20000,,,,,,,,,,NPN,Conmutación en claro/oscuro,Conector macho M12 de 4 polos,,barrera emisor-receptor,,LED,Ø 220 mm (15 m),,,,,,,sensor_principle;light_type;light_spot
1048542,WL11-2P2432,W11-2,WL11-2,product,Fotocelulas (Photoelectric sensors),B,B-50,49,1,,"Barrera fotoeléctrica de reflexión, lente doble",,150,10000,,,,,,,,,,PNP,Conmutación en claro/oscuro,Conector macho M12 de 4 polos,,barrera fotoeléctrica de reflexión,lente doble,LED,Ø 50 mm (3 m),Teach-in,,,,,,sensor_principle;detection_principle;light_type;light_spot
2013285,BEF-KH-W12,W11-2,,accessory,Fotocelulas (Photoelectric sensors),B,B-51,50,2,B-55,,,,,,,,,,,,,,,,,,,,,,,,,,"Soporte de fijación para montaje de cola de milano, acero galvanizado, con material de fijación",,
2013942,BEF-WG-W12,W11-2,,accessory,Fotocelulas (Photoelectric sensors),B,B-51,50,2,H-171,,,,,,,,,,,,,,,,,,,,,,,,,,"Escuadra de fijación, grande, acero inoxidable, con material de fijación",,
2051608,BEF-KHS-N02,W11-2,,accessory,Fotocelulas (Photoelectric sensors),B,B-51,50,5,B-55;B-58;H-163;H-171,,,,,,,,,,,,,,,,,,,,,,,,,,"Placa N02 para soporte de fijación universal, acero galvanizado (placa), fundición de cinc (soporte de fijación), soporte de fijación universal, material de fijación",,
1041400,WTF12-3P2441,W12-3,WTF12-3,product,Fotocelulas (Photoelectric sensors),B,B-52,51,1,,Fotocélula de detección sobre objeto,www.mysick.com/es/W12-3,30,500,,,,,,,,,,PNP,conmutación en claro/oscuro,Conector macho M12 de 4 polos,,fotocélula de detección sobre objeto,supresión del primer plano,,Ø 7 mm (300 mm),"Potenciómetro, 5 revoluciones",,,,,,product_name;product_url;output_function;sensor_principle;detection_principle
1041401,WTF12-3P2443,W12-3,WTF12-3,product,Fotocelulas (Photoelectric sensors),B,B-52,51,1,,Fotocélula de detección sobre objeto,www.mysick.com/es/W12-3,30,500,,,,,,,,,,PNP,conmutación en claro/oscuro,Conector macho M12 de 4 polos,,fotocélula de detección sobre objeto,supresión del primer plano,,Ø 7 mm (300 mm),Teach-in,,,,,,product_name;product_url;output_function;sensor_principle;detection_principle
1041403,WTF12-3N2441,W12-3,WTF12-3,product,Fotocelulas (Photoelectric sensors),B,B-52,51,1,,Fotocélula de detección sobre objeto,www.mysick.com/es/W12-3,30,500,,,,,,,,,,NPN,conmutación en claro/oscuro,Conector macho M12 de 4 polos,,fotocélula de detección sobre objeto,supresión del primer plano,,Ø 7 mm (300 mm),"Potenciómetro, 5 revoluciones",,,,,,product_name;product_url;output_function;sensor_principle;detection_principle
1041404,WTF12-3P2431,W12-3,WTF12-3,product,Fotocelulas (Photoelectric sensors),B,B-52,51,1,,Fotocélula de detección sobre objeto,www.mysick.com/es/W12-3,30,175,,,,,,,,,,PNP,conmutación en claro/oscuro,Conector macho M12 de 4 polos,,fotocélula de detección sobre objeto,supresión del primer plano,,Ø 2 mm (60 mm),"Potenciómetro, 5 revoluciones",,,,,,product_name;product_url;output_function;sensor_principle;detection_principle
1041405,WTF12-3P2433,W12-3,WTF12-3,product,Fotocelulas (Photoelectric sensors),B,B-52,51,1,,Fotocélula de detección sobre objeto,www.mysick.com/es/W12-3,30,175,,,,,,,,,,PNP,conmutación en claro/oscuro,Conector macho M12 de 4 polos,,fotocélula de detección sobre objeto,supresión del primer plano,,Ø 2 mm (60 mm),Teach-in,,,,,,product_name;product_url;output_function;sensor_principle;detection_principle
1041408,WTF12-3N2431,W12-3,WTF12-3,product,Fotocelulas (Photoelectric sensors),B,B-52,51,1,,Fotocélula de detección sobre objeto,www.mysick.com/es/W12-3,30,175,,,,,,,,,,NPN,conmutación en claro/oscuro,Conector macho M12 de 4 polos,,fotocélula de detección sobre objeto,supresión del primer plano,,Ø 2 mm (60 mm),"Potenciómetro, 5 revoluciones",,,,,,product_name;product_url;output_function;sensor_principle;detection_principle
1041409,WTF12-3N2433,W12-3,WTF12-3,product,Fotocelulas (Photoelectric sensors),B,B-52,51,1,,Fotocélula de detección sobre objeto,www.mysick.com/es/W12-3,30,175,,,,,,,,,,NPN,conmutación en claro/oscuro,Conector macho M12 de 4 polos,,fotocélula de detección sobre objeto,supresión del primer plano,,Ø 2 mm (60 mm),Teach-in,,,,,,product_name;product_url;output_function;sensor_principle;detection_principle
1041411,WTB12-3P2431,W12-3,WTB12-3,product,Fotocelulas (Photoelectric sensors),B,B-53,52,1,,"Fotocélula de detección sobre objeto, supresión del fondo",,20,350,,,,,,,,,,PNP,conmutación en claro/oscuro,Conector macho M12 de 4 polos,,fotocélula de detección sobre objeto,supresión del fondo,,Ø 6 mm (200 mm),"Potenciómetro, 5 revoluciones",,,,,,product_name;switching_output;output_function;sensor_principle;detection_principle;light_spot
1041412,WTB12-3P2433,W12-3,WTB12-3,product,Fotocelulas (Photoelectric sensors),B,B-53,52,1,,"Fotocélula de detección sobre objeto, supresión del fondo",,20,350,,,,,,,,,,PNP,conmutación en claro/oscuro,Conector macho M12 de 4 polos,,fotocélula de detección sobre objeto,supresión del fondo,,Ø 6 mm (200 mm),Teach-in,,,,,,product_name;switching_output;output_function;sensor_principle;detection_principle;light_spot
1041436,WL12-3P2431,W12-3,WL12-3,product,Fotocelulas (Photoelectric sensors),B,B-53,52,1,,"Barrera fotoeléctrica de reflexión, autocolimación",,0,7000,,,,,,,,,,PNP,conmutación en claro/oscuro,Conector macho M12 de 4 polos,,barrera fotoeléctrica de reflexión,autocolimación,,Ø 100 mm (3 m),"potenciómetro, 5 revoluciones",,,,,"{""Filtro polarizador"": ""l""}",product_name;output_function;sensor_principle;detection_principle;light_spot;adjustment;other_specs
1041440,WL12-3N2431,W12-3,WL12-3,product,Fotocelulas (Photoelectric sensors),B,B-53,52,1,,"Barrera fotoeléctrica de reflexión, autocolimación",,0,7000,,,,,,,,,,NPN,conmutación en claro/oscuro,Conector macho M12 de 4 polos,,barrera fotoeléctrica de reflexión,autocolimación,,Ø 100 mm (3 m),"potenciómetro, 5 revoluciones",,,,,"{""Filtro polarizador"": ""l""}",product_name;output_function;sensor_principle;detection_principle;light_spot;adjustment;other_specs
1060222,WTB12C-3P2432A91,W12-3,WTB12-3,product,Fotocelulas (Photoelectric sensors),B,B-53,52,1,,"Fotocélula de detección sobre objeto, IO-Link",,20,350,,,,,,,,,,PNP,conmutación en claro/oscuro,Conector macho M12 de 4 polos,,fotocélula de detección sobre objeto,supresión del fondo,,15 mm x 15 mm (200 mm),teach-in,,,,,"{""IO-Link"": ""Funciones estándar, funciones avanzadas"", ""Funciones avanzadas"": ""Sellado de tiempo, supresión de rebotes descentralizada""}",product_name;switching_output;output_function;adjustment;sensor_principle;detection_principle;other_specs
1067771,WTB12C-3P2432,W12-3,WTB12-3,product,Fotocelulas (Photoelectric sensors),B,B-53,52,1,,"Fotocélula de detección sobre objeto, IO-Link",,20,350,,,,,,,,,,PNP,conmutación en claro/oscuro,Conector macho M12 de 4 polos,,fotocélula de detección sobre objeto,supresión del fondo,,Ø 6 mm (200 mm),teach-in,,,,,"{""IO-Link"": ""Funciones estándar""}",product_name;switching_output;output_function;adjustment;sensor_principle;detection_principle
1067772,WTB12C-3P2432A70,W12-3,WTB12-3,product,Fotocelulas (Photoelectric sensors),B,B-53,52,1,,"Fotocélula de detección sobre objeto, IO-Link",,20,350,,,,,,,,,,PNP,conmutación en claro/oscuro,Conector macho M12 de 4 polos,,fotocélula de detección sobre objeto,supresión del fondo,,Ø 6 mm (200 mm),teach-in,,,,,"{""IO-Link"": ""Funciones estándar, funciones avanzadas"", ""Funciones avanzadas"": ""Cronometraje/cronómetro, supresión de rebotes descentralizada""}",product_name;switching_output;output_function;adjustment;sensor_principle;detection_principle;other_specs
1067773,WTB12C-3P2432A71,W12-3,WTB12-3,product,Fotocelulas (Photoelectric sensors),B,B-53,52,1,,"Fotocélula de detección sobre objeto, IO-Link",,20,350,,,,,,,,,,PNP,conmutación en claro/oscuro,Conector macho M12 de 4 polos,,fotocélula de detección sobre objeto,supresión del fondo,,Ø 6 mm (200 mm),teach-in,,,,,"{""IO-Link"": ""Funciones estándar, funciones avanzadas"", ""Funciones avanzadas"": ""Contador de alta velocidad, supresión de rebotes descentralizada""}",product_name;switching_output;output_function;adjustment;sensor_principle;detection_principle;other_specs
1041459,WSE12-3P2431,W12-3,WSE12-3,product,Fotocelulas (Photoelectric sensors),B,B-54,53,1,,WSE12-3,,0,20000,,,,,,,,,,PNP,conmutación en claro/oscuro,Conector macho M12 de 4 polos,,barrera emisor-receptor,,,Ø 220 mm (15 m),"potenciómetro, 5 revoluciones",,,,,,output_function;sensor_principle;light_spot;adjustment
1041462,WSE12-3N2431,W12-3,WSE12-3,product,Fotocelulas (Photoelectric sensors),B,B-54,53,1,,WSE12-3,,0,20000,,,,,,,,,,NPN,conmutación en claro/oscuro,Conector macho M12 de 4 polos,,barrera emisor-receptor,,,Ø 220 mm (15 m),"potenciómetro, 5 revoluciones",,,,,,output_function;sensor_principle;light_spot;adjustment
1067774,WL12C-3P2432,W12-3,WL12-3,product,Fotocelulas (Photoelectric sensors),B,B-54,53,1,,"WL12-3, IO-Link",,0,7000,,,,,,,,,,PNP,conmutación en claro/oscuro,Conector macho M12 de 4 polos,,barrera fotoeléctrica de reflexión,autocolimación,,Ø 100 mm (3 m),teach-in,,,,,"{""Filtro polarizador"": ""l"", ""IO-Link"": ""Funciones estándar""}",switching_output;output_function;sensor_principle;detection_principle;light_spot;adjustment;Filtro polarizador
1067775,WL12C-3P2432A70,W12-3,WL12-3,product,Fotocelulas (Photoelectric sensors),B,B-54,53,1,,"WL12-3, IO-Link",,0,7000,,,,,,,,,,PNP,conmutación en claro/oscuro,Conector macho M12 de 4 polos,,barrera fotoeléctrica de reflexión,autocolimación,,Ø 100 mm (3 m),teach-in,,,,,"{""Filtro polarizador"": ""l"", ""IO-Link"": ""Funciones estándar"", ""Funciones avanzadas"": ""Cronometraje/cronómetro, supresión de rebotes descentralizada""}",switching_output;output_function;sensor_principle;detection_principle;light_spot;adjustment;Filtro polarizador
1067776,WL12C-3P2432A71,W12-3,WL12-3,product,Fotocelulas (Photoelectric sensors),B,B-54,53,1,,"WL12-3, IO-Link",,0,7000,,,,,,,,,,PNP,conmutación en claro/oscuro,Conector macho M12 de 4 polos,,barrera fotoeléctrica de reflexión,autocolimación,,Ø 100 mm (3 m),teach-in,,,,,"{""Filtro polarizador"": ""l"", ""IO-Link"": ""Funciones estándar, funciones avanzadas"", ""Funciones avanzadas"": ""Contador de alta velocidad, supresión de rebotes descentralizada""}",switching_output;output_function;sensor_principle;detection_principle;light_spot;adjustment;Filtro polarizador
1067777,WL12C-3P2432A91,W12-3,WL12-3,product,Fotocelulas (Photoelectric sensors),B,B-54,53,1,,"WL12-3, IO-Link",,0,7000,,,,,,,,,,PNP,conmutación en claro/oscuro,Conector macho M12 de 4 polos,,barrera fotoeléctrica de reflexión,autocolimación,,Ø 100 mm (3 m),teach-in,,,,,"{""Filtro polarizador"": ""l"", ""IO-Link"": ""Funciones estándar, funciones avanzadas"", ""Funciones avanzadas"": ""Sellado de tiempo, supresión de rebotes descentralizada""}",switching_output;output_function;sensor_principle;detection_principle;light_spot;adjustment;Filtro polarizador
1067780,WSE12C-3P2430,W12-3,WSE12-3,product,Fotocelulas (Photoelectric sensors),B,B-54,53,1,,"WSE12-3, IO-Link",,0,20000,,,,,,,,,,PNP,conmutación en claro/oscuro,Conector macho M12 de 4 polos,,barrera emisor-receptor,,,Ø 220 mm (15 m),,,,,,"{""IO-Link"": ""Funciones estándar""}",switching_output;output_function;sensor_principle;light_spot
1067781,WSE12C-3P2430A70,W12-3,WSE12-3,product,Fotocelulas (Photoelectric sensors),B,B-54,53,1,,"WSE12-3, IO-Link",,0,20000,,,,,,,,,,PNP,conmutación en claro/oscuro,Conector macho M12 de 4 polos,,barrera emisor-receptor,,,Ø 220 mm (15 m),,,,,,"{""IO-Link"": ""Funciones estándar"", ""Funciones avanzadas"": ""Cronometraje/cronómetro, supresión de rebotes descentralizada""}",switching_output;output_function;sensor_principle;light_spot
1067782,WSE12C-3P2430A71,W12-3,WSE12-3,product,Fotocelulas (Photoelectric sensors),B,B-54,53,1,,"WSE12-3, IO-Link",,0,20000,,,,,,,,,,PNP,conmutación en claro/oscuro,Conector macho M12 de 4 polos,,barrera emisor-receptor,,,Ø 220 mm (15 m),,,,,,"{""IO-Link"": ""Funciones estándar, funciones avanzadas"", ""Funciones avanzadas"": ""Contador de alta velocidad, supresión de rebotes descentralizada""}",switching_output;output_function;sensor_principle;light_spot
1067783,WSE12C-3P2430A91,W12-3,WSE12-3,product,Fotocelulas (Photoelectric sensors),B,B-54,53,1,,"WSE12-3, IO-Link",,0,20000,,,,,,,,,,PNP,conmutación en claro/oscuro,Conector macho M12 de 4 polos,,barrera emisor-receptor,,,Ø 220 mm (15 m),,,,,,"{""IO-Link"": ""Funciones estándar, funciones avanzadas"", ""Funciones avanzadas"": ""Sellado de tiempo, supresión de rebotes descentralizada""}",switching_output;output_function;sensor_principle;light_spot
2045175,BEF-SG-W12-3,W12-3,,accessory,Fotocelulas (Photoelectric sensors),B,B-55,54,1,,,,,,,,,,,,,,,,,,,,,,,,,,,"Carcasa de protección para soporte de fijación universal, acero galvanizado (carcasa de protección), fundición de cinc (soporte de fijación), soporte de fijación universal, material de fijación",,
6009382,DOL-1204-G02M,W12-3,,accessory,Fotocelulas (Photoelectric sensors),B,B-55,54,16,B-44;B-48;B-51;B-58;B-63;B-68;C-78;C-85;C-88;G-140;G-142;G-144;G-146;H-171;I-175,,,,,,,,,,,,,,,,"conector hembra M12 de 4 polos, recto",,,,,,,,,,"Cabezal A: conector hembra M12 de 4 polos, recto; Cabezal B: cable; Cable: PVC, sin apantallar, 2 m",,connection
6044728,WTE280-2P2431,W280-2,WTE280-2,product,Fotocelulas (Photoelectric sensors),B,B-56,55,1,,fotocélula de detección sobre objeto,www.mysick.com/es/W280-2,10,2000,,,,,,,,,,PNP,conmutación en claro/oscuro,conector macho M12 de 4 polos,,fotocélula de detección sobre objeto,,Luz roja,Ø 45 mm (1.500 mm),,,,,,,light_type
6044729,WTE280-2N2431,W280-2,WTE280-2,product,Fotocelulas (Photoelectric sensors),B,B-56,55,1,,fotocélula de detección sobre objeto,www.mysick.com/es/W280-2,10,2000,,,,,,,,,,NPN,conmutación en claro/oscuro,conector macho M12 de 4 polos,,fotocélula de detección sobre objeto,,Luz roja,Ø 45 mm (1.500 mm),,,,,,,light_type
6044730,WTE280-2H4331,W280-2,WTE280-2,product,Fotocelulas (Photoelectric sensors),B,B-57,56,1,,fotocélula de detección sobre objeto,,10,2000,,,,,,,,,,relé,conmutación en claro,Conexión de bornes,,fotocélula de detección sobre objeto,,,Ø 45 mm (1.500 mm),,,,,,"{""Categoría de sobretensión"": ""2""}",product_name;switching_output;output_function;sensor_principle;light_spot
6044731,WTE280-2H1531,W280-2,WTE280-2,product,Fotocelulas (Photoelectric sensors),B,B-57,56,1,,fotocélula de detección sobre objeto,,10,2000,,,,,,,,,,relé,conmutación en claro,"Cable de 5 hilos, 2 m",,fotocélula de detección sobre objeto,,,Ø 45 mm (1.500 mm),,,,,,"{""Categoría de sobretensión"": ""2""}",product_name;switching_output;output_function;sensor_principle;light_spot
6044736,WL280-2P2431,W280-2,WL280-2,product,Fotocelulas (Photoelectric sensors),B,B-57,56,1,,barrera fotoeléctrica de reflexión,,10,15000,,,,,,,,,,PNP,conmutación en claro/oscuro,conector macho M12 de 4 polos,,barrera fotoeléctrica de reflexión,,,Ø 260 mm (8 m),,,,,,,product_name;output_function;connection;sensor_principle;light_spot
6044737,WL280-2N2431,W280-2,WL280-2,product,Fotocelulas (Photoelectric sensors),B,B-57,56,1,,barrera fotoeléctrica de reflexión,,10,12000,,,,,,,,,,NPN,conmutación en claro/oscuro,conector macho M12 de 4 polos,,barrera fotoeléctrica de reflexión,,,Ø 260 mm (8 m),,,,,,,product_name;output_function;connection;sensor_principle;light_spot
6044738,WL280-2H4331,W280-2,WL280-2,product,Fotocelulas (Photoelectric sensors),B,B-57,56,1,,barrera fotoeléctrica de reflexión,,10,15000,,,,,,,,,,relé,conmutación en claro,Conexión de bornes,,barrera fotoeléctrica de reflexión,,,Ø 260 mm (8 m),,,,,,"{""Categoría de sobretensión"": ""2""}",product_name;switching_output;output_function;sensor_principle;light_spot
6044739,WL280-2H1531,W280-2,WL280-2,product,Fotocelulas (Photoelectric sensors),B,B-57,56,1,,barrera fotoeléctrica de reflexión,,10,15000,,,,,,,,,,relé,conmutación en claro,"Cable de 5 hilos, 2 m",,barrera fotoeléctrica de reflexión,,,Ø 260 mm (8 m),,,,,,"{""Categoría de sobretensión"": ""2""}",product_name;switching_output;output_function;sensor_principle;light_spot
6044745,WSE280-2P2431,W280-2,WSE280-2,product,Fotocelulas (Photoelectric sensors),B,B-57,56,1,,barrera emisor-receptor,,0,60000,,,,,,,,,,PNP,conmutación en claro/oscuro,conector macho M12 de 4 polos,,barrera emisor-receptor,,,"Ø 0,6 m (20 m)",,,,,,,product_name;output_function;connection;sensor_principle;light_spot
6044746,WSE280-2N2431,W280-2,WSE280-2,product,Fotocelulas (Photoelectric sensors),B,B-57,56,1,,barrera emisor-receptor,,0,60000,,,,,,,,,,NPN,conmutación en claro/oscuro,conector macho M12 de 4 polos,,barrera emisor-receptor,,,"Ø 0,6 m (20 m)",,,,,,,product_name;output_function;connection;sensor_principle;light_spot
6044758,WTE280-2R4331,W280-2,WTE280-2,product,Fotocelulas (Photoelectric sensors),B,B-57,56,1,,fotocélula de detección sobre objeto,,10,2000,,,,,,,,,,relé,conmutación en claro,Conexión de bornes,,fotocélula de detección sobre objeto,,,Ø 45 mm (1.500 mm),,,,,,"{""Categoría de sobretensión"": ""3""}",product_name;switching_output;output_function;sensor_principle;light_spot
6044759,WTE280-2R1531,W280-2,WTE280-2,product,Fotocelulas (Photoelectric sensors),B,B-57,56,1,,fotocélula de detección sobre objeto,,10,2000,,,,,,,,,,relé,conmutación en claro,"Cable de 5 hilos, 2 m",,fotocélula de detección sobre objeto,,,Ø 45 mm (1.500 mm),,,,,,"{""Categoría de sobretensión"": ""3""}",product_name;switching_output;output_function;sensor_principle;light_spot
6044760,WL280-2R4331,W280-2,WL280-2,product,Fotocelulas (Photoelectric sensors),B,B-57,56,1,,barrera fotoeléctrica de reflexión,,10,15000,,,,,,,,,,relé,conmutación en claro,Conexión de bornes,,barrera fotoeléctrica de reflexión,,,Ø 260 mm (8 m),,,,,,"{""Categoría de sobretensión"": ""3""}",product_name;switching_output;output_function;sensor_principle;light_spot
6044761,WL280-2R1531,W280-2,WL280-2,product,Fotocelulas (Photoelectric sensors),B,B-57,56,1,,barrera fotoeléctrica de reflexión,,10,15000,,,,,,,,,,relé,conmutación en claro,"Cable de 5 hilos, 2 m",,barrera fotoeléctrica de reflexión,,,Ø 260 mm (8 m),,,,,,"{""Categoría de sobretensión"": ""3""}",product_name;switching_output;output_function;sensor_principle;light_spot
5313885,BEF-W280,W280-2,,accessory,Fotocelulas (Photoelectric sensors),B,B-58,57,2,B-60,,,,,,,,,,,,,,,,,,,,,,,,,,"Escuadra de fijación, acero inoxidable V2A (1.4301), con material de fijación",,
6044747,WSE280-2H4331,W280-2,WSE280-2,product,Fotocelulas (Photoelectric sensors),B,B-58,57,1,,barrera emisor-receptor,,0,60000,,,,,,,,,,relé,conmutación en claro,Conexión de bornes,,barrera emisor-receptor,,,"Ø 0,6 m (20 m)",,,,,,"{""Categoría de sobretensión"": ""2""}",product_name;sensor_principle;light_spot;switching_output;output_function
6044748,WSE280-2H1531,W280-2,WSE280-2,product,Fotocelulas (Photoelectric sensors),B,B-58,57,1,,barrera emisor-receptor,,0,60000,,,,,,,,,,relé,conmutación en claro,"Cable de 5 hilos, 2 m",,barrera emisor-receptor,,,"Ø 0,6 m (20 m)",,,,,,"{""Categoría de sobretensión"": ""2""}",product_name;sensor_principle;light_spot;switching_output;output_function
6044762,WSE280-2R4331,W280-2,WSE280-2,product,Fotocelulas (Photoelectric sensors),B,B-58,57,1,,barrera emisor-receptor,,0,60000,,,,,,,,,,relé,conmutación en claro,Conexión de bornes,,barrera emisor-receptor,,,"Ø 0,6 m (20 m)",,,,,,"{""Categoría de sobretensión"": ""3""}",product_name;sensor_principle;light_spot;switching_output;output_function
6044763,WSE280-2R1531,W280-2,WSE280-2,product,Fotocelulas (Photoelectric sensors),B,B-58,57,1,,barrera emisor-receptor,,0,60000,,,,,,,,,,relé,conmutación en claro,"Cable de 5 hilos, 2 m",,barrera emisor-receptor,,,"Ø 0,6 m (20 m)",,,,,,"{""Categoría de sobretensión"": ""3""}",product_name;sensor_principle;light_spot;switching_output;output_function
6048061,WTT280L-2P2531,W280L-2,WTT280L-2,product,Fotocelulas (Photoelectric sensors),B,B-59,58,1,,"Largo alcance, luz láser roja visible de clase 1",www.mysick.com/es/W280L-2_Long_Range,200,4000,,,,,1000,,,,,PNP,conmutación en claro/oscuro,Conector macho M12 de 5 polos,,fotocélula de detección sobre objeto,,Luz láser roja visible de clase 1,Ø 12 mm (3 m),,,,,,"{""Tipo de tensión"": ""CC""}",product_name;light_type;switching_frequency_hz
6048062,WTT280L-2P2536,W280L-2,WTT280L-2,product,Fotocelulas (Photoelectric sensors),B,B-59,58,1,,"Largo alcance, luz láser roja visible de clase 1",www.mysick.com/es/W280L-2_Long_Range,200,3000,,,,,1000,,,,,2 PNP,conmutación en claro/oscuro,Conector macho M12 de 5 polos,,fotocélula de detección sobre objeto,,Luz láser roja visible de clase 1,Ø 12 mm (3 m),,,,,,"{""Tipo de tensión"": ""CC""}",product_name;light_type;switching_frequency_hz
6048063,WTT280L-2N2531,W280L-2,WTT280L-2,product,Fotocelulas (Photoelectric sensors),B,B-59,58,1,,"Largo alcance, luz láser roja visible de clase 1",www.mysick.com/es/W280L-2_Long_Range,200,4000,,,,,1000,,,,,NPN,conmutación en claro/oscuro,Conector macho M12 de 5 polos,,fotocélula de detección sobre objeto,,Luz láser roja visible de clase 1,Ø 12 mm (3 m),,,,,,"{""Tipo de tensión"": ""CC""}",product_name;light_type;switching_frequency_hz
6048064,WTT280L-2N2536,W280L-2,WTT280L-2,product,Fotocelulas (Photoelectric sensors),B,B-59,58,1,,"Largo alcance, luz láser roja visible de clase 1",www.mysick.com/es/W280L-2_Long_Range,200,3000,,,,,1000,,,,,2 x NPN,conmutación en claro/oscuro,Conector macho M12 de 5 polos,,fotocélula de detección sobre objeto,,Luz láser roja visible de clase 1,Ø 12 mm (3 m),,,,,,"{""Tipo de tensión"": ""CC""}",product_name;light_type;switching_frequency_hz
6048065,WTT280L-2P1531,W280L-2,WTT280L-2,product,Fotocelulas (Photoelectric sensors),B,B-59,58,1,,"Largo alcance, luz láser roja visible de clase 1",www.mysick.com/es/W280L-2_Long_Range,200,4000,,,,,1000,,,,,PNP,conmutación en claro/oscuro,"Cable de 5 hilos, 2 m, PVC",,fotocélula de detección sobre objeto,,Luz láser roja visible de clase 1,Ø 12 mm (3 m),,,,,,"{""Tipo de tensión"": ""CC""}",product_name;light_type;switching_frequency_hz
6048066,WTT280L-2P1536,W280L-2,WTT280L-2,product,Fotocelulas (Photoelectric sensors),B,B-59,58,1,,"Largo alcance, luz láser roja visible de clase 1",www.mysick.com/es/W280L-2_Long_Range,200,3000,,,,,1000,,,,,2 PNP,conmutación en claro/oscuro,"Cable de 5 hilos, 2 m, PVC",,fotocélula de detección sobre objeto,,Luz láser roja visible de clase 1,Ø 12 mm (3 m),,,,,,"{""Tipo de tensión"": ""CC""}",product_name;light_type;switching_frequency_hz
6048067,WTT280L-2N1531,W280L-2,WTT280L-2,product,Fotocelulas (Photoelectric sensors),B,B-59,58,1,,"Largo alcance, luz láser roja visible de clase 1",www.mysick.com/es/W280L-2_Long_Range,200,4000,,,,,1000,,,,,NPN,conmutación en claro/oscuro,"Cable de 5 hilos, 2 m, PVC",,fotocélula de detección sobre objeto,,Luz láser roja visible de clase 1,Ø 12 mm (3 m),,,,,,"{""Tipo de tensión"": ""CC""}",product_name;light_type;switching_frequency_hz
6048068,WTT280L-2N1536,W280L-2,WTT280L-2,product,Fotocelulas (Photoelectric sensors),B,B-59,58,1,,"Largo alcance, luz láser roja visible de clase 1",www.mysick.com/es/W280L-2_Long_Range,200,3000,,,,,1000,,,,,2 x NPN,conmutación en claro/oscuro,"Cable de 5 hilos, 2 m, PVC",,fotocélula de detección sobre objeto,,Luz láser roja visible de clase 1,Ø 12 mm (3 m),,,,,,"{""Tipo de tensión"": ""CC""}",product_name;light_type;switching_frequency_hz
2051610,BEF-KHS-N04,W280L-2,,accessory,Fotocelulas (Photoelectric sensors),B,B-60,59,1,,,,,,,,,,,,,,,,,,,,,,,,,,,"Placa N04 para soporte de fijación universal, acero galvanizado (placa), fundición de cinc (soporte de fijación), soporte de fijación universal, material de fijación",,
4063030,REF-AC1000-56,W280L-2,,accessory,Fotocelulas (Photoelectric sensors),B,B-60,59,1,,,,,,,,,,,,,,,,,,,,,,,,,,,"Adecuado para sensores láser, autoadhesivo, corte, respetar las indicaciones de alineación, 56,3 mm x 56,3 mm",,
5325060,PL81-1F,W280L-2,,accessory,Fotocelulas (Photoelectric sensors),B,B-60,59,1,,,,,,,,,,,,,,,,,,,,,,,,,,,"Triple de precisión, atornillable, apto para sensores láser, 76 mm x 45 mm, PMMA/ABS, atornillable, fijación de 2 orificios",,
5326523,PL30F,W280L-2,,accessory,Fotocelulas (Photoelectric sensors),B,B-60,59,1,,,,,,,,,,,,,,,,,,,,,,,,,,,"Triple de precisión, atornillable, apto para sensores láser, 56 mm x 28 mm, PMMA/ABS, atornillable, fijación de 2 orificios",,
6048069,WLT280L-2P2536,W280L-2,WLT280L-2,product,Fotocelulas (Photoelectric sensors),B,B-60,59,1,,fotocélula de detección sobre objeto,,200,18000,,,,,,,,,,2 PNP,conmutación en claro/oscuro,conector macho M12 de 5 polos,,fotocélula de detección sobre objeto,,,Ø 50 mm (18 m),,,,,,"{""Tipo de tensión"": ""CC"", ""Reflector"": ""P250, PL80A""}",other_specs
6048070,WLT280L-2N2536,W280L-2,WLT280L-2,product,Fotocelulas (Photoelectric sensors),B,B-60,59,1,,fotocélula de detección sobre objeto,,200,18000,,,,,,,,,,2 x NPN,conmutación en claro/oscuro,conector macho M12 de 5 polos,,fotocélula de detección sobre objeto,,,Ø 50 mm (18 m),,,,,,"{""Tipo de tensión"": ""CC"", ""Reflector"": ""P250, PL80A""}",other_specs
1058200,GRTE18S-P2342,GR18S,GRTE18S,product,Fotocelulas (Photoelectric sensors),B,B-61,60,1,,Fotocélula cilíndrica GR18S,www.mysick.com/es/GR18S,5,550,,,,,,,,,,PNP,Conmutación en claro,M12 de 3 pines,,fotocélula de detección sobre objeto,energética,,Ø 9 mm (400 mm),"potenciómetro, 270°",IP 67,metal,,,"{""Forma de la carcasa"": ""Axial""}",product_name;product_url;sensor_principle;detection_principle;adjustment;connection;enclosure_rating;housing_material
1058204,GRTE18S-P2312,GR18S,GRTE18S,product,Fotocelulas (Photoelectric sensors),B,B-61,60,1,,Fotocélula cilíndrica GR18S,www.mysick.com/es/GR18S,3,115,,,,,,,,,,PNP,Conmutación en claro,M12 de 3 pines,,fotocélula de detección sobre objeto,energética,,Ø 8 mm (100 mm),"potenciómetro, 270°",IP 67,metal,,,"{""Forma de la carcasa"": ""Axial""}",product_name;product_url;sensor_principle;detection_principle;adjustment;connection;enclosure_rating;housing_material
1059408,GRTE18S-N2312,GR18S,GRTE18S,product,Fotocelulas (Photoelectric sensors),B,B-61,60,1,,Fotocélula cilíndrica GR18S,www.mysick.com/es/GR18S,3,115,,,,,,,,,,NPN,Conmutación en claro,M12 de 3 pines,,fotocélula de detección sobre objeto,energética,,Ø 8 mm (100 mm),"potenciómetro, 270°",IP 67,metal,,,"{""Forma de la carcasa"": ""Axial""}",product_name;product_url;sensor_principle;detection_principle;adjustment;connection;enclosure_rating;housing_material
1059409,GRTE18S-E231Z,GR18S,GRTE18S,product,Fotocelulas (Photoelectric sensors),B,B-61,60,1,,Fotocélula cilíndrica GR18S,www.mysick.com/es/GR18S,3,115,,,,,,,,,,NPN,Conmutación en oscuro,M12 de 3 pines,,fotocélula de detección sobre objeto,energética,,Ø 8 mm (100 mm),"potenciómetro, 270°",IP 67,metal,,,"{""Forma de la carcasa"": ""Axial, completamente enrasado""}",product_name;product_url;sensor_principle;detection_principle;adjustment;connection;enclosure_rating;housing_material
1059436,GRTE18S-P231Z,GR18S,GRTE18S,product,Fotocelulas (Photoelectric sensors),B,B-61,60,1,,Fotocélula cilíndrica GR18S,www.mysick.com/es/GR18S,3,115,,,,,,,,,,PNP,Conmutación en claro,M12 de 3 pines,,fotocélula de detección sobre objeto,energética,,Ø 8 mm (100 mm),"potenciómetro, 270°",IP 67,metal,,,"{""Forma de la carcasa"": ""Axial, completamente enrasado""}",product_name;product_url;sensor_principle;detection_principle;adjustment;connection;enclosure_rating;housing_material
1059440,GRTE18S-P231X,GR18S,GRTE18S,product,Fotocelulas (Photoelectric sensors),B,B-61,60,1,,Fotocélula cilíndrica GR18S,www.mysick.com/es/GR18S,3,115,,,,,,,,,,PNP,Conmutación en claro,M12 de 3 pines,,fotocélula de detección sobre objeto,energética,,Ø 8 mm (100 mm),"potenciómetro, 270°",IP 67,metal,,,"{""Forma de la carcasa"": ""Radial, completamente enrasado""}",product_name;product_url;sensor_principle;detection_principle;adjustment;connection;enclosure_rating;housing_material
1059482,GRTE18S-N2342,GR18S,GRTE18S,product,Fotocelulas (Photoelectric sensors),B,B-61,60,1,,Fotocélula cilíndrica GR18S,www.mysick.com/es/GR18S,5,550,,,,,,,,,,NPN,Conmutación en claro,M12 de 3 pines,,fotocélula de detección sobre objeto,energética,,Ø 9 mm (400 mm),"potenciómetro, 270°",IP 67,metal,,,"{""Forma de la carcasa"": ""Axial""}",product_name;product_url;sensor_principle;detection_principle;adjustment;connection;enclosure_rating;housing_material
1059483,GRTE18S-E234Z,GR18S,GRTE18S,product,Fotocelulas (Photoelectric sensors),B,B-61,60,1,,Fotocélula cilíndrica GR18S,www.mysick.com/es/GR18S,5,550,,,,,,,,,,NPN,Conmutación en oscuro,M12 de 3 pines,,fotocélula de detección sobre objeto,energética,,Ø 9 mm (400 mm),"potenciómetro, 270°",IP 67,metal,,,"{""Forma de la carcasa"": ""Axial, completamente enrasado""}",product_name;product_url;sensor_principle;detection_principle;adjustment;connection;enclosure_rating;housing_material
1059486,GRTE18S-F234Z,GR18S,GRTE18S,product,Fotocelulas (Photoelectric sensors),B,B-61,60,1,,Fotocélula cilíndrica GR18S,www.mysick.com/es/GR18S,5,550,,,,,,,,,,PNP,Conmutación en oscuro,M12 de 3 pines,,fotocélula de detección sobre objeto,energética,,Ø 9 mm (400 mm),"potenciómetro, 270°",IP 67,metal,,,"{""Forma de la carcasa"": ""Axial, completamente enrasado""}",product_name;product_url;sensor_principle;detection_principle;adjustment;connection;enclosure_rating;housing_material
1059489,GRTE18S-P234X,GR18S,GRTE18S,product,Fotocelulas (Photoelectric sensors),B,B-61,60,1,,Fotocélula cilíndrica GR18S,www.mysick.com/es/GR18S,5,550,,,,,,,,,,PNP,Conmutación en claro,M12 de 3 pines,,fotocélula de detección sobre objeto,energética,,Ø 9 mm (400 mm),"potenciómetro, 270°",IP 67,metal,,,"{""Forma de la carcasa"": ""Radial, completamente enrasado""}",product_name;product_url;sensor_principle;detection_principle;adjustment;connection;enclosure_rating;housing_material
1058192,GRL18S-P2336,GR18S,GRL18S,product,Fotocelulas (Photoelectric sensors),B,B-62,61,1,,Fotocélulas cilíndricas,,30,7200,,,,,,,,,,PNP,Conmutación en claro,Conector macho M12 de 3 polos,,barrera fotoeléctrica de reflexión,lente doble,,Ø 175 mm (7 m),,,,,,"{""Forma de la carcasa"": ""Axial""}",product_name
1058193,GRTE18S-P2347,GR18S,GRTE18S,product,Fotocelulas (Photoelectric sensors),B,B-62,61,1,,Fotocélulas cilíndricas,,5,550,,,,,,,,,,PNP,Conmutación en claro,M12 de 3 pines,,fotocélula de detección sobre objeto,energética,,Ø 9 mm (400 mm),"potenciómetro, 270°",,,,,"{""Forma de la carcasa"": ""Axial""}",product_name;other_specs
1058196,GRTE18S-P2317,GR18S,GRTE18S,product,Fotocelulas (Photoelectric sensors),B,B-62,61,1,,Fotocélulas cilíndricas,,3,115,,,,,,,,,,PNP,Conmutación en claro,M12 de 3 pines,,fotocélula de detección sobre objeto,energética,,Ø 8 mm (100 mm),"potenciómetro, 270°",,,,,"{""Forma de la carcasa"": ""Axial""}",product_name;other_specs
1058199,GRL18S-P2331,GR18S,GRL18S,product,Fotocelulas (Photoelectric sensors),B,B-62,61,1,,Fotocélulas cilíndricas,,30,7200,,,,,,,,,,PNP,Conmutación en claro,Conector macho M12 de 3 polos,,barrera fotoeléctrica de reflexión,lente doble,,Ø 175 mm (7 m),,,,,,"{""Forma de la carcasa"": ""Axial""}",product_name
1058207,GRL18S-P233Y,GR18S,GRL18S,product,Fotocelulas (Photoelectric sensors),B,B-62,61,1,,Fotocélulas cilíndricas,,30,7200,,,,,,,,,,PNP,Conmutación en claro,Conector macho M12 de 3 polos,,barrera fotoeléctrica de reflexión,lente doble,,Ø 175 mm (7 m),,,,,,"{""Forma de la carcasa"": ""Axial, completamente enrasado""}",product_name
1058210,GRL18S-P233W,GR18S,GRL18S,product,Fotocelulas (Photoelectric sensors),B,B-62,61,1,,Fotocélulas cilíndricas,,30,7200,,,,,,,,,,PNP,Conmutación en claro,Conector macho M12 de 3 polos,,barrera fotoeléctrica de reflexión,lente doble,,Ø 175 mm (7 m),,,,,,"{""Forma de la carcasa"": ""Radial, completamente enrasado""}",product_name
1058211,GRL18S-F2338,GR18S,GRL18S,product,Fotocelulas (Photoelectric sensors),B,B-62,61,1,,Fotocélulas cilíndricas,,30,7200,,,,,,,,,,PNP,Conmutación en oscuro,Conector macho M12 de 3 polos,,barrera fotoeléctrica de reflexión,lente doble,,Ø 175 mm (7 m),,,,,,"{""Forma de la carcasa"": ""Radial""}",product_name
1058212,GRL18S-P2338,GR18S,GRL18S,product,Fotocelulas (Photoelectric sensors),B,B-62,61,1,,Fotocélulas cilíndricas,,30,7200,,,,,,,,,,PNP,Conmutación en claro,Conector macho M12 de 3 polos,,barrera fotoeléctrica de reflexión,lente doble,,Ø 175 mm (7 m),,,,,,"{""Forma de la carcasa"": ""Radial""}",product_name
1059378,GRTE18S-N2317,GR18S,GRTE18S,product,Fotocelulas (Photoelectric sensors),B,B-62,61,1,,Fotocélulas cilíndricas,,3,115,,,,,,,,,,NPN,Conmutación en claro,M12 de 3 pines,,fotocélula de detección sobre objeto,energética,,Ø 8 mm (100 mm),"potenciómetro, 270°",,,,,"{""Forma de la carcasa"": ""Axial""}",product_name;other_specs
1059406,GRTE18S-F2319,GR18S,GRTE18S,product,Fotocelulas (Photoelectric sensors),B,B-62,61,1,,Fotocélulas cilíndricas,,3,115,,,,,,,,,,PNP,Conmutación en oscuro,M12 de 3 pines,,fotocélula de detección sobre objeto,energética,,Ø 8 mm (100 mm),"potenciómetro, 270°",,,,,"{""Forma de la carcasa"": ""Radial""}",product_name;other_specs
1059441,GRTE18S-N2347,GR18S,GRTE18S,product,Fotocelulas (Photoelectric sensors),B,B-62,61,1,,Fotocélulas cilíndricas,,5,550,,,,,,,,,,NPN,Conmutación en claro,M12 de 3 pines,,fotocélula de detección sobre objeto,energética,,Ø 9 mm (400 mm),"potenciómetro, 270°",,,,,"{""Forma de la carcasa"": ""Axial""}",product_name;other_specs
1059480,GRTE18S-F2349,GR18S,GRTE18S,product,Fotocelulas (Photoelectric sensors),B,B-62,61,1,,Fotocélulas cilíndricas,,5,550,,,,,,,,,,PNP,Conmutación en oscuro,M12 de 3 pines,,fotocélula de detección sobre objeto,energética,,Ø 9 mm (400 mm),"potenciómetro, 270°",,,,,"{""Forma de la carcasa"": ""Radial""}",product_name;other_specs
1059530,GRL18S-E1336,GR18S,GRL18S,product,Fotocelulas (Photoelectric sensors),B,B-62,61,1,,Fotocélulas cilíndricas,,30,7200,,,,,,,,,,NPN,Conmutación en oscuro,"Cable de 3 hilos, 2 m, PVC",,barrera fotoeléctrica de reflexión,lente doble,,Ø 175 mm (7 m),,,,,,"{""Forma de la carcasa"": ""Axial""}",product_name
1059531,GRL18S-N1336,GR18S,GRL18S,product,Fotocelulas (Photoelectric sensors),B,B-62,61,1,,Fotocélulas cilíndricas,,30,7200,,,,,,,,,,NPN,Conmutación en claro,"Cable de 3 hilos, 2 m, PVC",,barrera fotoeléctrica de reflexión,lente doble,,Ø 175 mm (7 m),,,,,,"{""Forma de la carcasa"": ""Axial""}",product_name
1059533,GRL18S-F2336,GR18S,GRL18S,product,Fotocelulas (Photoelectric sensors),B,B-62,61,1,,Fotocélulas cilíndricas,,30,7200,,,,,,,,,,PNP,Conmutación en oscuro,Conector macho M12 de 3 polos,,barrera fotoeléctrica de reflexión,lente doble,,Ø 175 mm (7 m),,,,,,"{""Forma de la carcasa"": ""Axial""}",product_name
1059537,GRL18S-E1331,GR18S,GRL18S,product,Fotocelulas (Photoelectric sensors),B,B-62,61,1,,Fotocélulas cilíndricas,,30,7200,,,,,,,,,,NPN,Conmutación en oscuro,"Cable de 3 hilos, 2 m, PVC",,barrera fotoeléctrica de reflexión,lente doble,,Ø 175 mm (7 m),,,,,,"{""Forma de la carcasa"": ""Axial""}",product_name
1059538,GRL18S-N1331,GR18S,GRL18S,product,Fotocelulas (Photoelectric sensors),B,B-62,61,1,,Fotocélulas cilíndricas,,30,7200,,,,,,,,,,NPN,Conmutación en claro,"Cable de 3 hilos, 2 m, PVC",,barrera fotoeléctrica de reflexión,lente doble,,Ø 175 mm (7 m),,,,,,"{""Forma de la carcasa"": ""Axial""}",product_name
1058215,GRSE18S-P2336,GR18S,GRSE18S,product,Fotocelulas (Photoelectric sensors),B,B-63,62,1,,,,0,15000,,,,,,,,,,PNP,Conmutación en claro,Conector macho M12 de 3 polos,,barrera emisor-receptor,,,Ø 250 mm (10 m),,,,,,"{""Forma de la carcasa"": ""axial"", ""Material del cuerpo"": ""plástico""}",
1059543,GRSE18S-E1336,GR18S,GRSE18S,product,Fotocelulas (Photoelectric sensors),B,B-63,62,1,,,,0,15000,,,,,,,,,,NPN,Conmutación en oscuro,"Cable de 3 hilos, 2 m, PVC",,barrera emisor-receptor,,,Ø 250 mm (10 m),,,,,,"{""Forma de la carcasa"": ""axial"", ""Material del cuerpo"": ""plástico""}",
1059548,GRSE18S-E1331,GR18S,GRSE18S,product,Fotocelulas (Photoelectric sensors),B,B-63,62,1,,,,0,15000,,,,,,,,,,NPN,Conmutación en oscuro,"Cable de 3 hilos, 2 m, PVC",,barrera emisor-receptor,,,Ø 250 mm (10 m),,,,,,"{""Forma de la carcasa"": ""Axial"", ""Material del cuerpo"": ""metal""}",
1059550,GRSE18S-P2331,GR18S,GRSE18S,product,Fotocelulas (Photoelectric sensors),B,B-63,62,1,,,,0,15000,,,,,,,,,,PNP,Conmutación en claro,Conector macho M12 de 3 polos,,barrera emisor-receptor,,,Ø 250 mm (10 m),,,,,,"{""Forma de la carcasa"": ""Axial"", ""Material del cuerpo"": ""metal""}",
1059551,GRSE18S-F233W,GR18S,GRSE18S,product,Fotocelulas (Photoelectric sensors),B,B-63,62,1,,,,0,15000,,,,,,,,,,PNP,Conmutación en oscuro,Conector macho M12 de 3 polos,,barrera emisor-receptor,,,Ø 250 mm (10 m),,,,,,"{""Forma de la carcasa"": ""Radial, completamente enrasado"", ""Material del cuerpo"": ""metal""}",
1059552,GRSE18S-P233W,GR18S,GRSE18S,product,Fotocelulas (Photoelectric sensors),B,B-63,62,1,,,,0,15000,,,,,,,,,,PNP,Conmutación en claro,Conector macho M12 de 3 polos,,barrera emisor-receptor,,,Ø 250 mm (10 m),,,,,,"{""Forma de la carcasa"": ""Radial, completamente enrasado"", ""Material del cuerpo"": ""metal""}",
2051612,BEF-KHS-N06,GR18S,,accessory,Fotocelulas (Photoelectric sensors),B,B-63,62,2,B-68,,,,,,,,,,,,,,,,,,,,,,,,,,"Placa N06 para soporte de fijación universal, acero galvanizado (placa), fundición de cinc (soporte de fijación), soporte de fijación universal, material de fijación","{""Grupo de accesorios"": ""Sistemas de fijación universales""}",
5304549,C110A,GR18S,,accessory,Fotocelulas (Photoelectric sensors),B,B-64,63,1,,,,,,,,,,,,,,,,,,,,,,,,,,,"Redondo, atornillable, PMMA/ABS, fijación de orificio central, atornillable",,
6041805,VTE180-2N42442,V180-2,VTE180-2,product,Fotocelulas (Photoelectric sensors),B,B-65,64,1,,fotocélula de detección sobre objeto,www.mysick.com/es/V180-2,1,500,,,,,,,,,,NPN,Conmutación en claro/oscuro,conector macho M12 de 4 polos,,fotocélula de detección sobre objeto,supresión del fondo,,Ø 20 mm (400 mm),"potenciómetro, 270°",,metal,,,"{""Eje óptico"": ""Axial""}",product_name
6041807,VTE180-2P42442,V180-2,VTE180-2,product,Fotocelulas (Photoelectric sensors),B,B-65,64,1,,fotocélula de detección sobre objeto,www.mysick.com/es/V180-2,1,500,,,,,,,,,,PNP,Conmutación en claro/oscuro,conector macho M12 de 4 polos,,fotocélula de detección sobre objeto,supresión del fondo,,Ø 20 mm (400 mm),"potenciómetro, 270°",,metal,,,"{""Eje óptico"": ""Axial""}",product_name
6043813,VTE180-2N42444,V180-2,VTE180-2,product,Fotocelulas (Photoelectric sensors),B,B-65,64,1,,fotocélula de detección sobre objeto,www.mysick.com/es/V180-2,1,450,,,,,,,,,,NPN,Conmutación en claro/oscuro,conector macho M12 de 4 polos,,fotocélula de detección sobre objeto,supresión del fondo,,Ø 20 mm (400 mm),"potenciómetro, 270°",,metal,,,"{""Eje óptico"": ""Radial""}",product_name
6043815,VTE180-2P42444,V180-2,VTE180-2,product,Fotocelulas (Photoelectric sensors),B,B-65,64,1,,fotocélula de detección sobre objeto,www.mysick.com/es/V180-2,1,450,,,,,,,,,,PNP,Conmutación en claro/oscuro,conector macho M12 de 4 polos,,fotocélula de detección sobre objeto,supresión del fondo,,Ø 20 mm (400 mm),"potenciómetro, 270°",,metal,,,"{""Eje óptico"": ""Radial""}",product_name
6037482,VTE180-2N42447,V180-2,VTE180-2,product,Fotocelulas (Photoelectric sensors),B,B-66,65,1,,,,1,500,,,,,,,,,,NPN,Conmutación en claro/oscuro,conector macho M12 de 4 polos,,fotocélula de detección sobre objeto,supresión del fondo,,Ø 20 mm (400 mm),"potenciómetro, 270°",,,,,"{""Eje óptico"": ""Axial""}",
6037484,VTE180-2P42447,V180-2,VTE180-2,product,Fotocelulas (Photoelectric sensors),B,B-66,65,1,,,,1,500,,,,,,,,,,PNP,Conmutación en claro/oscuro,conector macho M12 de 4 polos,,fotocélula de detección sobre objeto,supresión del fondo,,Ø 20 mm (400 mm),"potenciómetro, 270°",,,,,"{""Eje óptico"": ""Axial""}",
6041801,VTF180-2N42412,V180-2,VTF180-2,product,Fotocelulas (Photoelectric sensors),B,B-66,65,1,,,,1,140,,,,,,,,,,NPN,Conmutación en claro/oscuro,conector macho M12 de 4 polos,,fotocélula de detección sobre objeto,supresión del fondo,,Ø 8 mm (100 mm),"potenciómetro, 270°",,,,,"{""Eje óptico"": ""Axial""}",
6041803,VTF180-2P42412,V180-2,VTF180-2,product,Fotocelulas (Photoelectric sensors),B,B-66,65,1,,,,1,140,,,,,,,,,,PNP,Conmutación en claro/oscuro,conector macho M12 de 4 polos,,fotocélula de detección sobre objeto,supresión del fondo,,Ø 8 mm (100 mm),"potenciómetro, 270°",,,,,"{""Eje óptico"": ""Axial""}",
6043804,VTF180-2N42414,V180-2,VTF180-2,product,Fotocelulas (Photoelectric sensors),B,B-66,65,1,,,,1,130,,,,,,,,,,NPN,Conmutación en claro/oscuro,conector macho M12 de 4 polos,,fotocélula de detección sobre objeto,supresión del fondo,,Ø 8 mm (100 mm),"potenciómetro, 270°",,,,,"{""Eje óptico"": ""Radial""}",
6043806,VTF180-2P42414,V180-2,VTF180-2,product,Fotocelulas (Photoelectric sensors),B,B-66,65,1,,,,1,130,,,,,,,,,,PNP,Conmutación en claro/oscuro,conector macho M12 de 4 polos,,fotocélula de detección sobre objeto,supresión del fondo,,Ø 8 mm (100 mm),"potenciómetro, 270°",,,,,"{""Eje óptico"": ""Radial""}",
6043808,VTF180-2N42419,V180-2,VTF180-2,product,Fotocelulas (Photoelectric sensors),B,B-66,65,1,,,,1,130,,,,,,,,,,NPN,Conmutación en claro/oscuro,conector macho M12 de 4 polos,,fotocélula de detección sobre objeto,supresión del fondo,,Ø 8 mm (100 mm),"potenciómetro, 270°",,,,,"{""Eje óptico"": ""Radial""}",
6043811,VTF180-2P42419,V180-2,VTF180-2,product,Fotocelulas (Photoelectric sensors),B,B-66,65,1,,,,1,130,,,,,,,,,,PNP,Conmutación en claro/oscuro,conector macho M12 de 4 polos,,fotocélula de detección sobre objeto,supresión del fondo,,Ø 8 mm (100 mm),"potenciómetro, 270°",,,,,"{""Eje óptico"": ""Radial""}",
6043817,VTE180-2N42449,V180-2,VTE180-2,product,Fotocelulas (Photoelectric sensors),B,B-66,65,1,,,,1,450,,,,,,,,,,NPN,Conmutación en claro/oscuro,conector macho M12 de 4 polos,,fotocélula de detección sobre objeto,supresión del fondo,,Ø 20 mm (400 mm),"potenciómetro, 270°",,,,,"{""Eje óptico"": ""Radial""}",
6043819,VTE180-2P42449,V180-2,VTE180-2,product,Fotocelulas (Photoelectric sensors),B,B-66,65,1,,,,1,450,,,,,,,,,,PNP,Conmutación en claro/oscuro,conector macho M12 de 4 polos,,fotocélula de detección sobre objeto,supresión del fondo,,Ø 20 mm (400 mm),"potenciómetro, 270°",,,,,"{""Eje óptico"": ""Radial""}",
6037478,VTF180-2N42417,V180-2,VTF180-2,product,Fotocelulas (Photoelectric sensors),B,B-67,66,1,,,,1,140,,,,,,,,,,NPN,Conmutación en claro/oscuro,,,,,,,,,,,,"{""Eje óptico"": ""Axial""}",
6037480,VTF180-2P42417,V180-2,VTF180-2,product,Fotocelulas (Photoelectric sensors),B,B-67,66,1,,,,1,140,,,,,,,,,,PNP,Conmutación en claro/oscuro,,,,,,,,,,,,"{""Eje óptico"": ""Axial""}",
6037494,VL180-2N42436,VL180-2,VL180-2,product,Fotocelulas (Photoelectric sensors),B,B-67,66,1,,,,50,7000,,,,,,,,,,NPN,Conmutación en claro/oscuro,conector macho M12 de 4 polos,,barrera fotoeléctrica de reflexión,lente doble,,Ø 400 mm (6 m),"potenciómetro, 270°",,plástico,,,"{""Eje óptico"": ""Axial""}",housing_material
6037496,VL180-2P42436,VL180-2,VL180-2,product,Fotocelulas (Photoelectric sensors),B,B-67,66,1,,,,50,7000,,,,,,,,,,PNP,Conmutación en claro/oscuro,conector macho M12 de 4 polos,,barrera fotoeléctrica de reflexión,lente doble,,Ø 400 mm (6 m),"potenciómetro, 270°",,plástico,,,"{""Eje óptico"": ""Axial""}",housing_material
6041817,VL180-2N42431,VL180-2,VL180-2,product,Fotocelulas (Photoelectric sensors),B,B-67,66,1,,,,50,7000,,,,,,,,,,NPN,Conmutación en claro/oscuro,conector macho M12 de 4 polos,,barrera fotoeléctrica de reflexión,lente doble,,Ø 400 mm (6 m),"potenciómetro, 270°",,metal,,,"{""Eje óptico"": ""Axial""}",housing_material
6041819,VL180-2P42431,VL180-2,VL180-2,product,Fotocelulas (Photoelectric sensors),B,B-67,66,1,,,,50,7000,,,,,,,,,,PNP,Conmutación en claro/oscuro,conector macho M12 de 4 polos,,barrera fotoeléctrica de reflexión,lente doble,,Ø 400 mm (6 m),"potenciómetro, 270°",,metal,,,"{""Eje óptico"": ""Axial""}",housing_material
6043830,VL180-2N42433,VL180-2,VL180-2,product,Fotocelulas (Photoelectric sensors),B,B-67,66,1,,,,50,5500,,,,,,,,,,NPN,Conmutación en claro/oscuro,conector macho M12 de 4 polos,,barrera fotoeléctrica de reflexión,lente doble,,Ø 270 mm (4 m),"potenciómetro, 270°",,metal,,,"{""Eje óptico"": ""Radial""}",housing_material
6043834,VL180-2P42433,VL180-2,VL180-2,product,Fotocelulas (Photoelectric sensors),B,B-67,66,1,,,,50,5500,,,,,,,,,,PNP,Conmutación en claro/oscuro,conector macho M12 de 4 polos,,barrera fotoeléctrica de reflexión,lente doble,,Ø 270 mm (4 m),"potenciómetro, 270°",,metal,,,"{""Eje óptico"": ""Radial""}",housing_material
6043836,VL180-2N42438,VL180-2,VL180-2,product,Fotocelulas (Photoelectric sensors),B,B-67,66,1,,,,50,5500,,,,,,,,,,NPN,Conmutación en claro/oscuro,conector macho M12 de 4 polos,,barrera fotoeléctrica de reflexión,lente doble,,Ø 270 mm (4 m),"potenciómetro, 270°",,plástico,,,"{""Eje óptico"": ""Radial""}",housing_material
6043838,VL180-2P42438,VL180-2,VL180-2,product,Fotocelulas (Photoelectric sensors),B,B-67,66,1,,,,50,5500,,,,,,,,,,PNP,Conmutación en claro/oscuro,conector macho M12 de 4 polos,,barrera fotoeléctrica de reflexión,lente doble,,Ø 270 mm (4 m),"potenciómetro, 270°",,plástico,,,"{""Eje óptico"": ""Radial""}",housing_material
5308446,BEF-WN-M18,V180-2,,accessory,Fotocelulas (Photoelectric sensors),B,B-68,67,6,C-78;C-87;K-200;K-202;L-218,,,,,,,,,,,,,,,,,,,,,,,,,,"Escuadra de fijación, rosca M18, acero galvanizado, sin material de fijación",,
5321870,BEF-WG-M18,V180-2,,accessory,Fotocelulas (Photoelectric sensors),B,B-68,67,2,C-78,,,,,,,,,,,,,,,,,,,,,,,,,,"Placa de fijación para sensores M18, acero galvanizado, sin material de fijación",,
6037498,VSE180-2N42437,V180-2,VSE180-2,product,Fotocelulas (Photoelectric sensors),B,B-68,67,1,,barrera emisor-receptor,,0,28000,,,,,,,,,,NPN,Conmutación en claro/oscuro,conector macho M12 de 4 polos,,barrera emisor-receptor,,,Ø 1.100 mm (20 m),"potenciómetro, 270 ° (receptor.)",,,,,"{""Eje óptico"": ""Axial""}",
6037500,VSE180-2P42437,V180-2,VSE180-2,product,Fotocelulas (Photoelectric sensors),B,B-68,67,1,,barrera emisor-receptor,,0,28000,,,,,,,,,,PNP,Conmutación en claro/oscuro,conector macho M12 de 4 polos,,barrera emisor-receptor,,,Ø 1.100 mm (20 m),"potenciómetro, 270 ° (receptor.)",,,,,"{""Eje óptico"": ""Axial""}",
6041821,VSE180-2N42432,V180-2,VSE180-2,product,Fotocelulas (Photoelectric sensors),B,B-68,67,1,,barrera emisor-receptor,,0,28000,,,,,,,,,,NPN,Conmutación en claro/oscuro,conector macho M12 de 4 polos,,barrera emisor-receptor,,,Ø 1.100 mm (20 m),"potenciómetro, 270 ° (receptor.)",,,,,"{""Eje óptico"": ""Axial""}",
6041823,VSE180-2P42432,V180-2,VSE180-2,product,Fotocelulas (Photoelectric sensors),B,B-68,67,1,,barrera emisor-receptor,,0,28000,,,,,,,,,,PNP,Conmutación en claro/oscuro,conector macho M12 de 4 polos,,barrera emisor-receptor,,,Ø 1.100 mm (20 m),"potenciómetro, 270 ° (receptor.)",,,,,"{""Eje óptico"": ""Axial""}",
6043848,VSE180-2N42434,V180-2,VSE180-2,product,Fotocelulas (Photoelectric sensors),B,B-68,67,1,,barrera emisor-receptor,,0,25000,,,,,,,,,,NPN,Conmutación en claro/oscuro,conector macho M12 de 4 polos,,barrera emisor-receptor,,,Ø 1.100 mm (20 m),"potenciómetro, 270 ° (receptor.)",,,,,"{""Eje óptico"": ""Radial""}",
6043850,VSE180-2P42434,V180-2,VSE180-2,product,Fotocelulas (Photoelectric sensors),B,B-68,67,1,,barrera emisor-receptor,,0,25000,,,,,,,,,,PNP,Conmutación en claro/oscuro,conector macho M12 de 4 polos,,barrera emisor-receptor,,,Ø 1.100 mm (20 m),"potenciómetro, 270 ° (receptor.)",,,,,"{""Eje óptico"": ""Radial""}",
6043852,VSE180-2N42439,V180-2,VSE180-2,product,Fotocelulas (Photoelectric sensors),B,B-68,67,1,,barrera emisor-receptor,,0,25000,,,,,,,,,,NPN,Conmutación en claro/oscuro,conector macho M12 de 4 polos,,barrera emisor-receptor,,,Ø 1.100 mm (20 m),"potenciómetro, 270 ° (receptor.)",,,,,"{""Eje óptico"": ""Radial""}",
6043854,VSE180-2P42439,V180-2,VSE180-2,product,Fotocelulas (Photoelectric sensors),B,B-68,67,1,,barrera emisor-receptor,,0,25000,,,,,,,,,,PNP,Conmutación en claro/oscuro,conector macho M12 de 4 polos,,barrera emisor-receptor,,,Ø 1.100 mm (20 m),"potenciómetro, 270 ° (receptor.)",,,,,"{""Eje óptico"": ""Radial""}",
6039093,WLL180T-P432,WLL180T,,product,Fotocelulas (Photoelectric sensors),B,B-70,69,1,,Sensores de fibra óptica,www.mysick.com/es/WLL180T,0,20000,,,,,,,,,,PNP,,"Cable de 4 hilos, 2 m",,,,luz roja visible,,"teach-in, cable, botón por etapas +/- manual",,,,,"{""Modelo"": ""Autónomo""}",product_name;sensing_range_min_mm;sensing_range_max_mm;light_type;adjustment
6039094,WLL180T-N432,WLL180T,,product,Fotocelulas (Photoelectric sensors),B,B-70,69,1,,Sensores de fibra óptica,www.mysick.com/es/WLL180T,0,20000,,,,,,,,,,NPN,,"Cable de 4 hilos, 2 m",,,,luz roja visible,,"teach-in, cable, botón por etapas +/- manual",,,,,"{""Modelo"": ""Autónomo""}",product_name;sensing_range_min_mm;sensing_range_max_mm;light_type;adjustment
6039095,WLL180T-P434,WLL180T,,product,Fotocelulas (Photoelectric sensors),B,B-70,69,1,,Sensores de fibra óptica,www.mysick.com/es/WLL180T,0,20000,,,,,,,,,,PNP,,Conector macho M8 de 4 polos,,,,luz roja visible,,"teach-in, cable, botón por etapas +/- manual",,,,,"{""Modelo"": ""Autónomo""}",product_name;sensing_range_min_mm;sensing_range_max_mm;light_type;adjustment
6039096,WLL180T-N434,WLL180T,,product,Fotocelulas (Photoelectric sensors),B,B-70,69,1,,Sensores de fibra óptica,www.mysick.com/es/WLL180T,0,20000,,,,,,,,,,NPN,,Conector macho M8 de 4 polos,,,,luz roja visible,,"teach-in, cable, botón por etapas +/- manual",,,,,"{""Modelo"": ""Autónomo""}",product_name;sensing_range_min_mm;sensing_range_max_mm;light_type;adjustment
6039097,WLL180T-M432,WLL180T,,product,Fotocelulas (Photoelectric sensors),B,B-70,69,1,,Sensores de fibra óptica,www.mysick.com/es/WLL180T,0,20000,,,,,,,,,,PNP,,"Cable de 4 hilos, 2 m",,,,luz roja visible,,"botón de aprendizaje, cable, botón por etapas +/- manual",,,,,"{""Modelo"": ""Unidad de base""}",product_name;sensing_range_min_mm;sensing_range_max_mm;light_type;adjustment
6039099,WLL180T-L432,WLL180T,,product,Fotocelulas (Photoelectric sensors),B,B-70,69,1,,Sensores de fibra óptica,www.mysick.com/es/WLL180T,0,20000,,,,,,,,,,NPN,,"Cable de 4 hilos, 2 m",,,,luz roja visible,,"botón de aprendizaje, cable, botón por etapas +/- manual",,,,,"{""Modelo"": ""Unidad de base""}",product_name;sensing_range_min_mm;sensing_range_max_mm;light_type;adjustment
6039101,WLL180T-M434,WLL180T,,product,Fotocelulas (Photoelectric sensors),B,B-70,69,1,,Sensores de fibra óptica,www.mysick.com/es/WLL180T,0,20000,,,,,,,,,,PNP,,Conector macho M8 de 4 polos,,,,luz roja visible,,"botón de aprendizaje, cable, botón por etapas +/- manual",,,,,"{""Modelo"": ""Unidad de base""}",product_name;sensing_range_min_mm;sensing_range_max_mm;light_type;adjustment
6039103,WLL180T-L434,WLL180T,,product,Fotocelulas (Photoelectric sensors),B,B-70,69,1,,Sensores de fibra óptica,www.mysick.com/es/WLL180T,0,20000,,,,,,,,,,NPN,,Conector macho M8 de 4 polos,,,,luz roja visible,,"botón de aprendizaje, cable, botón por etapas +/- manual",,,,,"{""Modelo"": ""Unidad de base""}",product_name;sensing_range_min_mm;sensing_range_max_mm;light_type;adjustment
6042428,WLL180T-M333,WLL180T,,product,Fotocelulas (Photoelectric sensors),B,B-70,69,1,,Sensores de fibra óptica,www.mysick.com/es/WLL180T,0,20000,,,,,,,,,,PNP,,Conector macho M8 de 3 polos,,,,luz roja visible,,"botón de aprendizaje, cable, botón por etapas +/- manual",,,,,"{""Modelo"": ""Unidad de base""}",product_name;sensing_range_min_mm;sensing_range_max_mm;light_type;adjustment
5306574,BEF-WLL170,WLL180T,,accessory,Fotocelulas (Photoelectric sensors),B,B-71,70,1,,,,,,,,,,,,,,,,,,,,,,,,,,,"Escuadra de fijación, acero galvanizado, sin material de fijación",,
5313011,BF-EB01-W190,WLL180T,,accessory,Fotocelulas (Photoelectric sensors),B,B-71,70,1,,,,,,,,,,,,,,,,,,,,,,,,,,,"Tope del riel para montaje de bloques, acero inoxidable, con material de fijación",,
6039098,WLL180T-F232,WLL180T,,product,Fotocelulas (Photoelectric sensors),B,B-71,70,1,,Unidad de ampliación,,0,20000,,,,,,,,,,PNP,,"Cable de 2 hilos, 2 m",,,,luz roja visible,,"botón de aprendizaje, cable, botón por etapas +/- manual",,,,,,product_name;sensing_range_min_mm;sensing_range_max_mm;light_type;adjustment
6039100,WLL180T-E232,WLL180T,,product,Fotocelulas (Photoelectric sensors),B,B-71,70,1,,Unidad de ampliación,,0,20000,,,,,,,,,,NPN,,"Cable de 2 hilos, 2 m",,,,luz roja visible,,"botón de aprendizaje, cable, botón por etapas +/- manual",,,,,,product_name;sensing_range_min_mm;sensing_range_max_mm;light_type;adjustment
6039102,WLL180T-F434,WLL180T,,product,Fotocelulas (Photoelectric sensors),B,B-71,70,1,,Unidad de ampliación,,0,20000,,,,,,,,,,PNP,,Conector macho M8 de 4 polos,,,,luz roja visible,,"botón de aprendizaje, cable, botón por etapas +/- manual",,,,,,product_name;sensing_range_min_mm;sensing_range_max_mm;light_type;adjustment
6039104,WLL180T-E434,WLL180T,,product,Fotocelulas (Photoelectric sensors),B,B-71,70,1,,Unidad de ampliación,,0,20000,,,,,,,,,,NPN,,Conector macho M8 de 4 polos,,,,luz roja visible,,"botón de aprendizaje, cable, botón por etapas +/- manual",,,,,,product_name;sensing_range_min_mm;sensing_range_max_mm;light_type;adjustment
6042429,WLL180T-F333,WLL180T,,product,Fotocelulas (Photoelectric sensors),B,B-71,70,1,,Unidad de ampliación,,0,20000,,,,,,,,,,PNP,,Conector macho M8 de 3 polos,,,,luz roja visible,,"botón de aprendizaje, cable, botón por etapas +/- manual",,,,,,product_name;sensing_range_min_mm;sensing_range_max_mm;light_type;adjustment
5308071,LL3-DM01,LL3,,product,Fotocelulas (Photoelectric sensors),B,B-72,71,1,,,www.mysick.com/es/LL3,,,,,,,,,,,,,,,,,,,,,,,,,"{""Categoría"": ""Cabezal con rosca"", ""Material, núcleo"": ""PMMA"", ""Material, cabezal"": ""Acero inoxidable""}",other_specs
5308074,LL3-DB01,LL3,,product,Fotocelulas (Photoelectric sensors),B,B-72,71,1,,,www.mysick.com/es/LL3,,,,,,,,,,,,,,,,,,,,,,,,,"{""Categoría"": ""Cabezal con rosca"", ""Material, núcleo"": ""PMMA"", ""Material, cabezal"": ""Acero inoxidable""}",other_specs
5308076,LL3-DT01,LL3,,product,Fotocelulas (Photoelectric sensors),B,B-72,71,1,,,www.mysick.com/es/LL3,,,,,,,,,,,,,,,,,,,,,,,,,"{""Categoría"": ""Cabezal con rosca"", ""Material, núcleo"": ""PMMA"", ""Material, cabezal"": ""Acero inoxidable""}",other_specs
5308077,LL3-DM02,LL3,,product,Fotocelulas (Photoelectric sensors),B,B-72,71,1,,,www.mysick.com/es/LL3,,,,,,,,,,,,,,,,,,,,,,,,,"{""Categoría"": ""Cabezal con rosca"", ""Material, núcleo"": ""PMMA"", ""Material, cabezal"": ""Acero inoxidable""}",other_specs
5308078,LL3-DR01,LL3,,product,Fotocelulas (Photoelectric sensors),B,B-72,71,1,,,www.mysick.com/es/LL3,,,,,,,,,,,,,,,,,,,,,,,,,"{""Categoría"": ""Cabezal con rosca"", ""Material, núcleo"": ""PMMA"", ""Material, cabezal"": ""CuZn""}",other_specs
5308081,LL3-DR04,LL3,,product,Fotocelulas (Photoelectric sensors),B,B-72,71,1,,,www.mysick.com/es/LL3,,,,,,,,,,,,,,,,,,,,,,,,,"{""Categoría"": ""Cabezal liso"", ""Material, núcleo"": ""PMMA"", ""Material, cabezal"": ""Acero inoxidable""}",other_specs
5308091,LL3-DH01,LL3,,product,Fotocelulas (Photoelectric sensors),B,B-72,71,1,,,www.mysick.com/es/LL3,,,,,,,,,,,,,,,,,,,,,,,,,"{""Categoría"": ""Termorresistente"", ""Material, núcleo"": ""Si"", ""Material, cabezal"": ""Acero inoxidable""}",other_specs
5313025,LL3-DK67,LL3,,product,Fotocelulas (Photoelectric sensors),B,B-72,71,1,,,www.mysick.com/es/LL3,,,,,,,,,,,,,,,,,,,,,,,,,"{""Categoría"": ""Cabezal con rosca"", ""Material, núcleo"": ""PMMA"", ""Material, cabezal"": ""Acero inoxidable""}",other_specs
5313027,LL3-DK63Z,LL3,,product,Fotocelulas (Photoelectric sensors),B,B-72,71,1,,,www.mysick.com/es/LL3,,,,,,,,,,,,,,,,,,,,,,,,,"{""Categoría"": ""Cabezal terminal largo"", ""Material, núcleo"": ""PMMA"", ""Material, cabezal"": ""Acero inoxidable""}",other_specs
5315234,LL3-DW01,LL3,,product,Fotocelulas (Photoelectric sensors),B,B-72,71,1,,,www.mysick.com/es/LL3,,,,,,,,,,,,,,,,,,,,,,,,,"{""Categoría"": ""Termorresistente"", ""Material, núcleo"": ""Vidrio"", ""Material, cabezal"": ""Acero inoxidable""}",other_specs
5321924,LL3-DF02-S01,LL3,,product,Fotocelulas (Photoelectric sensors),B,B-72,71,1,,,www.mysick.com/es/LL3,,,,,,,,,,,,,,,,,,,,,,,,,"{""Categoría"": ""Nivel del líquido"", ""Material, núcleo"": ""PMMA"", ""Material, cabezal"": ""Teflón""}",other_specs
5322472,LL3-DC38,LL3,,product,Fotocelulas (Photoelectric sensors),B,B-72,71,1,,,www.mysick.com/es/LL3,,,,,,,,,,,,,,,,,,,,,,,,,"{""Categoría"": ""Termorresistente"", ""Material, núcleo"": ""PMMA""}",other_specs
5324268,LL3-DC47,LL3,,product,Fotocelulas (Photoelectric sensors),B,B-72,71,1,,,www.mysick.com/es/LL3,,,,,,,,,,,,,,,,,,,,,,,,,"{""Categoría"": ""Forma plana"", ""Material, núcleo"": ""PMMA"", ""Material, cabezal"": ""Acero inoxidable""}",other_specs
5325986,LL3-DE03,LL3,,product,Fotocelulas (Photoelectric sensors),B,B-72,71,1,,,www.mysick.com/es/LL3,,,,,,,,,,,,,,,,,,,,,,,,,"{""Categoría"": ""Forma plana"", ""Material, núcleo"": ""PMMA"", ""Material, cabezal"": ""PC""}",other_specs
5326013,LL3-DZ01,LL3,,product,Fotocelulas (Photoelectric sensors),B,B-72,71,1,,,www.mysick.com/es/LL3,,,,,,,,,,,,,,,,,,,,,,,,,"{""Categoría"": ""Forma plana"", ""Material, núcleo"": ""PMMA"", ""Material, cabezal"": ""PC""}",other_specs
5326015,LL3-DZ03,LL3,,product,Fotocelulas (Photoelectric sensors),B,B-72,71,1,,,www.mysick.com/es/LL3,,,,,,,,,,,,,,,,,,,,,,,,,"{""Categoría"": ""Detección de rango LCD / objetos transparentes / semiconductores"", ""Material, núcleo"": ""PMMA"", ""Material, cabezal"": ""Latón (Ms)""}",other_specs
5326028,LL3-DC09,LL3,,product,Fotocelulas (Photoelectric sensors),B,B-72,71,1,,,www.mysick.com/es/LL3,,,,,,,,,,,,,,,,,,,,,,,,,"{""Categoría"": ""Forma plana"", ""Material, núcleo"": ""PMMA"", ""Material, cabezal"": ""ABS""}",other_specs
5304141,FC,LL3,,accessory,Fotocelulas (Photoelectric sensors),B,B-73,72,1,,,,,,,,,,,,,,,,,,,,,,,,,,,"Dispositivo de corte para cables de fibra óptica, se incluye en el volumen de suministro de LL3","{""Otros accesorios de montaje"": ""Dispositivo de corte para cables de fibra óptica""}",
5305479,BF-WLL160-10,LL3,,accessory,Fotocelulas (Photoelectric sensors),B,B-73,72,1,,,,,,,,,,,,,,,,,,,,,,,,,,,"Cabezal adaptador para fibra óptica LL3 Ø 1,0 mm, se incluye en el volumen de suministro de LL3","{""Otros accesorios de montaje"": ""Cabezal adaptador para fibra óptica LL3 Ø 1,0 mm""}",
5306094,BF-WLL160-13,LL3,,accessory,Fotocelulas (Photoelectric sensors),B,B-73,72,1,,,,,,,,,,,,,,,,,,,,,,,,,,,"Cabezal adaptador para fibra óptica LL3 Ø 1,3 mm, se incluye en el volumen de suministro de LL3","{""Otros accesorios de montaje"": ""Cabezal adaptador para fibra óptica LL3 Ø 1,3 mm""}",
5308052,LL3-TR01,LL3,,product,Fotocelulas (Photoelectric sensors),B,B-73,72,1,,Sistema unidireccional,,,,,,,,,,,,,,,,,,,,,,,,,,"{""Categoría"": ""Cabezal con rosca"", ""Material, núcleo"": ""PMMA"", ""Material, cabezal"": ""CuZn""}",product_name
5308061,LL3-TS08,LL3,,product,Fotocelulas (Photoelectric sensors),B,B-73,72,1,,Sistema unidireccional,,,,,,,,,,,,,,,,,,,,,,,,,,"{""Categoría"": ""Cabezal terminal largo"", ""Material, núcleo"": ""PMMA"", ""Material, cabezal"": ""Acero inoxidable 1)""}",product_name
5308066,LL3-TY01,LL3,,product,Fotocelulas (Photoelectric sensors),B,B-73,72,1,,Sistema unidireccional,,,,,,,,,,,,,,,,,,,,,,,,,,"{""Categoría"": ""Resistente a los productos químicos y al aceite"", ""Material, núcleo"": ""PMMA"", ""Material, cabezal"": ""Teflón""}",product_name
5308127,LL3-DA01,LL3,,product,Fotocelulas (Photoelectric sensors),B,B-73,72,1,,,,,,,,,,,,,,,,,,,,,,,,,,,,"{""Categoría"": ""Lentes adicionales"", ""Material, núcleo"": ""–"", ""Material, cabezal"": ""–""}",
5308128,LL3-TA01,LL3,,product,Fotocelulas (Photoelectric sensors),B,B-73,72,1,,Sistema unidireccional,,,,,,,,,,,,,,,,,,,,,,,,,,"{""Categoría"": ""Desvío de 90°"", ""Material, núcleo"": ""PMMA"", ""Material, cabezal"": ""PA""}",product_name
5308129,LL3-TA02,LL3,,product,Fotocelulas (Photoelectric sensors),B,B-73,72,1,,Sistema unidireccional,,,,,,,,,,,,,,,,,,,,,,,,,,"{""Categoría"": ""Lentes adicionales"", ""Material, núcleo"": ""–"", ""Material, cabezal"": ""–""}",product_name
5308130,LL3-DA02,LL3,,product,Fotocelulas (Photoelectric sensors),B,B-73,72,1,,,,,,,,,,,,,,,,,,,,,,,,,,,,"{""Categoría"": ""Lentes adicionales"", ""Material, núcleo"": ""–"", ""Material, cabezal"": ""–""}",
5313034,LL3-TK05,LL3,,product,Fotocelulas (Photoelectric sensors),B,B-73,72,1,,Sistema unidireccional,,,,,,,,,,,,,,,,,,,,,,,,,,"{""Categoría"": ""Cabezal liso"", ""Material, núcleo"": ""PMMA"", ""Material, cabezal"": ""Acero inoxidable 1)""}",product_name
5313035,LL3-TK77,LL3,,product,Fotocelulas (Photoelectric sensors),B,B-73,72,1,,Sistema unidireccional,,,,,,,,,,,,,,,,,,,,,,,,,,"{""Categoría"": ""Cabezal liso"", ""Material, núcleo"": ""PMMA"", ""Material, cabezal"": ""Acero inoxidable 1)""}",product_name
5313039,LL3-TS14,LL3,,product,Fotocelulas (Photoelectric sensors),B,B-73,72,1,,Sistema unidireccional,,,,,,,,,,,,,,,,,,,,,,,,,,"{""Categoría"": ""Forma plana"", ""Material, cabezal"": ""CuZn""}",product_name;other_specs
5315233,LL3-TW01,LL3,,product,Fotocelulas (Photoelectric sensors),B,B-73,72,1,,Sistema unidireccional,,,,,,,,,,,,,,,,,,,,,,,,,,"{""Categoría"": ""LCD / objetos transparentes / semiconductores"", ""Material, núcleo"": ""PMMA"", ""Material, cabezal"": ""Acero inoxidable""}",product_name
5322548,LL3-TV07,LL3,,product,Fotocelulas (Photoelectric sensors),B,B-73,72,1,,Sistema unidireccional,,,,,,,,,,,,,,,,,,,,,,,,,,"{""Categoría"": ""Desvío de 90°"", ""Material, núcleo"": ""PMMA"", ""Material, cabezal"": ""PA""}",product_name
5323971,LL3-TS40,LL3,,product,Fotocelulas (Photoelectric sensors),B,B-73,72,1,,Sistema unidireccional,,,,,,,,,,,,,,,,,,,,,,,,,,"{""Categoría"": ""Detección de rango"", ""Material, núcleo"": ""PMMA"", ""Material, cabezal"": ""PA""}",product_name
5324173,LL3-TX01,LL3,,product,Fotocelulas (Photoelectric sensors),B,B-73,72,1,,Sistema unidireccional,,,,,,,,,,,,,,,,,,,,,,,,,,"{""Categoría"": ""Cabezal con rosca"", ""Material, núcleo"": ""PMMA"", ""Material, cabezal"": ""Acero inoxidable""}",product_name
5324499,LL3-TG04,LL3,,product,Fotocelulas (Photoelectric sensors),B,B-73,72,1,,Sistema unidireccional,,,,,,,,,,,,,,,,,,,,,,,,,,"{""Categoría"": ""LCD / objetos transparentes / semiconductores"", ""Material, núcleo"": ""PMMA"", ""Material, cabezal"": ""–""}",product_name
5325908,LL3-TE03,LL3,,product,Fotocelulas (Photoelectric sensors),B,B-73,72,1,,Sistema unidireccional,,,,,,,,,,,,,,,,,,,,,,,,,,"{""Categoría"": ""Forma plana"", ""Material, núcleo"": ""PMMA"", ""Material, cabezal"": ""PC""}",product_name
5325978,LL3-TH08,LL3,,product,Fotocelulas (Photoelectric sensors),B,B-73,72,1,,Sistema unidireccional,,,,,,,,,,,,,,,,,,,,,,,,,,"{""Categoría"": ""Termorresistente"", ""Material, núcleo"": ""Vidrio"", ""Material, cabezal"": ""Cabezal terminal: acero inoxidable, cabezal: latón""}",product_name;other_specs
5326598,LL3-TZ09,LL3,,product,Fotocelulas (Photoelectric sensors),B,B-73,72,1,,Sistema unidireccional,,,,,,,,,,,,,,,,,,,,,,,,,,"{""Categoría"": ""Detección de rango"", ""Material, cabezal"": ""Latón (Ms)""}",product_name
1040869,IME08-02BPSZT0K,IM Standard,IME08,product,Sensores de proximidad (Proximity sensors),C,C-76,75,1,,Sensores de proximidad inductivos,www.mysick.com/es/IM_Standard,,2,,,,,,-25,70,,,PNP,,M8 de 3 pines,,,inductivo,,,,IP 67,,,,"{""Carcasa"": ""M8 x 1"", ""Tipo de montaje"": ""Enrasado"", ""Características eléctricas"": ""CC de 3 hilos"", ""Forma de la carcasa"": ""Formato corto"", ""Función de salida"": ""normalmente abierto""}",connection;enclosure_rating;operating_temp_min_c;operating_temp_max_c;detection_principle
1040870,IME08-02BPSZT0S,IM Standard,IME08,product,Sensores de proximidad (Proximity sensors),C,C-76,75,1,,Sensores de proximidad inductivos,www.mysick.com/es/IM_Standard,,2,,,,,,-25,70,,,PNP,,M8 de 3 pines,,,inductivo,,,,IP 67,,,,"{""Carcasa"": ""M8 x 1"", ""Tipo de montaje"": ""Enrasado"", ""Características eléctricas"": ""CC de 3 hilos"", ""Forma de la carcasa"": ""Estándar"", ""Función de salida"": ""normalmente abierto""}",connection;enclosure_rating;operating_temp_min_c;operating_temp_max_c;detection_principle
1040877,IME08-02BNSZT0K,IM Standard,IME08,product,Sensores de proximidad (Proximity sensors),C,C-76,75,1,,Sensores de proximidad inductivos,www.mysick.com/es/IM_Standard,,2,,,,,,-25,70,,,NPN,,M8 de 3 pines,,,inductivo,,,,IP 67,,,,"{""Carcasa"": ""M8 x 1"", ""Tipo de montaje"": ""Enrasado"", ""Características eléctricas"": ""CC de 3 hilos"", ""Forma de la carcasa"": ""Formato corto"", ""Función de salida"": ""normalmente abierto""}",connection;enclosure_rating;operating_temp_min_c;operating_temp_max_c;detection_principle
1040878,IME08-02BNSZT0S,IM Standard,IME08,product,Sensores de proximidad (Proximity sensors),C,C-76,75,1,,Sensores de proximidad inductivos,www.mysick.com/es/IM_Standard,,2,,,,,,-25,70,,,NPN,,M8 de 3 pines,,,inductivo,,,,IP 67,,,,"{""Carcasa"": ""M8 x 1"", ""Tipo de montaje"": ""Enrasado"", ""Características eléctricas"": ""CC de 3 hilos"", ""Forma de la carcasa"": ""Estándar"", ""Función de salida"": ""normalmente abierto""}",connection;enclosure_rating;operating_temp_min_c;operating_temp_max_c;detection_principle
1040885,IME08-04NPSZT0K,IM Standard,IME08,product,Sensores de proximidad (Proximity sensors),C,C-76,75,1,,Sensores de proximidad inductivos,www.mysick.com/es/IM_Standard,,4,,,,,,-25,70,,,PNP,,M8 de 3 pines,,,inductivo,,,,IP 67,,,,"{""Carcasa"": ""M8 x 1"", ""Tipo de montaje"": ""No enrasado"", ""Características eléctricas"": ""CC de 3 hilos"", ""Forma de la carcasa"": ""Formato corto"", ""Función de salida"": ""normalmente abierto""}",connection;enclosure_rating;operating_temp_min_c;operating_temp_max_c;detection_principle
1040886,IME08-04NPSZT0S,IM Standard,IME08,product,Sensores de proximidad (Proximity sensors),C,C-76,75,1,,Sensores de proximidad inductivos,www.mysick.com/es/IM_Standard,,4,,,,,,-25,70,,,PNP,,M8 de 3 pines,,,inductivo,,,,IP 67,,,,"{""Carcasa"": ""M8 x 1"", ""Tipo de montaje"": ""No enrasado"", ""Características eléctricas"": ""CC de 3 hilos"", ""Forma de la carcasa"": ""Estándar"", ""Función de salida"": ""normalmente abierto""}",connection;enclosure_rating;operating_temp_min_c;operating_temp_max_c;detection_principle
1040893,IME08-04NNSZT0K,IM Standard,IME08,product,Sensores de proximidad (Proximity sensors),C,C-76,75,1,,Sensores de proximidad inductivos,www.mysick.com/es/IM_Standard,,4,,,,,,-25,70,,,NPN,,M8 de 3 pines,,,inductivo,,,,IP 67,,,,"{""Carcasa"": ""M8 x 1"", ""Tipo de montaje"": ""No enrasado"", ""Características eléctricas"": ""CC de 3 hilos"", ""Forma de la carcasa"": ""Formato corto"", ""Función de salida"": ""normalmente abierto""}",connection;enclosure_rating;operating_temp_min_c;operating_temp_max_c;detection_principle
1040894,IME08-04NNSZT0S,IM Standard,IME08,product,Sensores de proximidad (Proximity sensors),C,C-76,75,1,,Sensores de proximidad inductivos,www.mysick.com/es/IM_Standard,,4,,,,,,-25,70,,,NPN,,M8 de 3 pines,,,inductivo,,,,IP 67,,,,"{""Carcasa"": ""M8 x 1"", ""Tipo de montaje"": ""No enrasado"", ""Características eléctricas"": ""CC de 3 hilos"", ""Forma de la carcasa"": ""Estándar"", ""Función de salida"": ""normalmente abierto""}",connection;enclosure_rating;operating_temp_min_c;operating_temp_max_c;detection_principle
1067109,IME08-02BDSZT0S,IM Standard,IME08,product,Sensores de proximidad (Proximity sensors),C,C-76,75,1,,Sensores de proximidad inductivos,www.mysick.com/es/IM_Standard,,2,,,,,,-25,70,,,,,M8 de 3 pines,,,inductivo,,,,IP 67,,,,"{""Carcasa"": ""M8 x 1"", ""Tipo de montaje"": ""Enrasado"", ""Características eléctricas"": ""CC de 2 hilos"", ""Forma de la carcasa"": ""Estándar"", ""Función de salida"": ""normalmente abierto""}",connection;enclosure_rating;operating_temp_min_c;operating_temp_max_c;detection_principle
1067177,IME08-04NDSZT0S,IM Standard,IME08,product,Sensores de proximidad (Proximity sensors),C,C-76,75,1,,Sensores de proximidad inductivos,www.mysick.com/es/IM_Standard,,4,,,,,,-25,70,,,,,M8 de 3 pines,,,inductivo,,,,IP 67,,,,"{""Carcasa"": ""M8 x 1"", ""Tipo de montaje"": ""No enrasado"", ""Características eléctricas"": ""CC de 2 hilos"", ""Forma de la carcasa"": ""Estándar"", ""Función de salida"": ""normalmente abierto""}",connection;enclosure_rating;operating_temp_min_c;operating_temp_max_c;detection_principle
1040763,IME12-04BPSZC0K,IME12,,product,Sensores de proximidad (Proximity sensors),C,C-77,76,1,,Sensores de proximidad inductivos IM Standard,,,4,,,,,,,,,,PNP,,conector macho M12 de 4 polos,,inductivos,,,,,,,,,"{""Función de salida"": ""normalmente abierto"", ""Carcasa"": ""M12 x 1"", ""Tipo de montaje"": ""Enrasado"", ""Características eléctricas"": ""CC de 3 hilos"", ""Forma de la carcasa"": ""Formato corto""}",product_name;sensor_principle;sensing_range_max_mm
1040764,IME12-04BPSZC0S,IME12,,product,Sensores de proximidad (Proximity sensors),C,C-77,76,1,,Sensores de proximidad inductivos IM Standard,,,4,,,,,,,,,,PNP,,conector macho M12 de 4 polos,,inductivos,,,,,,,,,"{""Función de salida"": ""normalmente abierto"", ""Carcasa"": ""M12 x 1"", ""Tipo de montaje"": ""Enrasado"", ""Características eléctricas"": ""CC de 3 hilos"", ""Forma de la carcasa"": ""Estándar""}",product_name;sensor_principle;sensing_range_max_mm
1040771,IME12-04BNSZC0K,IME12,,product,Sensores de proximidad (Proximity sensors),C,C-77,76,1,,Sensores de proximidad inductivos IM Standard,,,4,,,,,,,,,,NPN,,conector macho M12 de 4 polos,,inductivos,,,,,,,,,"{""Función de salida"": ""normalmente abierto"", ""Carcasa"": ""M12 x 1"", ""Tipo de montaje"": ""Enrasado"", ""Características eléctricas"": ""CC de 3 hilos"", ""Forma de la carcasa"": ""Formato corto""}",product_name;sensor_principle;sensing_range_max_mm
1040772,IME12-04BNSZC0S,IME12,,product,Sensores de proximidad (Proximity sensors),C,C-77,76,1,,Sensores de proximidad inductivos IM Standard,,,4,,,,,,,,,,NPN,,conector macho M12 de 4 polos,,inductivos,,,,,,,,,"{""Función de salida"": ""normalmente abierto"", ""Carcasa"": ""M12 x 1"", ""Tipo de montaje"": ""Enrasado"", ""Características eléctricas"": ""CC de 3 hilos"", ""Forma de la carcasa"": ""Estándar""}",product_name;sensor_principle;sensing_range_max_mm
1040779,IME12-08NPSZC0K,IME12,,product,Sensores de proximidad (Proximity sensors),C,C-77,76,1,,Sensores de proximidad inductivos IM Standard,,,8,,,,,,,,,,PNP,,conector macho M12 de 4 polos,,inductivos,,,,,,,,,"{""Función de salida"": ""normalmente abierto"", ""Carcasa"": ""M12 x 1"", ""Tipo de montaje"": ""No enrasado"", ""Características eléctricas"": ""CC de 3 hilos"", ""Forma de la carcasa"": ""Formato corto""}",product_name;sensor_principle;sensing_range_max_mm
1040780,IME12-08NPSZC0S,IME12,,product,Sensores de proximidad (Proximity sensors),C,C-77,76,1,,Sensores de proximidad inductivos IM Standard,,,8,,,,,,,,,,PNP,,conector macho M12 de 4 polos,,inductivos,,,,,,,,,"{""Función de salida"": ""normalmente abierto"", ""Carcasa"": ""M12 x 1"", ""Tipo de montaje"": ""No enrasado"", ""Características eléctricas"": ""CC de 3 hilos"", ""Forma de la carcasa"": ""Estándar""}",product_name;sensor_principle;sensing_range_max_mm
1040787,IME12-08NNSZC0K,IME12,,product,Sensores de proximidad (Proximity sensors),C,C-77,76,1,,Sensores de proximidad inductivos IM Standard,,,8,,,,,,,,,,NPN,,conector macho M12 de 4 polos,,inductivos,,,,,,,,,"{""Función de salida"": ""normalmente abierto"", ""Carcasa"": ""M12 x 1"", ""Tipo de montaje"": ""No enrasado"", ""Características eléctricas"": ""CC de 3 hilos"", ""Forma de la carcasa"": ""Formato corto""}",product_name;sensor_principle;sensing_range_max_mm
1040788,IME12-08NNSZC0S,IME12,,product,Sensores de proximidad (Proximity sensors),C,C-77,76,1,,Sensores de proximidad inductivos IM Standard,,,8,,,,,,,,,,NPN,,conector macho M12 de 4 polos,,inductivos,,,,,,,,,"{""Función de salida"": ""normalmente abierto"", ""Carcasa"": ""M12 x 1"", ""Tipo de montaje"": ""No enrasado"", ""Características eléctricas"": ""CC de 3 hilos"", ""Forma de la carcasa"": ""Estándar""}",product_name;sensor_principle;sensing_range_max_mm
1040965,IME18-08BPSZC0K,IME18,,product,Sensores de proximidad (Proximity sensors),C,C-77,76,1,,Sensores de proximidad inductivos IM Standard,,,8,,,,,,,,,,PNP,,conector macho M12 de 4 polos,,inductivos,,,,,,,,,"{""Función de salida"": ""normalmente abierto"", ""Carcasa"": ""M18 x 1"", ""Tipo de montaje"": ""Enrasado"", ""Características eléctricas"": ""CC de 3 hilos"", ""Forma de la carcasa"": ""Formato corto""}",product_name;sensor_principle;sensing_range_max_mm
1040966,IME18-08BPSZC0S,IME18,,product,Sensores de proximidad (Proximity sensors),C,C-77,76,1,,Sensores de proximidad inductivos IM Standard,,,8,,,,,,,,,,PNP,,conector macho M12 de 4 polos,,inductivos,,,,,,,,,"{""Función de salida"": ""normalmente abierto"", ""Carcasa"": ""M18 x 1"", ""Tipo de montaje"": ""Enrasado"", ""Características eléctricas"": ""CC de 3 hilos"", ""Forma de la carcasa"": ""Estándar""}",product_name;sensor_principle;sensing_range_max_mm
1040973,IME18-08BNSZC0K,IME18,,product,Sensores de proximidad (Proximity sensors),C,C-77,76,1,,Sensores de proximidad inductivos IM Standard,,,8,,,,,,,,,,NPN,,conector macho M12 de 4 polos,,inductivos,,,,,,,,,"{""Función de salida"": ""normalmente abierto"", ""Carcasa"": ""M18 x 1"", ""Tipo de montaje"": ""Enrasado"", ""Características eléctricas"": ""CC de 3 hilos"", ""Forma de la carcasa"": ""Formato corto""}",product_name;sensor_principle;sensing_range_max_mm
1040974,IME18-08BNSZC0S,IME18,,product,Sensores de proximidad (Proximity sensors),C,C-77,76,1,,Sensores de proximidad inductivos IM Standard,,,8,,,,,,,,,,NPN,,conector macho M12 de 4 polos,,inductivos,,,,,,,,,"{""Función de salida"": ""normalmente abierto"", ""Carcasa"": ""M18 x 1"", ""Tipo de montaje"": ""Enrasado"", ""Características eléctricas"": ""CC de 3 hilos"", ""Forma de la carcasa"": ""Estándar""}",product_name;sensor_principle;sensing_range_max_mm
1040981,IME18-12NPSZC0K,IME18,,product,Sensores de proximidad (Proximity sensors),C,C-77,76,1,,Sensores de proximidad inductivos IM Standard,,,12,,,,,,,,,,PNP,,conector macho M12 de 4 polos,,inductivos,,,,,,,,,"{""Función de salida"": ""normalmente abierto"", ""Carcasa"": ""M18 x 1"", ""Tipo de montaje"": ""No enrasado"", ""Características eléctricas"": ""CC de 3 hilos"", ""Forma de la carcasa"": ""Formato corto""}",product_name;sensor_principle;sensing_range_max_mm
1040982,IME18-12NPSZC0S,IME18,,product,Sensores de proximidad (Proximity sensors),C,C-77,76,1,,Sensores de proximidad inductivos IM Standard,,,12,,,,,,,,,,PNP,,conector macho M12 de 4 polos,,inductivos,,,,,,,,,"{""Función de salida"": ""normalmente abierto"", ""Carcasa"": ""M18 x 1"", ""Tipo de montaje"": ""No enrasado"", ""Características eléctricas"": ""CC de 3 hilos"", ""Forma de la carcasa"": ""Estándar""}",product_name;sensor_principle;sensing_range_max_mm
1040989,IME18-12NNSZC0K,IME18,,product,Sensores de proximidad (Proximity sensors),C,C-77,76,1,,Sensores de proximidad inductivos IM Standard,,,12,,,,,,,,,,NPN,,conector macho M12 de 4 polos,,inductivos,,,,,,,,,"{""Función de salida"": ""normalmente abierto"", ""Carcasa"": ""M18 x 1"", ""Tipo de montaje"": ""No enrasado"", ""Características eléctricas"": ""CC de 3 hilos"", ""Forma de la carcasa"": ""Formato corto""}",product_name;sensor_principle;sensing_range_max_mm
1040990,IME18-12NNSZC0S,IME18,,product,Sensores de proximidad (Proximity sensors),C,C-77,76,1,,Sensores de proximidad inductivos IM Standard,,,12,,,,,,,,,,NPN,,conector macho M12 de 4 polos,,inductivos,,,,,,,,,"{""Función de salida"": ""normalmente abierto"", ""Carcasa"": ""M18 x 1"", ""Tipo de montaje"": ""No enrasado"", ""Características eléctricas"": ""CC de 3 hilos"", ""Forma de la carcasa"": ""Estándar""}",product_name;sensor_principle;sensing_range_max_mm
1067178,IME12-04BDSZC0S,IME12,,product,Sensores de proximidad (Proximity sensors),C,C-77,76,1,,Sensores de proximidad inductivos IM Standard,,,4,,,,,,,,,,,,conector macho M12 de 4 polos,,inductivos,,,,,,,,,"{""Función de salida"": ""normalmente abierto"", ""Carcasa"": ""M12 x 1"", ""Tipo de montaje"": ""Enrasado"", ""Características eléctricas"": ""CC de 2 hilos"", ""Salida de conmutación"": ""–"", ""Forma de la carcasa"": ""Estándar""}",product_name;sensor_principle;sensing_range_max_mm
1067180,IME12-08NDSZC0S,IME12,,product,Sensores de proximidad (Proximity sensors),C,C-77,76,1,,Sensores de proximidad inductivos IM Standard,,,8,,,,,,,,,,,,conector macho M12 de 4 polos,,inductivos,,,,,,,,,"{""Función de salida"": ""normalmente abierto"", ""Carcasa"": ""M12 x 1"", ""Tipo de montaje"": ""No enrasado"", ""Características eléctricas"": ""CC de 2 hilos"", ""Salida de conmutación"": ""–"", ""Forma de la carcasa"": ""Estándar""}",product_name;sensor_principle;sensing_range_max_mm
1067181,IME18-12NDSZC0S,IME18,,product,Sensores de proximidad (Proximity sensors),C,C-77,76,1,,Sensores de proximidad inductivos IM Standard,,,12,,,,,,,,,,,,conector macho M12 de 4 polos,,inductivos,,,,,,,,,"{""Función de salida"": ""normalmente abierto"", ""Carcasa"": ""M18 x 1"", ""Tipo de montaje"": ""No enrasado"", ""Características eléctricas"": ""CC de 2 hilos"", ""Salida de conmutación"": ""–"", ""Forma de la carcasa"": ""Estándar""}",product_name;sensor_principle;sensing_range_max_mm
1067207,IME18-08BDSZC0S,IME18,,product,Sensores de proximidad (Proximity sensors),C,C-77,76,1,,Sensores de proximidad inductivos IM Standard,,,8,,,,,,,,,,,,conector macho M12 de 4 polos,,inductivos,,,,,,,,,"{""Función de salida"": ""normalmente abierto"", ""Carcasa"": ""M18 x 1"", ""Tipo de montaje"": ""Enrasado"", ""Características eléctricas"": ""CC de 2 hilos"", ""Salida de conmutación"": ""–"", ""Forma de la carcasa"": ""Estándar""}",product_name;sensor_principle;sensing_range_max_mm
1041029,IME30-15BPSZC0K,IME30,,product,Sensores de proximidad (Proximity sensors),C,C-78,77,1,,Sensor de proximidad inductivo,,,15,,,,,,,,,,PNP,,conector macho M12 de 4 polos,,,,,,,,,,,"{""Función de salida"": ""normalmente abierto"", ""Carcasa"": ""M30 x 1,5"", ""Tipo de montaje"": ""Enrasado"", ""Características eléctricas"": ""CC de 3 hilos"", ""Forma de la carcasa"": ""Formato corto""}",product_name;connection
1041030,IME30-15BPSZC0S,IME30,,product,Sensores de proximidad (Proximity sensors),C,C-78,77,1,,Sensor de proximidad inductivo,,,15,,,,,,,,,,PNP,,conector macho M12 de 4 polos,,,,,,,,,,,"{""Función de salida"": ""normalmente abierto"", ""Carcasa"": ""M30 x 1,5"", ""Tipo de montaje"": ""Enrasado"", ""Características eléctricas"": ""CC de 3 hilos"", ""Forma de la carcasa"": ""Estándar""}",product_name;connection
1041037,IME30-15BNSZC0K,IME30,,product,Sensores de proximidad (Proximity sensors),C,C-78,77,1,,Sensor de proximidad inductivo,,,15,,,,,,,,,,NPN,,conector macho M12 de 4 polos,,,,,,,,,,,"{""Función de salida"": ""normalmente abierto"", ""Carcasa"": ""M30 x 1,5"", ""Tipo de montaje"": ""Enrasado"", ""Características eléctricas"": ""CC de 3 hilos"", ""Forma de la carcasa"": ""Formato corto""}",product_name;connection
1041038,IME30-15BNSZC0S,IME30,,product,Sensores de proximidad (Proximity sensors),C,C-78,77,1,,Sensor de proximidad inductivo,,,15,,,,,,,,,,NPN,,conector macho M12 de 4 polos,,,,,,,,,,,"{""Función de salida"": ""normalmente abierto"", ""Carcasa"": ""M30 x 1,5"", ""Tipo de montaje"": ""Enrasado"", ""Características eléctricas"": ""CC de 3 hilos"", ""Forma de la carcasa"": ""Estándar""}",product_name;connection
1041045,IME30-20NPSZC0K,IME30,,product,Sensores de proximidad (Proximity sensors),C,C-78,77,1,,Sensor de proximidad inductivo,,,20,,,,,,,,,,PNP,,conector macho M12 de 4 polos,,,,,,,,,,,"{""Función de salida"": ""normalmente abierto"", ""Carcasa"": ""M30 x 1,5"", ""Tipo de montaje"": ""No enrasado"", ""Características eléctricas"": ""CC de 3 hilos"", ""Forma de la carcasa"": ""Formato corto""}",product_name;connection
1041046,IME30-20NPSZC0S,IME30,,product,Sensores de proximidad (Proximity sensors),C,C-78,77,1,,Sensor de proximidad inductivo,,,20,,,,,,,,,,PNP,,conector macho M12 de 4 polos,,,,,,,,,,,"{""Función de salida"": ""normalmente abierto"", ""Carcasa"": ""M30 x 1,5"", ""Tipo de montaje"": ""No enrasado"", ""Características eléctricas"": ""CC de 3 hilos"", ""Forma de la carcasa"": ""Estándar""}",product_name;connection
1041053,IME30-20NNSZC0K,IME30,,product,Sensores de proximidad (Proximity sensors),C,C-78,77,1,,Sensor de proximidad inductivo,,,20,,,,,,,,,,NPN,,conector macho M12 de 4 polos,,,,,,,,,,,"{""Función de salida"": ""normalmente abierto"", ""Carcasa"": ""M30 x 1,5"", ""Tipo de montaje"": ""No enrasado"", ""Características eléctricas"": ""CC de 3 hilos"", ""Forma de la carcasa"": ""Formato corto""}",product_name;connection
1041054,IME30-20NNSZC0S,IME30,,product,Sensores de proximidad (Proximity sensors),C,C-78,77,1,,Sensor de proximidad inductivo,,,20,,,,,,,,,,NPN,,conector macho M12 de 4 polos,,,,,,,,,,,"{""Función de salida"": ""normalmente abierto"", ""Carcasa"": ""M30 x 1,5"", ""Tipo de montaje"": ""No enrasado"", ""Características eléctricas"": ""CC de 3 hilos"", ""Forma de la carcasa"": ""Estándar""}",product_name;connection
1067183,IME30-15BDSZC0S,IME30,,product,Sensores de proximidad (Proximity sensors),C,C-78,77,1,,Sensor de proximidad inductivo,,,15,,,,,,,,,,,,conector macho M12 de 4 polos,,,,,,,,,,,"{""Función de salida"": ""normalmente abierto"", ""Carcasa"": ""M30 x 1,5"", ""Tipo de montaje"": ""Enrasado"", ""Características eléctricas"": ""CC de 2 hilos"", ""Forma de la carcasa"": ""Estándar""}",product_name;connection
1067184,IME30-20NDSZC0S,IME30,,product,Sensores de proximidad (Proximity sensors),C,C-78,77,1,,Sensor de proximidad inductivo,,,20,,,,,,,,,,,,conector macho M12 de 4 polos,,,,,,,,,,,"{""Función de salida"": ""normalmente abierto"", ""Carcasa"": ""M30 x 1,5"", ""Tipo de montaje"": ""No enrasado"", ""Características eléctricas"": ""CC de 2 hilos"", ""Forma de la carcasa"": ""Estándar""}",product_name;connection
5321869,BEF-WG-M12,,,accessory,Sensores de proximidad (Proximity sensors),C,C-78,77,1,,,,,,,,,,,,,,,,,,,,,,,,,,,"Placa de fijación para sensores M12, acero galvanizado, sin material de fijación",,
5321871,BEF-WG-M30,,,accessory,Sensores de proximidad (Proximity sensors),C,C-78,77,1,,,,,,,,,,,,,,,,,,,,,,,,,,,"Placa de fijación para sensores M30, acero galvanizado, sin material de fijación",,
6027572,IM12-06BPS-NC1,IM Inox,IM12,product,Sensores de proximidad (Proximity sensors),C,C-79,78,1,,Sensores de proximidad inductivos,www.mysick.com/es/IM_Inox,,6,,,,,,,,,,PNP,,Conector macho M12 de 4 polos,,,,,,,IP 68 / IP 69K,acero inoxidable (316L/1.4404),,,"{""Carcasa"": ""M12 x 1"", ""Tipo de montaje"": ""Enrasado"", ""Función de salida"": ""Normalmente abierto""}",product_name;enclosure_rating;housing_material
6027573,IM12-06BNS-NC1,IM Inox,IM12,product,Sensores de proximidad (Proximity sensors),C,C-79,78,1,,Sensores de proximidad inductivos,www.mysick.com/es/IM_Inox,,6,,,,,,,,,,NPN,,Conector macho M12 de 4 polos,,,,,,,IP 68 / IP 69K,acero inoxidable (316L/1.4404),,,"{""Carcasa"": ""M12 x 1"", ""Tipo de montaje"": ""Enrasado"", ""Función de salida"": ""Normalmente abierto""}",product_name;enclosure_rating;housing_material
6027574,IM12-06BPO-NC1,IM Inox,IM12,product,Sensores de proximidad (Proximity sensors),C,C-79,78,1,,Sensores de proximidad inductivos,www.mysick.com/es/IM_Inox,,6,,,,,,,,,,PNP,,Conector macho M12 de 4 polos,,,,,,,IP 68 / IP 69K,acero inoxidable (316L/1.4404),,,"{""Carcasa"": ""M12 x 1"", ""Tipo de montaje"": ""Enrasado"", ""Función de salida"": ""Normalmente cerrado""}",product_name;enclosure_rating;housing_material
6027575,IM12-10NPS-NC1,IM Inox,IM12,product,Sensores de proximidad (Proximity sensors),C,C-79,78,1,,Sensores de proximidad inductivos,www.mysick.com/es/IM_Inox,,10,,,,,,,,,,PNP,,Conector macho M12 de 4 polos,,,,,,,IP 68 / IP 69K,acero inoxidable (316L/1.4404),,,"{""Carcasa"": ""M12 x 1"", ""Tipo de montaje"": ""No enrasado"", ""Función de salida"": ""Normalmente abierto""}",product_name;enclosure_rating;housing_material
6027576,IM12-10NNS-NC1,IM Inox,IM12,product,Sensores de proximidad (Proximity sensors),C,C-79,78,1,,Sensores de proximidad inductivos,www.mysick.com/es/IM_Inox,,10,,,,,,,,,,NPN,,Conector macho M12 de 4 polos,,,,,,,IP 68 / IP 69K,acero inoxidable (316L/1.4404),,,"{""Carcasa"": ""M12 x 1"", ""Tipo de montaje"": ""No enrasado"", ""Función de salida"": ""Normalmente abierto""}",product_name;enclosure_rating;housing_material
6027577,IM18-10BPS-NC1,IM Inox,IM18,product,Sensores de proximidad (Proximity sensors),C,C-79,78,1,,Sensores de proximidad inductivos,www.mysick.com/es/IM_Inox,,10,,,,,,,,,,PNP,,Conector macho M12 de 4 polos,,,,,,,IP 68 / IP 69K,acero inoxidable (316L/1.4404),,,"{""Carcasa"": ""M18 x 1"", ""Tipo de montaje"": ""Enrasado"", ""Función de salida"": ""Normalmente abierto""}",product_name;enclosure_rating;housing_material
6027578,IM18-10BNS-NC1,IM Inox,IM18,product,Sensores de proximidad (Proximity sensors),C,C-79,78,1,,Sensores de proximidad inductivos,www.mysick.com/es/IM_Inox,,10,,,,,,,,,,NPN,,Conector macho M12 de 4 polos,,,,,,,IP 68 / IP 69K,acero inoxidable (316L/1.4404),,,"{""Carcasa"": ""M18 x 1"", ""Tipo de montaje"": ""Enrasado"", ""Función de salida"": ""Normalmente abierto""}",product_name;enclosure_rating;housing_material
6027579,IM18-10BPO-NC1,IM Inox,IM18,product,Sensores de proximidad (Proximity sensors),C,C-79,78,1,,Sensores de proximidad inductivos,www.mysick.com/es/IM_Inox,,10,,,,,,,,,,PNP,,Conector macho M12 de 4 polos,,,,,,,IP 68 / IP 69K,acero inoxidable (316L/1.4404),,,"{""Carcasa"": ""M18 x 1"", ""Tipo de montaje"": ""Enrasado"", ""Función de salida"": ""Normalmente cerrado""}",product_name;enclosure_rating;housing_material
5320947,BEF-WN-M18N,BEF,,accessory,Sensores de proximidad (Proximity sensors),C,C-80,79,3,C-82;C-87,,,,,,,,,,,,,,,,,,,,,,,,,,"Escuadra de fijación para carcasa M18, acero inoxidable, sin material de fijación",,
5320948,BEF-WG-M18N,BEF,,accessory,Sensores de proximidad (Proximity sensors),C,C-80,79,2,C-82,,,,,,,,,,,,,,,,,,,,,,,,,,"Placa de fijación para carcasa M18, acero inoxidable, sin material de fijación",,
5320949,BEF-WN-M12N,BEF,,accessory,Sensores de proximidad (Proximity sensors),C,C-80,79,2,C-82,,,,,,,,,,,,,,,,,,,,,,,,,,"Escuadra de fijación para carcasa M12, acero inoxidable, sin material de fijación",,
5320950,BEF-WG-M12N,BEF,,accessory,Sensores de proximidad (Proximity sensors),C,C-80,79,2,C-82,,,,,,,,,,,,,,,,,,,,,,,,,,"Placa de fijación para carcasa M12, acero inoxidable, sin material de fijación",,
6027580,IM18-20NPS-NC1,IM18,,product,Sensores de proximidad (Proximity sensors),C,C-80,79,1,,Sensores de proximidad inductivos,,,20,,,,,,,,,,PNP,Normalmente abierto,Conector macho M12 de 4 polos,,,,,,,,,,,"{""Tipo de montaje"": ""No enrasado""}",product_name;sensing_range_max_mm
6027581,IM18-20NNS-NC1,IM18,,product,Sensores de proximidad (Proximity sensors),C,C-80,79,1,,Sensores de proximidad inductivos,,,20,,,,,,,,,,NPN,Normalmente abierto,Conector macho M12 de 4 polos,,,,,,,,,,,"{""Tipo de montaje"": ""No enrasado""}",product_name;sensing_range_max_mm
6027582,IM30-20BPS-NC1,IM30,,product,Sensores de proximidad (Proximity sensors),C,C-80,79,1,,Sensores de proximidad inductivos,,,20,,,,,,,,,,PNP,Normalmente abierto,Conector macho M12 de 4 polos,,,,,,,,,,,"{""Tipo de montaje"": ""Enrasado"", ""Carcasa"": ""M30 x 1,5""}",product_name;sensing_range_max_mm
6027583,IM30-20BNS-NC1,IM30,,product,Sensores de proximidad (Proximity sensors),C,C-80,79,1,,Sensores de proximidad inductivos,,,20,,,,,,,,,,NPN,Normalmente abierto,Conector macho M12 de 4 polos,,,,,,,,,,,"{""Tipo de montaje"": ""Enrasado"", ""Carcasa"": ""M30 x 1,5""}",product_name;sensing_range_max_mm
6027584,IM30-40NPS-NC1,IM30,,product,Sensores de proximidad (Proximity sensors),C,C-80,79,1,,Sensores de proximidad inductivos,,,40,,,,,,,,,,PNP,Normalmente abierto,Conector macho M12 de 4 polos,,,,,,,,,,,"{""Tipo de montaje"": ""No enrasado"", ""Carcasa"": ""M30 x 1,5""}",product_name;sensing_range_max_mm
6027585,IM30-40NNS-NC1,IM30,,product,Sensores de proximidad (Proximity sensors),C,C-80,79,1,,Sensores de proximidad inductivos,,,40,,,,,,,,,,NPN,Normalmente abierto,Conector macho M12 de 4 polos,,,,,,,,,,,"{""Tipo de montaje"": ""No enrasado"", ""Carcasa"": ""M30 x 1,5""}",product_name;sensing_range_max_mm
6028128,DOL-1204-G02MN,DOL,,accessory,Sensores de proximidad (Proximity sensors),C,C-80,79,2,C-82,,,,,,,,,,,,,,,,"Cabezal A: conector hembra M12 de 4 polos, recto",,,,,,,,,,"Cabezal A: conector hembra M12 de 4 polos, recto; Cabezal B: cable; Cable: PVC, sin apantallar, 2 m",,
6028129,DOL-1204-W02MN,DOL,,accessory,Sensores de proximidad (Proximity sensors),C,C-80,79,2,C-82,,,,,,,,,,,,,,,,"Cabezal A: conector hembra M12 de 4 polos, acodado",,,,,,,,,,"Cabezal A: conector hembra M12 de 4 polos, acodado; Cabezal B: cable; Cable: PVC, sin apantallar, 2 m",,
6035215,IMF12-02BPPVC0S,IMF,IMF12,product,Sensores de proximidad (Proximity sensors),C,C-81,80,1,,Sensores de proximidad inductivos IMF,www.mysick.com/es/IMF,,2,,,,,,,,,,PNP,,conector macho M12 de 4 polos,,,,,,,,,,,"{""Carcasa"": ""M12 x 1"", ""Tipo de montaje"": ""Enrasado"", ""Función de salida"": ""Antivalente"", ""Características eléctricas"": ""Cable CC de 4 hilos""}",product_name;sensing_range_max_mm;switching_output;connection
6035217,IMF12-04NPPVC0S,IMF,IMF12,product,Sensores de proximidad (Proximity sensors),C,C-81,80,1,,Sensores de proximidad inductivos IMF,www.mysick.com/es/IMF,,4,,,,,,,,,,PNP,,conector macho M12 de 4 polos,,,,,,,,,,,"{""Carcasa"": ""M12 x 1"", ""Tipo de montaje"": ""No enrasado"", ""Función de salida"": ""Antivalente"", ""Características eléctricas"": ""Cable CC de 4 hilos""}",product_name;sensing_range_max_mm;switching_output;connection
6035219,IMF12-04BPPVC0S,IMF,IMF12,product,Sensores de proximidad (Proximity sensors),C,C-81,80,1,,Sensores de proximidad inductivos IMF,www.mysick.com/es/IMF,,4,,,,,,,,,,PNP,,conector macho M12 de 4 polos,,,,,,,,,,,"{""Carcasa"": ""M12 x 1"", ""Tipo de montaje"": ""Enrasado"", ""Función de salida"": ""Antivalente"", ""Características eléctricas"": ""Cable CC de 4 hilos""}",product_name;sensing_range_max_mm;switching_output;connection
6035221,IMF12-08NPPVC0S,IMF,IMF12,product,Sensores de proximidad (Proximity sensors),C,C-81,80,1,,Sensores de proximidad inductivos IMF,www.mysick.com/es/IMF,,8,,,,,,,,,,PNP,,conector macho M12 de 4 polos,,,,,,,,,,,"{""Carcasa"": ""M12 x 1"", ""Tipo de montaje"": ""No enrasado"", ""Función de salida"": ""Antivalente"", ""Características eléctricas"": ""Cable CC de 4 hilos""}",product_name;sensing_range_max_mm;switching_output;connection
6035452,IMF12-02BPSVC0S,IMF,IMF12,product,Sensores de proximidad (Proximity sensors),C,C-81,80,1,,Sensores de proximidad inductivos IMF,www.mysick.com/es/IMF,,2,,,,,,,,,,PNP,,conector macho M12 de 4 polos,,,,,,,,,,,"{""Carcasa"": ""M12 x 1"", ""Tipo de montaje"": ""Enrasado"", ""Función de salida"": ""Normalmente abierto"", ""Características eléctricas"": ""CC de 3 hilos""}",product_name;sensing_range_max_mm;switching_output;connection
6035454,IMF12-02BPOVC0S,IMF,IMF12,product,Sensores de proximidad (Proximity sensors),C,C-81,80,1,,Sensores de proximidad inductivos IMF,www.mysick.com/es/IMF,,2,,,,,,,,,,PNP,,conector macho M12 de 4 polos,,,,,,,,,,,"{""Carcasa"": ""M12 x 1"", ""Tipo de montaje"": ""Enrasado"", ""Función de salida"": ""Normalmente cerrado"", ""Características eléctricas"": ""CC de 3 hilos""}",product_name;sensing_range_max_mm;switching_output;connection
6035456,IMF12-04NPSVC0S,IMF,IMF12,product,Sensores de proximidad (Proximity sensors),C,C-81,80,1,,Sensores de proximidad inductivos IMF,www.mysick.com/es/IMF,,4,,,,,,,,,,PNP,,conector macho M12 de 4 polos,,,,,,,,,,,"{""Carcasa"": ""M12 x 1"", ""Tipo de montaje"": ""No enrasado"", ""Función de salida"": ""Normalmente abierto"", ""Características eléctricas"": ""CC de 3 hilos""}",product_name;sensing_range_max_mm;switching_output;connection
6035458,IMF12-04NPOVC0S,IMF,IMF12,product,Sensores de proximidad (Proximity sensors),C,C-81,80,1,,Sensores de proximidad inductivos IMF,www.mysick.com/es/IMF,,4,,,,,,,,,,PNP,,conector macho M12 de 4 polos,,,,,,,,,,,"{""Carcasa"": ""M12 x 1"", ""Tipo de montaje"": ""No enrasado"", ""Función de salida"": ""Normalmente cerrado"", ""Características eléctricas"": ""CC de 3 hilos""}",product_name;sensing_range_max_mm;switching_output;connection
6035460,IMF12-04BPSVC0S,IMF,IMF12,product,Sensores de proximidad (Proximity sensors),C,C-81,80,1,,Sensores de proximidad inductivos IMF,www.mysick.com/es/IMF,,4,,,,,,,,,,PNP,,conector macho M12 de 4 polos,,,,,,,,,,,"{""Carcasa"": ""M12 x 1"", ""Tipo de montaje"": ""Enrasado"", ""Función de salida"": ""Normalmente abierto"", ""Características eléctricas"": ""CC de 3 hilos""}",product_name;sensing_range_max_mm;switching_output;connection
6035462,IMF12-04BPOVC0S,IMF,IMF12,product,Sensores de proximidad (Proximity sensors),C,C-81,80,1,,Sensores de proximidad inductivos IMF,www.mysick.com/es/IMF,,4,,,,,,,,,,PNP,,conector macho M12 de 4 polos,,,,,,,,,,,"{""Carcasa"": ""M12 x 1"", ""Tipo de montaje"": ""Enrasado"", ""Función de salida"": ""Normalmente cerrado"", ""Características eléctricas"": ""CC de 3 hilos""}",product_name;sensing_range_max_mm;switching_output;connection
6035464,IMF12-08NPSVC0S,IMF,IMF12,product,Sensores de proximidad (Proximity sensors),C,C-81,80,1,,Sensores de proximidad inductivos IMF,www.mysick.com/es/IMF,,8,,,,,,,,,,PNP,,conector macho M12 de 4 polos,,,,,,,,,,,"{""Carcasa"": ""M12 x 1"", ""Tipo de montaje"": ""No enrasado"", ""Función de salida"": ""Normalmente abierto"", ""Características eléctricas"": ""CC de 3 hilos""}",product_name;sensing_range_max_mm;switching_output;connection
6035466,IMF12-08NPOVC0S,IMF,IMF12,product,Sensores de proximidad (Proximity sensors),C,C-81,80,1,,Sensores de proximidad inductivos IMF,www.mysick.com/es/IMF,,8,,,,,,,,,,PNP,,conector macho M12 de 4 polos,,,,,,,,,,,"{""Carcasa"": ""M12 x 1"", ""Tipo de montaje"": ""No enrasado"", ""Función de salida"": ""Normalmente cerrado"", ""Características eléctricas"": ""CC de 3 hilos""}",product_name;sensing_range_max_mm;switching_output;connection
6035223,IMF18-05BPPVC0S,IMF,IMF18,product,Sensores de proximidad (Proximity sensors),C,C-82,81,1,,Sensores de proximidad inductivos,,,5,,,,,,,,,,PNP,,conector macho M12 de 4 polos,,,,,,,,,,,"{""Carcasa"": ""M18 x 1"", ""Tipo de montaje"": ""Enrasado"", ""Función de salida"": ""Antivalente"", ""Características eléctricas"": ""Cable CC de 4 hilos""}",product_name
6035225,IMF18-08NPPVC0S,IMF,IMF18,product,Sensores de proximidad (Proximity sensors),C,C-82,81,1,,Sensores de proximidad inductivos,,,8,,,,,,,,,,PNP,,conector macho M12 de 4 polos,,,,,,,,,,,"{""Carcasa"": ""M18 x 1"", ""Tipo de montaje"": ""No enrasado"", ""Función de salida"": ""Antivalente"", ""Características eléctricas"": ""Cable CC de 4 hilos""}",product_name
6035227,IMF18-08BPPVC0S,IMF,IMF18,product,Sensores de proximidad (Proximity sensors),C,C-82,81,1,,Sensores de proximidad inductivos,,,8,,,,,,,,,,PNP,,conector macho M12 de 4 polos,,,,,,,,,,,"{""Carcasa"": ""M18 x 1"", ""Tipo de montaje"": ""Enrasado"", ""Función de salida"": ""Antivalente"", ""Características eléctricas"": ""Cable CC de 4 hilos""}",product_name
6035229,IMF18-12NPPVC0S,IMF,IMF18,product,Sensores de proximidad (Proximity sensors),C,C-82,81,1,,Sensores de proximidad inductivos,,,12,,,,,,,,,,PNP,,conector macho M12 de 4 polos,,,,,,,,,,,"{""Carcasa"": ""M18 x 1"", ""Tipo de montaje"": ""No enrasado"", ""Función de salida"": ""Antivalente"", ""Características eléctricas"": ""Cable CC de 4 hilos""}",product_name
6035468,IMF18-05BPSVC0S,IMF,IMF18,product,Sensores de proximidad (Proximity sensors),C,C-82,81,1,,Sensores de proximidad inductivos,,,5,,,,,,,,,,PNP,,conector macho M12 de 4 polos,,,,,,,,,,,"{""Carcasa"": ""M18 x 1"", ""Tipo de montaje"": ""Enrasado"", ""Función de salida"": ""Normalmente abierto"", ""Características eléctricas"": ""CC de 3 hilos""}",product_name
6035470,IMF18-05BPOVC0S,IMF,IMF18,product,Sensores de proximidad (Proximity sensors),C,C-82,81,1,,Sensores de proximidad inductivos,,,5,,,,,,,,,,PNP,,conector macho M12 de 4 polos,,,,,,,,,,,"{""Carcasa"": ""M18 x 1"", ""Tipo de montaje"": ""Enrasado"", ""Función de salida"": ""Normalmente cerrado"", ""Características eléctricas"": ""CC de 3 hilos""}",product_name
6035472,IMF18-08NPSVC0S,IMF,IMF18,product,Sensores de proximidad (Proximity sensors),C,C-82,81,1,,Sensores de proximidad inductivos,,,8,,,,,,,,,,PNP,,conector macho M12 de 4 polos,,,,,,,,,,,"{""Carcasa"": ""M18 x 1"", ""Tipo de montaje"": ""No enrasado"", ""Función de salida"": ""Normalmente abierto"", ""Características eléctricas"": ""CC de 3 hilos""}",product_name
6035474,IMF18-08NPOVC0S,IMF,IMF18,product,Sensores de proximidad (Proximity sensors),C,C-82,81,1,,Sensores de proximidad inductivos,,,8,,,,,,,,,,PNP,,conector macho M12 de 4 polos,,,,,,,,,,,"{""Carcasa"": ""M18 x 1"", ""Tipo de montaje"": ""No enrasado"", ""Función de salida"": ""Normalmente cerrado"", ""Características eléctricas"": ""CC de 3 hilos""}",product_name
6035476,IMF18-08BPSVC0S,IMF,IMF18,product,Sensores de proximidad (Proximity sensors),C,C-82,81,1,,Sensores de proximidad inductivos,,,8,,,,,,,,,,PNP,,conector macho M12 de 4 polos,,,,,,,,,,,"{""Carcasa"": ""M18 x 1"", ""Tipo de montaje"": ""Enrasado"", ""Función de salida"": ""Normalmente abierto"", ""Características eléctricas"": ""CC de 3 hilos""}",product_name
6035478,IMF18-08BPOVC0S,IMF,IMF18,product,Sensores de proximidad (Proximity sensors),C,C-82,81,1,,Sensores de proximidad inductivos,,,8,,,,,,,,,,PNP,,conector macho M12 de 4 polos,,,,,,,,,,,"{""Carcasa"": ""M18 x 1"", ""Tipo de montaje"": ""Enrasado"", ""Función de salida"": ""Normalmente cerrado"", ""Características eléctricas"": ""CC de 3 hilos""}",product_name
6035480,IMF18-12NPSVC0S,IMF,IMF18,product,Sensores de proximidad (Proximity sensors),C,C-82,81,1,,Sensores de proximidad inductivos,,,12,,,,,,,,,,PNP,,conector macho M12 de 4 polos,,,,,,,,,,,"{""Carcasa"": ""M18 x 1"", ""Tipo de montaje"": ""No enrasado"", ""Función de salida"": ""Normalmente abierto"", ""Características eléctricas"": ""CC de 3 hilos""}",product_name
6035482,IMF18-12NPOVC0S,IMF,IMF18,product,Sensores de proximidad (Proximity sensors),C,C-82,81,1,,Sensores de proximidad inductivos,,,12,,,,,,,,,,PNP,,conector macho M12 de 4 polos,,,,,,,,,,,"{""Carcasa"": ""M18 x 1"", ""Tipo de montaje"": ""No enrasado"", ""Función de salida"": ""Normalmente cerrado"", ""Características eléctricas"": ""CC de 3 hilos""}",product_name
1055447,IQ10-03BPSKW2S,IQ Standard,IQ10,product,Sensores de proximidad (Proximity sensors),C,C-83,82,1,,Sensores de proximidad inductivos IQ Standard,www.mysick.com/es/IQ_Standard,,3,,,,,,,,,,PNP,normalmente abierto,"Cable de 3 hilos, 2 m, PVC",,,,,,,,,,,"{""Tipo de montaje"": ""Enrasado"", ""Carcasa"": ""10 mm x 16 mm x 28 mm"", ""Características eléctricas"": ""CC de 3 hilos""}",product_name;product_url;sensing_range_max_mm
1055450,IQ10-03BNSKW2S,IQ Standard,IQ10,product,Sensores de proximidad (Proximity sensors),C,C-83,82,1,,Sensores de proximidad inductivos IQ Standard,www.mysick.com/es/IQ_Standard,,3,,,,,,,,,,NPN,normalmente abierto,"Cable de 3 hilos, 2 m, PVC",,,,,,,,,,,"{""Tipo de montaje"": ""Enrasado"", ""Carcasa"": ""10 mm x 16 mm x 28 mm"", ""Características eléctricas"": ""CC de 3 hilos""}",product_name;product_url;sensing_range_max_mm
1055453,IQ10-03BPSKT0S,IQ Standard,IQ10,product,Sensores de proximidad (Proximity sensors),C,C-83,82,1,,Sensores de proximidad inductivos IQ Standard,www.mysick.com/es/IQ_Standard,,3,,,,,,,,,,PNP,normalmente abierto,Conector macho M8 de 3 polos,,,,,,,,,,,"{""Tipo de montaje"": ""Enrasado"", ""Carcasa"": ""10 mm x 16 mm x 28 mm"", ""Características eléctricas"": ""CC de 3 hilos""}",product_name;product_url;sensing_range_max_mm
1055455,IQ10-03BNSKT0S,IQ Standard,IQ10,product,Sensores de proximidad (Proximity sensors),C,C-83,82,1,,Sensores de proximidad inductivos IQ Standard,www.mysick.com/es/IQ_Standard,,3,,,,,,,,,,NPN,normalmente abierto,Conector macho M8 de 3 polos,,,,,,,,,,,"{""Tipo de montaje"": ""Enrasado"", ""Carcasa"": ""10 mm x 16 mm x 28 mm"", ""Características eléctricas"": ""CC de 3 hilos""}",product_name;product_url;sensing_range_max_mm
1055457,IQ10-06NPSKW2S,IQ Standard,IQ10,product,Sensores de proximidad (Proximity sensors),C,C-83,82,1,,Sensores de proximidad inductivos IQ Standard,www.mysick.com/es/IQ_Standard,,6,,,,,,,,,,PNP,normalmente abierto,"Cable de 3 hilos, 2 m, PVC",,,,,,,,,,,"{""Tipo de montaje"": ""No enrasado"", ""Carcasa"": ""10 mm x 16 mm x 28 mm"", ""Características eléctricas"": ""CC de 3 hilos""}",product_name;product_url;sensing_range_max_mm
1055459,IQ10-06NNSKW2S,IQ Standard,IQ10,product,Sensores de proximidad (Proximity sensors),C,C-83,82,1,,Sensores de proximidad inductivos IQ Standard,www.mysick.com/es/IQ_Standard,,6,,,,,,,,,,NPN,normalmente abierto,"Cable de 3 hilos, 2 m, PVC",,,,,,,,,,,"{""Tipo de montaje"": ""No enrasado"", ""Carcasa"": ""10 mm x 16 mm x 28 mm"", ""Características eléctricas"": ""CC de 3 hilos""}",product_name;product_url;sensing_range_max_mm
1055461,IQ10-06NPSKT0S,IQ Standard,IQ10,product,Sensores de proximidad (Proximity sensors),C,C-83,82,1,,Sensores de proximidad inductivos IQ Standard,www.mysick.com/es/IQ_Standard,,6,,,,,,,,,,PNP,normalmente abierto,Conector macho M8 de 3 polos,,,,,,,,,,,"{""Tipo de montaje"": ""No enrasado"", ""Carcasa"": ""10 mm x 16 mm x 28 mm"", ""Características eléctricas"": ""CC de 3 hilos""}",product_name;product_url;sensing_range_max_mm
1055463,IQ10-06NNSKT0S,IQ Standard,IQ10,product,Sensores de proximidad (Proximity sensors),C,C-83,82,1,,Sensores de proximidad inductivos IQ Standard,www.mysick.com/es/IQ_Standard,,6,,,,,,,,,,NPN,normalmente abierto,Conector macho M8 de 3 polos,,,,,,,,,,,"{""Tipo de montaje"": ""No enrasado"", ""Carcasa"": ""10 mm x 16 mm x 28 mm"", ""Características eléctricas"": ""CC de 3 hilos""}",product_name;product_url;sensing_range_max_mm
1055428,IQ12-04BPSKW2S,IQ Standard,IQ12,product,Sensores de proximidad (Proximity sensors),C,C-84,83,1,,Sensores de proximidad inductivos,,,,,,,,,,,,,PNP,normalmente abierto,"Cable de 3 hilos, 2 m, PVC",,,,,,,,,,,"{""Distancia de conmutación Sn"": ""4 mm"", ""Tipo de montaje"": ""Enrasado"", ""Carcasa"": ""12 mm x 26 mm x 40 mm"", ""Características eléctricas"": ""CC de 3 hilos""}",product_name
1055430,IQ12-04BNSKW2S,IQ Standard,IQ12,product,Sensores de proximidad (Proximity sensors),C,C-84,83,1,,Sensores de proximidad inductivos,,,,,,,,,,,,,NPN,normalmente abierto,"Cable de 3 hilos, 2 m, PVC",,,,,,,,,,,"{""Distancia de conmutación Sn"": ""4 mm"", ""Tipo de montaje"": ""Enrasado"", ""Carcasa"": ""12 mm x 26 mm x 40 mm"", ""Características eléctricas"": ""CC de 3 hilos""}",product_name
1055432,IQ12-04BPSKT0S,IQ Standard,IQ12,product,Sensores de proximidad (Proximity sensors),C,C-84,83,1,,Sensores de proximidad inductivos,,,,,,,,,,,,,PNP,normalmente abierto,Conector macho M8 de 3 polos,,,,,,,,,,,"{""Distancia de conmutación Sn"": ""4 mm"", ""Tipo de montaje"": ""Enrasado"", ""Carcasa"": ""12 mm x 26 mm x 40 mm"", ""Características eléctricas"": ""CC de 3 hilos""}",product_name
1055434,IQ12-04BNSKT0S,IQ Standard,IQ12,product,Sensores de proximidad (Proximity sensors),C,C-84,83,1,,Sensores de proximidad inductivos,,,,,,,,,,,,,NPN,normalmente abierto,Conector macho M8 de 3 polos,,,,,,,,,,,"{""Distancia de conmutación Sn"": ""4 mm"", ""Tipo de montaje"": ""Enrasado"", ""Carcasa"": ""12 mm x 26 mm x 40 mm"", ""Características eléctricas"": ""CC de 3 hilos""}",product_name
1055436,IQ12-08NPSKW2S,IQ Standard,IQ12,product,Sensores de proximidad (Proximity sensors),C,C-84,83,1,,Sensores de proximidad inductivos,,,,,,,,,,,,,PNP,normalmente abierto,"Cable de 3 hilos, 2 m, PVC",,,,,,,,,,,"{""Distancia de conmutación Sn"": ""8 mm"", ""Tipo de montaje"": ""No enrasado"", ""Carcasa"": ""12 mm x 26 mm x 40 mm"", ""Características eléctricas"": ""CC de 3 hilos""}",product_name
1055438,IQ12-08NNSKW2S,IQ Standard,IQ12,product,Sensores de proximidad (Proximity sensors),C,C-84,83,1,,Sensores de proximidad inductivos,,,,,,,,,,,,,NPN,normalmente abierto,"Cable de 3 hilos, 2 m, PVC",,,,,,,,,,,"{""Distancia de conmutación Sn"": ""8 mm"", ""Tipo de montaje"": ""No enrasado"", ""Carcasa"": ""12 mm x 26 mm x 40 mm"", ""Características eléctricas"": ""CC de 3 hilos""}",product_name
1055440,IQ12-08NPSKT0S,IQ Standard,IQ12,product,Sensores de proximidad (Proximity sensors),C,C-84,83,1,,Sensores de proximidad inductivos,,,,,,,,,,,,,PNP,normalmente abierto,Conector macho M8 de 3 polos,,,,,,,,,,,"{""Distancia de conmutación Sn"": ""8 mm"", ""Tipo de montaje"": ""No enrasado"", ""Carcasa"": ""12 mm x 26 mm x 40 mm"", ""Características eléctricas"": ""CC de 3 hilos""}",product_name
1055442,IQ12-08NNSKT0S,IQ Standard,IQ12,product,Sensores de proximidad (Proximity sensors),C,C-84,83,1,,Sensores de proximidad inductivos,,,,,,,,,,,,,NPN,normalmente abierto,Conector macho M8 de 3 polos,,,,,,,,,,,"{""Distancia de conmutación Sn"": ""8 mm"", ""Tipo de montaje"": ""No enrasado"", ""Carcasa"": ""12 mm x 26 mm x 40 mm"", ""Características eléctricas"": ""CC de 3 hilos""}",product_name
6025814,IQ40-15BPP-KK1,IQ Standard,IQ40,product,Sensores de proximidad (Proximity sensors),C,C-84,83,1,,Sensores de proximidad inductivos,,,,,,,,,,,,,PNP,Antivalente,Conexión de bornes,,,,,,,,,,,"{""Distancia de conmutación Sn"": ""15 mm"", ""Tipo de montaje"": ""Enrasado"", ""Carcasa"": ""40 mm x 40 mm x 118 mm"", ""Características eléctricas"": ""Cable CC de 4 hilos""}",product_name
6025815,IQ40-20NPP-KK1,IQ Standard,IQ40,product,Sensores de proximidad (Proximity sensors),C,C-84,83,1,,Sensores de proximidad inductivos,,,,,,,,,,,,,PNP,Antivalente,Conexión de bornes con racor M20,,,,,,,,,,,"{""Distancia de conmutación Sn"": ""20 mm"", ""Tipo de montaje"": ""No enrasado"", ""Carcasa"": ""40 mm x 40 mm x 118 mm"", ""Características eléctricas"": ""Cable CC de 4 hilos""}",product_name
6025816,IQ40-15BAP-KK1,IQ Standard,IQ40,product,Sensores de proximidad (Proximity sensors),C,C-84,83,1,,Sensores de proximidad inductivos,,,,,,,,,,,,,,Normalmente cerrado o normalmente abierto,Conexión de bornes con racor M20,,,,,,,,,,,"{""Distancia de conmutación Sn"": ""15 mm"", ""Tipo de montaje"": ""Enrasado"", ""Carcasa"": ""40 mm x 40 mm x 118 mm"", ""Características eléctricas"": ""CA de 2 hilos""}",product_name;output_function
6025817,IQ40-15BDP-KK1,IQ Standard,IQ40,product,Sensores de proximidad (Proximity sensors),C,C-84,83,1,,Sensores de proximidad inductivos,,,,,,,,,,,,,,Normalmente cerrado o normalmente abierto,Conexión de bornes con racor M20,,,,,,,,,,,"{""Distancia de conmutación Sn"": ""15 mm"", ""Tipo de montaje"": ""Enrasado"", ""Carcasa"": ""40 mm x 40 mm x 118 mm"", ""Características eléctricas"": ""CC de 2 hilos""}",product_name;output_function
6037070,IQ40-20BPSKC0K,IQ Standard,IQ40,product,Sensores de proximidad (Proximity sensors),C,C-84,83,1,,Sensores de proximidad inductivos,,,,,,,,,,,,,PNP,Normalmente abierto,Conector macho M12 de 4 polos,,,,,,,,,,,"{""Distancia de conmutación Sn"": ""20 mm"", ""Tipo de montaje"": ""Enrasado"", ""Carcasa"": ""40 mm x 40 mm x 66 mm"", ""Características eléctricas"": ""CC de 3 hilos""}",product_name;output_function
6037071,IQ40-40NPSKC0K,IQ Standard,IQ40,product,Sensores de proximidad (Proximity sensors),C,C-84,83,1,,Sensores de proximidad inductivos,,,,,,,,,,,,,PNP,Normalmente abierto,Conector macho M12 de 4 polos,,,,,,,,,,,"{""Distancia de conmutación Sn"": ""40 mm"", ""Tipo de montaje"": ""No enrasado"", ""Carcasa"": ""40 mm x 40 mm x 66 mm"", ""Características eléctricas"": ""CC de 3 hilos""}",product_name;output_function
6037072,IQ40-20BPPKC0K,IQ Standard,IQ40,product,Sensores de proximidad (Proximity sensors),C,C-84,83,1,,Sensores de proximidad inductivos,,,,,,,,,,,,,PNP,Antivalente,Conector macho M12 de 4 polos,,,,,,,,,,,"{""Distancia de conmutación Sn"": ""20 mm"", ""Tipo de montaje"": ""Enrasado"", ""Carcasa"": ""40 mm x 40 mm x 66 mm"", ""Características eléctricas"": ""Cable CC de 4 hilos""}",product_name
6037073,IQ40-40NPPKC0K,IQ Standard,IQ40,product,Sensores de proximidad (Proximity sensors),C,C-84,83,1,,Sensores de proximidad inductivos,,,,,,,,,,,,,PNP,Antivalente,Conector macho M12 de 4 polos,,,,,,,,,,,"{""Distancia de conmutación Sn"": ""40 mm"", ""Tipo de montaje"": ""No enrasado"", ""Carcasa"": ""40 mm x 40 mm x 66 mm"", ""Características eléctricas"": ""Cable CC de 4 hilos""}",product_name
7900219,IQ40-15BPP-KK0,IQ Standard,IQ40,product,Sensores de proximidad (Proximity sensors),C,C-84,83,1,,Sensores de proximidad inductivos,,,,,,,,,,,,,PNP,Normalmente cerrado o normalmente abierto,Conexión de bornes con racor M20,,,,,,,,,,,"{""Distancia de conmutación Sn"": ""15 mm"", ""Tipo de montaje"": ""Enrasado"", ""Carcasa"": ""40 mm x 40 mm x 121 mm"", ""Características eléctricas"": ""CC de 3 hilos""}",product_name;output_function
7900221,IQ40-20NPP-KK0,IQ Standard,IQ40,product,Sensores de proximidad (Proximity sensors),C,C-84,83,1,,Sensores de proximidad inductivos,,,,,,,,,,,,,PNP,Normalmente cerrado o normalmente abierto,Conexión de bornes con racor M20,,,,,,,,,,,"{""Distancia de conmutación Sn"": ""20 mm"", ""Tipo de montaje"": ""No enrasado"", ""Carcasa"": ""40 mm x 40 mm x 121 mm"", ""Características eléctricas"": ""CC de 3 hilos""}",product_name;output_function
7902136,IQ40-15BUP-KK0,IQ Standard,IQ40,product,Sensores de proximidad (Proximity sensors),C,C-84,83,1,,Sensores de proximidad inductivos,,,,,,,,,,,,,,Normalmente cerrado o normalmente abierto,Conexión de bornes con racor M20,,,,,,,,,,,"{""Distancia de conmutación Sn"": ""15 mm"", ""Tipo de montaje"": ""Enrasado"", ""Carcasa"": ""40 mm x 40 mm x 121 mm"", ""Características eléctricas"": ""CA/CC de 2 hilos""}",product_name;output_function
7902137,IQ40-20NUP-KK0,IQ Standard,IQ40,product,Sensores de proximidad (Proximity sensors),C,C-84,83,1,,Sensores de proximidad inductivos,,,,,,,,,,,,,,Normalmente cerrado o normalmente abierto,Conexión de bornes con racor M20,,,,,,,,,,,"{""Distancia de conmutación Sn"": ""20 mm"", ""Tipo de montaje"": ""No enrasado"", ""Carcasa"": ""40 mm x 40 mm x 121 mm"", ""Características eléctricas"": ""CA/CC de 2 hilos""}",product_name;output_function
6008489,DOL-0803-W02M,IQ80,,accessory,Sensores de proximidad (Proximity sensors),C,C-85,84,8,C-78;D-93;D-95;D-97;D-99;G-152;H-169,,,,,,,,,,,,,,,,,,,,,,,,,,"Cabezal A: conector hembra M8 de 3 polos, acodado Cabezal B: cable Cable: PVC, sin apantallar, 2 m","{""Grupo de accesorios"": ""Conectores y cables""}",
6026473,IQ80-50BPP-KC0,IQ80,,product,Sensores de proximidad (Proximity sensors),C,C-85,84,1,,Sensores de proximidad inductivos IQ Standard,,,,,,,,,,,,,PNP,,Conector macho M12 de 4 polos,,,,,,,,,,,"{""Distancia de conmutación Sn"": ""50 mm"", ""Tipo de montaje"": ""Enrasado, no enrasado, sobreenrasado"", ""Función de salida"": ""Antivalente"", ""Carcasa"": ""80 mm x 40 mm x 112 mm"", ""Características eléctricas"": ""Cable CC de 4 hilos""}",product_name
7900227,IQ80-60NPP-KK0,IQ80,,product,Sensores de proximidad (Proximity sensors),C,C-85,84,1,,Sensores de proximidad inductivos IQ Standard,,,,,,,,,,,,,PNP,,Conexión de bornes con racor M20,,,,,,,,,,,"{""Distancia de conmutación Sn"": ""60 mm"", ""Tipo de montaje"": ""No enrasado"", ""Función de salida"": ""Normalmente cerrado o normalmente abierto"", ""Carcasa"": ""80 mm x 40 mm x 105 mm"", ""Características eléctricas"": ""CC de 3 hilos""}",product_name
7902138,IQ80-60NUP-KK0,IQ80,,product,Sensores de proximidad (Proximity sensors),C,C-85,84,1,,Sensores de proximidad inductivos IQ Standard,,,,,,,,,,,,,"PNP, NPN",,Conexión de bornes con racor M20,,,,,,,,,,,"{""Distancia de conmutación Sn"": ""60 mm"", ""Tipo de montaje"": ""No enrasado"", ""Función de salida"": ""Normalmente cerrado o normalmente abierto"", ""Carcasa"": ""80 mm x 40 mm x 105 mm"", ""Características eléctricas"": ""CA/CC de 2 hilos""}",product_name
6020136,CM18-08BPP-KW1,CM,CM18,product,Sensores de proximidad (Proximity sensors),C,C-86,85,1,,Sensores de proximidad capacitivos,www.mysick.com/es/CM,,8,10,40,,,,,,,,PNP,Antivalente,"Cable de 4 hilos, 2 m, PVC",,,,,,,IP 67,,,,"{""Carcasa"": ""M18 x 1"", ""Características eléctricas"": ""CC de 4 hilos"", ""Tipo de montaje"": ""Enrasado""}",product_name;sensing_range_max_mm;supply_voltage_min_v;supply_voltage_max_v;enclosure_rating
6020388,CM18-08BPP-KC1,CM,CM18,product,Sensores de proximidad (Proximity sensors),C,C-86,85,1,,Sensores de proximidad capacitivos,www.mysick.com/es/CM,,8,10,40,,,,,,,,PNP,Antivalente,Conector macho M12 de 4 polos,,,,,,,IP 67,,,,"{""Carcasa"": ""M18 x 1"", ""Características eléctricas"": ""CC de 4 hilos"", ""Tipo de montaje"": ""Enrasado""}",product_name;sensing_range_max_mm;supply_voltage_min_v;supply_voltage_max_v;enclosure_rating
6021455,CM18-08BNP-KW1,CM,CM18,product,Sensores de proximidad (Proximity sensors),C,C-86,85,1,,Sensores de proximidad capacitivos,www.mysick.com/es/CM,,8,10,40,,,,,,,,NPN,Antivalente,"Cable de 4 hilos, 2 m, PVC",,,,,,,IP 67,,,,"{""Carcasa"": ""M18 x 1"", ""Características eléctricas"": ""CC de 4 hilos"", ""Tipo de montaje"": ""Enrasado""}",product_name;sensing_range_max_mm;supply_voltage_min_v;supply_voltage_max_v;enclosure_rating
6021456,CM18-08BNP-KC1,CM,CM18,product,Sensores de proximidad (Proximity sensors),C,C-86,85,1,,Sensores de proximidad capacitivos,www.mysick.com/es/CM,,8,10,40,,,,,,,,NPN,Antivalente,Conector macho M12 de 4 polos,,,,,,,IP 67,,,,"{""Carcasa"": ""M18 x 1"", ""Características eléctricas"": ""CC de 4 hilos"", ""Tipo de montaje"": ""Enrasado""}",product_name;sensing_range_max_mm;supply_voltage_min_v;supply_voltage_max_v;enclosure_rating
6051029,CM12-08EBP-KW1,CM,CM12,product,Sensores de proximidad (Proximity sensors),C,C-86,85,1,,Sensores de proximidad capacitivos,www.mysick.com/es/CM,,8,10,40,,,,,,,,"PNP, NPN",Programable,"Cable de 4 hilos, 2 m, PVC",,,,,,,IP 67,,,,"{""Carcasa"": ""M12 x 1"", ""Características eléctricas"": ""CC de 4 hilos"", ""Tipo de montaje"": ""No enrasado, enrasado""}",product_name;sensing_range_max_mm;supply_voltage_min_v;supply_voltage_max_v;enclosure_rating
6051030,CM12-08EBP-KC1,CM,CM12,product,Sensores de proximidad (Proximity sensors),C,C-86,85,1,,Sensores de proximidad capacitivos,www.mysick.com/es/CM,,8,10,40,,,,,,,,"PNP, NPN",Programable,Conector macho M12 de 4 polos,,,,,,,IP 67,,,,"{""Carcasa"": ""M12 x 1"", ""Características eléctricas"": ""CC de 4 hilos"", ""Tipo de montaje"": ""No enrasado, enrasado""}",product_name;sensing_range_max_mm;supply_voltage_min_v;supply_voltage_max_v;enclosure_rating
2051479,BEF-KH-M12,CM,,accessory,Sensores de proximidad (Proximity sensors),C,C-87,86,2,L-218,,,,,,,,,,,,,,,,,,,,,,,,,,"Bloque de fijación para sensores circulares M12 sin tope fijo, plástico (PA12) reforzado con fibra de vidrio, con material de fijación",,
2051480,BEF-KHF-M12,CM,,accessory,Sensores de proximidad (Proximity sensors),C,C-87,86,1,,,,,,,,,,,,,,,,,,,,,,,,,,,"Bloque de fijación para sensores circulares M12 con tope fijo, plástico (PA12) reforzado con fibra de vidrio, con material de fijación",,
2051481,BEF-KH-M18,CM,,accessory,Sensores de proximidad (Proximity sensors),C,C-87,86,2,L-218,,,,,,,,,,,,,,,,,,,,,,,,,,"Bloque de fijación para sensores circulares M18 sin tope fijo, plástico (PA12) reforzado con fibra de vidrio, con material de fijación",,
2051482,BEF-KHF-M18,CM,,accessory,Sensores de proximidad (Proximity sensors),C,C-87,86,1,,,,,,,,,,,,,,,,,,,,,,,,,,,"Bloque de fijación para sensores circulares M18 con tope fijo, plástico (PA12) reforzado con fibra de vidrio, con material de fijación",,
5308445,BEF-WN-M30,CM,,accessory,Sensores de proximidad (Proximity sensors),C,C-87,86,5,C-78;K-200;K-202;L-218,,,,,,,,,,,,,,,,,,,,,,,,,,"Escuadra de fijación, rosca M30, acero galvanizado, sin material de fijación",,
6020389,CM18-12NPP-KW1,CM,CM18,product,Sensores de proximidad (Proximity sensors),C,C-87,86,1,,,,,12,,,,,,,,,,PNP,Antivalente,"Cable de 4 hilos, 2 m, PVC",,capacitivos,,,,,,,,,"{""Tipo de montaje"": ""No enrasado""}",sensor_principle
6020410,CM18-12NPP-KC1,CM,CM18,product,Sensores de proximidad (Proximity sensors),C,C-87,86,1,,,,,12,,,,,,,,,,PNP,Antivalente,Conector macho M12 de 4 polos,,capacitivos,,,,,,,,,"{""Tipo de montaje"": ""No enrasado""}",sensor_principle
6020473,CM30-16BPP-KW1,CM,CM30,product,Sensores de proximidad (Proximity sensors),C,C-87,86,1,,,,,16,,,,,,,,,,PNP,Antivalente,"Cable de 4 hilos, 2 m, PVC",,capacitivos,,,,,,,,,"{""Tipo de montaje"": ""Enrasado"", ""Carcasa"": ""M30 x 1,5"", ""Características eléctricas"": ""CC de 4 hilos""}",sensor_principle
6020475,CM30-16BPP-KC1,CM,CM30,product,Sensores de proximidad (Proximity sensors),C,C-87,86,1,,,,,16,,,,,,,,,,PNP,Antivalente,Conector macho M12 de 4 polos,,capacitivos,,,,,,,,,"{""Tipo de montaje"": ""Enrasado"", ""Carcasa"": ""M30 x 1,5"", ""Características eléctricas"": ""CC de 4 hilos""}",sensor_principle
6020476,CM30-25NPP-KW1,CM,CM30,product,Sensores de proximidad (Proximity sensors),C,C-87,86,1,,,,,25,,,,,,,,,,PNP,Antivalente,"Cable de 4 hilos, 2 m, PVC",,capacitivos,,,,,,,,,"{""Tipo de montaje"": ""No enrasado"", ""Carcasa"": ""M30 x 1,5"", ""Características eléctricas"": ""CC de 4 hilos""}",sensor_principle
6020477,CM30-25NPP-KC1,CM,CM30,product,Sensores de proximidad (Proximity sensors),C,C-87,86,1,,,,,25,,,,,,,,,,PNP,Antivalente,Conector macho M12 de 4 polos,,capacitivos,,,,,,,,,"{""Tipo de montaje"": ""No enrasado"", ""Carcasa"": ""M30 x 1,5"", ""Características eléctricas"": ""CC de 4 hilos""}",sensor_principle
6021457,CM18-12NNP-KW1,CM,CM18,product,Sensores de proximidad (Proximity sensors),C,C-87,86,1,,,,,12,,,,,,,,,,NPN,Antivalente,"Cable de 4 hilos, 2 m, PVC",,capacitivos,,,,,,,,,"{""Tipo de montaje"": ""No enrasado""}",sensor_principle
6021458,CM18-12NNP-KC1,CM,CM18,product,Sensores de proximidad (Proximity sensors),C,C-87,86,1,,,,,12,,,,,,,,,,NPN,Antivalente,Conector macho M12 de 4 polos,,capacitivos,,,,,,,,,"{""Tipo de montaje"": ""No enrasado""}",sensor_principle
6021459,CM30-16BNP-KW1,CM,CM30,product,Sensores de proximidad (Proximity sensors),C,C-87,86,1,,,,,16,,,,,,,,,,NPN,Antivalente,"Cable de 4 hilos, 2 m, PVC",,capacitivos,,,,,,,,,"{""Tipo de montaje"": ""Enrasado"", ""Carcasa"": ""M30 x 1,5"", ""Características eléctricas"": ""CC de 4 hilos""}",sensor_principle
6021460,CM30-16BNP-KC1,CM,CM30,product,Sensores de proximidad (Proximity sensors),C,C-87,86,1,,,,,16,,,,,,,,,,NPN,Antivalente,Conector macho M12 de 4 polos,,capacitivos,,,,,,,,,"{""Tipo de montaje"": ""Enrasado"", ""Carcasa"": ""M30 x 1,5"", ""Características eléctricas"": ""CC de 4 hilos""}",sensor_principle
6021461,CM30-25NNP-KW1,CM,CM30,product,Sensores de proximidad (Proximity sensors),C,C-87,86,1,,,,,25,,,,,,,,,,NPN,Antivalente,"Cable de 4 hilos, 2 m, PVC",,capacitivos,,,,,,,,,"{""Tipo de montaje"": ""No enrasado"", ""Carcasa"": ""M30 x 1,5"", ""Características eléctricas"": ""CC de 4 hilos""}",sensor_principle
6021462,CM30-25NNP-KC1,CM,CM30,product,Sensores de proximidad (Proximity sensors),C,C-87,86,1,,,,,25,,,,,,,,,,NPN,Antivalente,Conector macho M12 de 4 polos,,capacitivos,,,,,,,,,"{""Tipo de montaje"": ""No enrasado"", ""Carcasa"": ""M30 x 1,5"", ""Características eléctricas"": ""CC de 4 hilos""}",sensor_principle
1059735,MZC1-2V2PS-KP0,MZC1,,product,Sensores magneticos para cilindros (Magnetic cylinder sensors),D,D-92,91,1,,Sensores para cilindros con ranura en C,www.mysick.com/es/MZC1,,,,,,,,,,,,PNP,normalmente abierto,"Cable con conector macho M8 de 3 polos, 0,3 m",,,,,,,IP 68,,,,"{""Sobrecarrera típ."": ""4 mm"", ""Material del cable"": ""PUR""}",product_name;output_function;Sobrecarrera típ.
1059736,MZC1-2V2PS-KQ0,MZC1,,product,Sensores magneticos para cilindros (Magnetic cylinder sensors),D,D-92,91,1,,Sensores para cilindros con ranura en C,www.mysick.com/es/MZC1,,,,,,,,,,,,PNP,normalmente abierto,"Cable con conector macho M12 de 3 polos, 0,3 m",,,,,,,IP 68,,,,"{""Sobrecarrera típ."": ""4 mm"", ""Material del cable"": ""PUR""}",product_name;output_function;Sobrecarrera típ.
1059737,MZC1-2V2PS-KR0,MZC1,,product,Sensores magneticos para cilindros (Magnetic cylinder sensors),D,D-92,91,1,,Sensores para cilindros con ranura en C,www.mysick.com/es/MZC1,,,,,,,,,,,,PNP,normalmente abierto,"Cable con conector macho M8 de 3 polos, con unión roscada moleteada, 0,3 m",,,,,,,IP 68,,,,"{""Sobrecarrera típ."": ""4 mm"", ""Material del cable"": ""PUR""}",product_name;output_function;Sobrecarrera típ.
1059738,MZC1-2V2PS-KU0,MZC1,,product,Sensores magneticos para cilindros (Magnetic cylinder sensors),D,D-92,91,1,,Sensores para cilindros con ranura en C,www.mysick.com/es/MZC1,,,,,,,,,,,,PNP,normalmente abierto,"Cable de 3 hilos, 2 m",,,,,,,"IP 68, IP 69K",,,,"{""Sobrecarrera típ."": ""4 mm"", ""Material del cable"": ""PUR""}",product_name;output_function;Sobrecarrera típ.
1059739,MZC1-2V2PS-KUB,MZC1,,product,Sensores magneticos para cilindros (Magnetic cylinder sensors),D,D-92,91,1,,Sensores para cilindros con ranura en C,www.mysick.com/es/MZC1,,,,,,,,,,,,PNP,normalmente abierto,"Cable de 3 hilos, 5 m",,,,,,,"IP 68, IP 69K",,,,"{""Sobrecarrera típ."": ""4 mm"", ""Material del cable"": ""PUR""}",product_name;output_function;Sobrecarrera típ.
1059741,MZC1-2V2PS-KWB,MZC1,,product,Sensores magneticos para cilindros (Magnetic cylinder sensors),D,D-92,91,1,,Sensores para cilindros con ranura en C,www.mysick.com/es/MZC1,,,,,,,,,,,,PNP,normalmente abierto,"Cable con conector macho M8 de 3 polos, 0,3 m",,,,,,,IP 68,,,,"{""Sobrecarrera típ."": ""4 mm"", ""Material del cable"": ""PVC""}",product_name;output_function;Sobrecarrera típ.
1059742,MZC1-2V2NS-KR0,MZC1,,product,Sensores magneticos para cilindros (Magnetic cylinder sensors),D,D-92,91,1,,Sensores para cilindros con ranura en C,www.mysick.com/es/MZC1,,,,,,,,,,,,NPN,normalmente abierto,"Cable con conector macho M8 de 3 polos, con unión roscada moleteada, 0,3 m",,,,,,,IP 68,,,,"{""Sobrecarrera típ."": ""4 mm"", ""Material del cable"": ""PUR""}",product_name;output_function;Sobrecarrera típ.
1059743,MZC1-2V2NS-KU0,MZC1,,product,Sensores magneticos para cilindros (Magnetic cylinder sensors),D,D-92,91,1,,Sensores para cilindros con ranura en C,www.mysick.com/es/MZC1,,,,,,,,,,,,NPN,normalmente abierto,"Cable de 3 hilos, 2 m",,,,,,,"IP 68, IP 69K",,,,"{""Sobrecarrera típ."": ""4 mm"", ""Material del cable"": ""PUR""}",product_name;output_function;Sobrecarrera típ.
1059744,MZC1-2V2NS-KP0,MZC1,,product,Sensores magneticos para cilindros (Magnetic cylinder sensors),D,D-92,91,1,,Sensores para cilindros con ranura en C,www.mysick.com/es/MZC1,,,,,,,,,,,,NPN,normalmente abierto,"Cable con conector macho M8 de 3 polos, 0,3 m",,,,,,,IP 68,,,,"{""Sobrecarrera típ."": ""4 mm"", ""Material del cable"": ""PUR""}",product_name;output_function;Sobrecarrera típ.
1059752,MZC1-4V3PS-KP0,MZC1,,product,Sensores magneticos para cilindros (Magnetic cylinder sensors),D,D-93,92,1,,,,,,,,,,,,,,,PNP,,"Cable con conector macho M8 de 3 polos, 0,3 m",,,,,,,IP 68,,,,"{""Sobrecarrera típ."": ""7 mm"", ""Función de salida"": ""normalmente abierto"", ""Material del cable"": ""PUR""}",
1059753,MZC1-4V3PS-KR0,MZC1,,product,Sensores magneticos para cilindros (Magnetic cylinder sensors),D,D-93,92,1,,,,,,,,,,,,,,,PNP,,"Cable con conector macho M8 de 3 polos, con unión roscada moleteada, 0,3 m",,,,,,,IP 68,,,,"{""Sobrecarrera típ."": ""7 mm"", ""Función de salida"": ""normalmente abierto"", ""Material del cable"": ""PUR""}",
1059754,MZC1-4V3PS-KQ0,MZC1,,product,Sensores magneticos para cilindros (Magnetic cylinder sensors),D,D-93,92,1,,,,,,,,,,,,,,,PNP,,"Cable con conector macho M12 de 3 polos, 0,3 m",,,,,,,IP 68,,,,"{""Sobrecarrera típ."": ""7 mm"", ""Función de salida"": ""normalmente abierto"", ""Material del cable"": ""PUR""}",
1059755,MZC1-4V3PS-KU0,MZC1,,product,Sensores magneticos para cilindros (Magnetic cylinder sensors),D,D-93,92,1,,,,,,,,,,,,,,,PNP,,"Cable de 3 hilos, 2 m",,,,,,,"IP 68, IP 69K",,,,"{""Sobrecarrera típ."": ""7 mm"", ""Función de salida"": ""normalmente abierto"", ""Material del cable"": ""PUR""}",
1059756,MZC1-4V3NS-KU0,MZC1,,product,Sensores magneticos para cilindros (Magnetic cylinder sensors),D,D-93,92,1,,,,,,,,,,,,,,,NPN,,"Cable de 3 hilos, 2 m",,,,,,,"IP 68, IP 69K",,,,"{""Sobrecarrera típ."": ""7 mm"", ""Función de salida"": ""normalmente abierto"", ""Material del cable"": ""PUR""}",
1059757,MZC1-4V3NS-KP0,MZC1,,product,Sensores magneticos para cilindros (Magnetic cylinder sensors),D,D-93,92,1,,,,,,,,,,,,,,,NPN,,"Cable con conector macho M8 de 3 polos, 0,3 m",,,,,,,IP 68,,,,"{""Sobrecarrera típ."": ""7 mm"", ""Función de salida"": ""normalmente abierto"", ""Material del cable"": ""PUR""}",
2046441,BEF-KHZ-TC1,MZC1,,accessory,Sensores magneticos para cilindros (Magnetic cylinder sensors),D,D-93,92,2,D-95,,,,,,,,,,,,,,,,,,,,,,,,,,"Soporte de fijación para montaje en rieles SMC ECDQ2 (ranura en C), aluminio, sin material de fijación",,
2046442,BEF-KHZ-TC2,MZC1,,accessory,Sensores magneticos para cilindros (Magnetic cylinder sensors),D,D-93,92,2,D-95,,,,,,,,,,,,,,,,,,,,,,,,,,"Soporte de fijación para montaje en rieles SMC CDQ2 (ranura en C), aluminio",,
6039075,DOL-1203-G02MC,MZC1,,accessory,Sensores magneticos para cilindros (Magnetic cylinder sensors),D,D-93,92,2,D-95,,,,,,,,,,,,,,,,,,,,,,,,,,"Cabezal A: conector hembra M12 de 3 polos, recto; Cabezal B: cable; Cable: apto para cadenas portacables, TPU, sin halógenos, no apantallado, 2 m",,
6039078,DOL-1203-W02MC,MZC1,,accessory,Sensores magneticos para cilindros (Magnetic cylinder sensors),D,D-93,92,2,D-95,,,,,,,,,,,,,,,,,,,,,,,,,,"Cabezal A: conector hembra M12 de 3 polos, acodado; Cabezal B: cable; Cable: apto para cadenas portacables, TPU, sin halógenos, no apantallado, 2 m",,
1059746,RZC1-04ZRS-KU0,RZC1,,product,Sensores magneticos para cilindros (Magnetic cylinder sensors),D,D-94,93,1,,Sensores para cilindros con ranura en C,www.mysick.com/es/RZC1,,,5,30,500,,,,,,,,,"Cable de 3 hilos, 2 m",,,,,,,"IP 68, IP 69K",,,,"{""Características eléctricas"": ""CA/CC de 3 hilos"", ""Caída de tensión"": ""< 0,5 V""}",product_name
1059747,RZC1-04ZRS-KP0,RZC1,,product,Sensores magneticos para cilindros (Magnetic cylinder sensors),D,D-94,93,1,,Sensores para cilindros con ranura en C,www.mysick.com/es/RZC1,,,5,30,500,,,,,,,,,"Cable con conector macho M8 de 3 polos, 0,3 m",,,,,,,IP 67,,,,"{""Características eléctricas"": ""CA/CC de 3 hilos"", ""Caída de tensión"": ""< 0,5 V""}",product_name
1059750,RZC1-04ZUS-KU0,RZC1,,product,Sensores magneticos para cilindros (Magnetic cylinder sensors),D,D-94,93,1,,Sensores para cilindros con ranura en C,www.mysick.com/es/RZC1,,,5,120,50,,,,,,,,,"Cable de 2 hilos, 2 m",,,,,,,IP 67,,,,"{""Características eléctricas"": ""CA/CC de 2 hilos"", ""Caída de tensión"": ""< 3,2 V""}",product_name;supply_voltage_max_v
1059751,RZC1-04ZUS-KP0,RZC1,,product,Sensores magneticos para cilindros (Magnetic cylinder sensors),D,D-94,93,1,,Sensores para cilindros con ranura en C,www.mysick.com/es/RZC1,,,5,30,50,,,,,,,,,"Cable con conector macho M8 de 2 polos, 0,3 m",,,,,,,IP 67,,,,"{""Características eléctricas"": ""CA/CC de 2 hilos"", ""Caída de tensión"": ""< 3,2 V""}",product_name;supply_voltage_max_v
1044458,MZT8-03VPS-KP0,MZT8,,product,Sensores magneticos para cilindros (Magnetic cylinder sensors),D,D-96,95,1,,Sensores para cilindros con ranura en T,www.mysick.com/es/MZT8,,,,,,,,,,,,PNP,,"Cable con conector macho M8 de 3 polos, 0,3 m",,,,,,,IP 68,,,,"{""Función de salida"": ""Normalmente abierto"", ""Material del cable"": ""PUR"", ""Sobrecarrera típica"": ""3 mm"", ""Sensibilidad de respuesta"": ""2,6 mT""}",product_name;product_url
1044459,MZT8-03VPS-KR0,MZT8,,product,Sensores magneticos para cilindros (Magnetic cylinder sensors),D,D-96,95,1,,Sensores para cilindros con ranura en T,www.mysick.com/es/MZT8,,,,,,,,,,,,PNP,,"Cable con conector macho M8 de 3 polos, con unión roscada moleteada, 0,5 m",,,,,,,IP 68,,,,"{""Función de salida"": ""Normalmente abierto"", ""Material del cable"": ""PUR"", ""Sobrecarrera típica"": ""3 mm"", ""Sensibilidad de respuesta"": ""2,6 mT""}",product_name;product_url
1044460,MZT8-03VPS-KQ0,MZT8,,product,Sensores magneticos para cilindros (Magnetic cylinder sensors),D,D-96,95,1,,Sensores para cilindros con ranura en T,www.mysick.com/es/MZT8,,,,,,,,,,,,PNP,,"Cable con conector macho M12 de 3 polos, 0,3 m",,,,,,,IP 68,,,,"{""Función de salida"": ""Normalmente abierto"", ""Material del cable"": ""PUR"", ""Sobrecarrera típica"": ""3 mm"", ""Sensibilidad de respuesta"": ""2,6 mT""}",product_name;product_url
1044469,MZT8-03VPS-KU0,MZT8,,product,Sensores magneticos para cilindros (Magnetic cylinder sensors),D,D-96,95,1,,Sensores para cilindros con ranura en T,www.mysick.com/es/MZT8,,,,,,,,,,,,PNP,,"Cable de 3 hilos, 2 m",,,,,,,"IP 68, IP 69K",,,,"{""Función de salida"": ""Normalmente abierto"", ""Material del cable"": ""PUR"", ""Sobrecarrera típica"": ""3 mm"", ""Sensibilidad de respuesta"": ""2,6 mT""}",product_name;product_url
1044930,MZT8-03VPO-KP0,MZT8,,product,Sensores magneticos para cilindros (Magnetic cylinder sensors),D,D-96,95,1,,Sensores para cilindros con ranura en T,www.mysick.com/es/MZT8,,,,,,,,,,,,PNP,,"Cable con conector macho M8 de 3 polos, 0,3 m",,,,,,,IP 68,,,,"{""Función de salida"": ""Normalmente cerrado"", ""Material del cable"": ""PUR"", ""Sobrecarrera típica"": ""3 mm"", ""Sensibilidad de respuesta"": ""2,6 mT""}",product_name;product_url
1044931,MZT8-03VPO-KU0,MZT8,,product,Sensores magneticos para cilindros (Magnetic cylinder sensors),D,D-96,95,1,,Sensores para cilindros con ranura en T,www.mysick.com/es/MZT8,,,,,,,,,,,,PNP,,"Cable de 3 hilos, 2 m",,,,,,,"IP 68, IP 69K",,,,"{""Función de salida"": ""Normalmente cerrado"", ""Material del cable"": ""PUR"", ""Sobrecarrera típica"": ""3 mm"", ""Sensibilidad de respuesta"": ""2,6 mT""}",product_name;product_url
1044932,MZT8-03VNS-KP0,MZT8,,product,Sensores magneticos para cilindros (Magnetic cylinder sensors),D,D-96,95,1,,Sensores para cilindros con ranura en T,www.mysick.com/es/MZT8,,,,,,,,,,,,NPN,,"Cable con conector macho M8 de 3 polos, 0,3 m",,,,,,,IP 68,,,,"{""Función de salida"": ""Normalmente abierto"", ""Material del cable"": ""PUR"", ""Sobrecarrera típica"": ""3 mm"", ""Sensibilidad de respuesta"": ""2,6 mT""}",product_name;product_url
1044934,MZT8-03VNS-KU0,MZT8,,product,Sensores magneticos para cilindros (Magnetic cylinder sensors),D,D-96,95,1,,Sensores para cilindros con ranura en T,www.mysick.com/es/MZT8,,,,,,,,,,,,NPN,,"Cable de 3 hilos, 2 m",,,,,,,"IP 68, IP 69K",,,,"{""Función de salida"": ""Normalmente abierto"", ""Material del cable"": ""PUR"", ""Sobrecarrera típica"": ""3 mm"", ""Sensibilidad de respuesta"": ""2,6 mT""}",product_name;product_url
1048048,MZT8-28VPS-KP0,MZT8,,product,Sensores magneticos para cilindros (Magnetic cylinder sensors),D,D-97,96,1,,,,,,,,,,,,,,,PNP,Normalmente abierto,"Cable con conector macho M8 de 3 polos, 0,3 m",,,,,,,IP 68,,,,"{""Sobrecarrera típica"": ""9 mm"", ""Sensibilidad de respuesta"": ""2,8 mT"", ""Material del cable"": ""PUR""}",Sobrecarrera típica;Sensibilidad de respuesta
1048049,MZT8-28VPS-KU0,MZT8,,product,Sensores magneticos para cilindros (Magnetic cylinder sensors),D,D-97,96,1,,,,,,,,,,,,,,,PNP,Normalmente abierto,"Cable de 3 hilos, 2 m",,,,,,,"IP 68, IP 69K",,,,"{""Sobrecarrera típica"": ""9 mm"", ""Sensibilidad de respuesta"": ""2,8 mT"", ""Material del cable"": ""PUR""}",Sobrecarrera típica;Sensibilidad de respuesta
1048050,MZT8-28VPS-KR0,MZT8,,product,Sensores magneticos para cilindros (Magnetic cylinder sensors),D,D-97,96,1,,,,,,,,,,,,,,,PNP,Normalmente abierto,"Cable con conector macho M8 de 3 polos, con unión roscada moleteada, 0,5 m",,,,,,,IP 68,,,,"{""Sobrecarrera típica"": ""9 mm"", ""Sensibilidad de respuesta"": ""2,8 mT"", ""Material del cable"": ""PUR""}",Sobrecarrera típica;Sensibilidad de respuesta
1048051,MZT8-28VPS-KQ0,MZT8,,product,Sensores magneticos para cilindros (Magnetic cylinder sensors),D,D-97,96,1,,,,,,,,,,,,,,,PNP,Normalmente abierto,"Cable con conector macho M12 de 3 polos, 0,3 m",,,,,,,IP 68,,,,"{""Sobrecarrera típica"": ""9 mm"", ""Sensibilidad de respuesta"": ""2,8 mT"", ""Material del cable"": ""PUR""}",Sobrecarrera típica;Sensibilidad de respuesta
2022702,BEF-KHZ-PT1,MZT8,,accessory,Sensores magneticos para cilindros (Magnetic cylinder sensors),D,D-97,96,2,D-99,,,,,,,,,,,,,,,,,,,,,,,,,,"Soporte de fijación para cilindros con barra de tracción y cilindros perfilados, fundición de cinc, con material de fijación",,
2022703,BEF-KHZ-ST1,MZT8,,accessory,Sensores magneticos para cilindros (Magnetic cylinder sensors),D,D-97,96,2,D-99,,,,,,,,,,,,,,,,,,,,,,,,,,"Soporte de fijación para cilindros con ranura de cola de milano, aluminio, sin material de fijación",,
5311171,BEF-KHZ-RT1-25,MZT8,,accessory,Sensores magneticos para cilindros (Magnetic cylinder sensors),D,D-97,96,2,D-99,,,,,,,,,,,,,,,,,,,,,,,,,,"Soporte de fijación para cilindros circulares con diámetro de 8 mm ... 25 mm, plástico, alpaca, sin material de fijación",,
5311172,BEF-KHZ-RT1-63,MZT8,,accessory,Sensores magneticos para cilindros (Magnetic cylinder sensors),D,D-97,96,2,D-99,,,,,,,,,,,,,,,,,,,,,,,,,,"Soporte de fijación para cilindros circulares con diámetro de 8 mm ... 63 mm, plástico, alpaca, sin material de fijación",,
5311506,BEF-KHZ-RT1-130,MZT8,,accessory,Sensores magneticos para cilindros (Magnetic cylinder sensors),D,D-97,96,1,,,,,,,,,,,,,,,,,,,,,,,,,,,"Soporte de fijación para cilindros circulares con diámetro de émbolo de 8 mm ... 130 mm, plástico, alpaca, sin material de fijación",,
1025522,RZT6-03ZUS-KW0,RZT6,,product,Sensores magneticos para cilindros (Magnetic cylinder sensors),D,D-98,97,1,,"Sensores para cilindros con ranura en T, CA/CC de 2 hilos",www.mysick.com/es/RZT6,,,10,120,100,,,,,,,,,"Cable de 2 hilos, 2 m",,,,,,,IP 67,,,,"{""Características eléctricas"": ""CA/CC de 2 hilos"", ""Material del cable"": ""PVC""}",product_name;supply_voltage_min_v;supply_voltage_max_v;output_current_max_ma;Características eléctricas
1023973,RZT6-03ZRS-KP0,RZT6,,product,Sensores magneticos para cilindros (Magnetic cylinder sensors),D,D-99,98,1,,CA/CC de 3 hilos,,,,10,30,500,,,,,,,,,"Cable con conector macho M8 de 3 polos, 0,3 m",,,,,,,IP 67,,,,"{""Material del cable"": ""PUR""}",product_name;output_current_max_ma
1023974,RZT6-03ZRS-KW0,RZT6,,product,Sensores magneticos para cilindros (Magnetic cylinder sensors),D,D-99,98,1,,CA/CC de 3 hilos,,,,10,30,500,,,,,,,,,"Cable de 3 hilos, 2 m",,,,,,,IP 67,,,,"{""Material del cable"": ""PVC""}",product_name;output_current_max_ma
1023975,RZT6-03ZRS-KR0,RZT6,,product,Sensores magneticos para cilindros (Magnetic cylinder sensors),D,D-99,98,1,,CA/CC de 3 hilos,,,,10,30,500,,,,,,,,,"Cable con conector macho M8 de 3 polos, con unión roscada moleteada, 0,5 m",,,,,,,IP 67,,,,"{""Material del cable"": ""PUR""}",product_name;output_current_max_ma
1025549,RZT6-03ZRS-KQ0,RZT6,,product,Sensores magneticos para cilindros (Magnetic cylinder sensors),D,D-99,98,1,,CA/CC de 3 hilos,,,,10,30,500,,,,,,,,,"Cable con conector macho M12 de 3 polos, 0,3 m",,,,,,,IP 67,,,,"{""Material del cable"": ""PUR""}",product_name;output_current_max_ma
1025830,RZT6-03ZRS-KWB,RZT6,,product,Sensores magneticos para cilindros (Magnetic cylinder sensors),D,D-99,98,1,,CA/CC de 3 hilos,,,,10,30,500,,,,,,,,,"Cable de 3 hilos, 5 m",,,,,,,IP 67,,,,"{""Material del cable"": ""PVC""}",product_name;output_current_max_ma
1040288,CLV620-0000,CLV62x,CLV620,product,Soluciones de identificacion (Identification),E,E-102,101,1,,Escáner de códigos de barras,www.mysick.com/es/CLV62x,60,365,,,,,,,,,,,,Cable,,,,,,,IP 65,,,,"{""Ventana de lectura"": ""Frontal"", ""Modelo de escáner"": ""Escáner lineal"", ""Pantalla frontal"": ""Vidrio"", ""Versión"": ""CLV620 Medio alcance"", ""Resolución de códigos"": ""0,2 mm ... 1 mm"", ""Enfoque"": ""enfoque fijo""}",product_name;sensing_range_min_mm;sensing_range_max_mm
1041547,CLV620-0120,CLV62x,CLV620,product,Soluciones de identificacion (Identification),E,E-102,101,1,,Escáner de códigos de barras,www.mysick.com/es/CLV62x,60,365,,,,,,,,,,,,Ethernet,,,,,,,IP 65,,,,"{""Ventana de lectura"": ""Frontal"", ""Modelo de escáner"": ""Escáner lineal"", ""Pantalla frontal"": ""Vidrio"", ""Versión"": ""CLV620 Medio alcance"", ""Resolución de códigos"": ""0,2 mm ... 1 mm"", ""Enfoque"": ""enfoque fijo""}",product_name;sensing_range_min_mm;sensing_range_max_mm
1041548,CLV620-1000,CLV62x,CLV620,product,Soluciones de identificacion (Identification),E,E-102,101,1,,Escáner de códigos de barras,www.mysick.com/es/CLV62x,60,365,,,,,,,,,,,,Cable,,,,,,,IP 65,,,,"{""Ventana de lectura"": ""Frontal"", ""Modelo de escáner"": ""Escáner raster"", ""Pantalla frontal"": ""Vidrio"", ""Versión"": ""CLV620 Medio alcance"", ""Resolución de códigos"": ""0,2 mm ... 1 mm"", ""Enfoque"": ""enfoque fijo""}",product_name;sensing_range_min_mm;sensing_range_max_mm
1041549,CLV620-1120,CLV62x,CLV620,product,Soluciones de identificacion (Identification),E,E-102,101,1,,Escáner de códigos de barras,www.mysick.com/es/CLV62x,60,365,,,,,,,,,,,,Ethernet,,,,,,,IP 65,,,,"{""Ventana de lectura"": ""Frontal"", ""Modelo de escáner"": ""Escáner raster"", ""Pantalla frontal"": ""Vidrio"", ""Versión"": ""CLV620 Medio alcance"", ""Resolución de códigos"": ""0,2 mm ... 1 mm"", ""Enfoque"": ""enfoque fijo""}",product_name;sensing_range_min_mm;sensing_range_max_mm
1041550,CLV620-2000,CLV62x,CLV620,product,Soluciones de identificacion (Identification),E,E-102,101,1,,Escáner de códigos de barras,www.mysick.com/es/CLV62x,60,365,,,,,,,,,,,,Cable,,,,,,,IP 65,,,,"{""Ventana de lectura"": ""Lateral (105°)"", ""Modelo de escáner"": ""Escáner lineal"", ""Pantalla frontal"": ""Vidrio"", ""Versión"": ""CLV620 Medio alcance"", ""Resolución de códigos"": ""0,2 mm ... 1 mm"", ""Enfoque"": ""enfoque fijo""}",product_name;sensing_range_min_mm;sensing_range_max_mm
1041551,CLV620-2120,CLV62x,CLV620,product,Soluciones de identificacion (Identification),E,E-102,101,1,,Escáner de códigos de barras,www.mysick.com/es/CLV62x,60,365,,,,,,,,,,,,Ethernet,,,,,,,IP 65,,,,"{""Ventana de lectura"": ""Lateral (105°)"", ""Modelo de escáner"": ""Escáner lineal"", ""Pantalla frontal"": ""Vidrio"", ""Versión"": ""CLV620 Medio alcance"", ""Resolución de códigos"": ""0,2 mm ... 1 mm"", ""Enfoque"": ""enfoque fijo""}",product_name;sensing_range_min_mm;sensing_range_max_mm
1041552,CLV620-3000,CLV62x,CLV620,product,Soluciones de identificacion (Identification),E,E-102,101,1,,Escáner de códigos de barras,www.mysick.com/es/CLV62x,60,365,,,,,,,,,,,,Cable,,,,,,,IP 65,,,,"{""Ventana de lectura"": ""Lateral (105°)"", ""Modelo de escáner"": ""Escáner raster"", ""Pantalla frontal"": ""Vidrio"", ""Versión"": ""CLV620 Medio alcance"", ""Resolución de códigos"": ""0,2 mm ... 1 mm"", ""Enfoque"": ""enfoque fijo""}",product_name;sensing_range_min_mm;sensing_range_max_mm
1041553,CLV620-3120,CLV62x,CLV620,product,Soluciones de identificacion (Identification),E,E-102,101,1,,Escáner de códigos de barras,www.mysick.com/es/CLV62x,60,365,,,,,,,,,,,,Ethernet,,,,,,,IP 65,,,,"{""Ventana de lectura"": ""Lateral (105°)"", ""Modelo de escáner"": ""Escáner raster"", ""Pantalla frontal"": ""Vidrio"", ""Versión"": ""CLV620 Medio alcance"", ""Resolución de códigos"": ""0,2 mm ... 1 mm"", ""Enfoque"": ""enfoque fijo""}",product_name;sensing_range_min_mm;sensing_range_max_mm
1050940,CLV620-0830,CLV62x,CLV620,product,Soluciones de identificacion (Identification),E,E-102,101,1,,Escáner de códigos de barras,www.mysick.com/es/CLV62x,60,365,,,,,,,,,,,,Ethernet,,,,,,,IP 65,,,,"{""Ventana de lectura"": ""Frontal"", ""Modelo de escáner"": ""Escáner lineal"", ""Pantalla frontal"": ""Vidrio"", ""Versión"": ""CLV620 Medio alcance"", ""Resolución de códigos"": ""0,2 mm ... 1 mm"", ""Enfoque"": ""enfoque fijo""}",product_name;sensing_range_min_mm;sensing_range_max_mm
1066374,CLV620-0831S01,CLV62x,CLV620,product,Soluciones de identificacion (Identification),E,E-102,101,1,,Escáner de códigos de barras,www.mysick.com/es/CLV62x,60,365,,,,,,,,,,,,Ethernet,,,,,,,IP 69K,,,,"{""Ventana de lectura"": ""Frontal"", ""Modelo de escáner"": ""Escáner lineal"", ""Pantalla frontal"": ""Plástico"", ""Versión"": ""CLV620 Medio alcance"", ""Resolución de códigos"": ""0,2 mm ... 1 mm"", ""Enfoque"": ""enfoque fijo""}",product_name;sensing_range_min_mm;sensing_range_max_mm
1067933,CLV620-1831S01,CLV62x,CLV620,product,Soluciones de identificacion (Identification),E,E-102,101,1,,Escáner de códigos de barras,www.mysick.com/es/CLV62x,60,365,,,,,,,,,,,,Ethernet,,,,,,,IP 69K,,,,"{""Ventana de lectura"": ""Frontal"", ""Modelo de escáner"": ""Escáner raster"", ""Pantalla frontal"": ""Plástico"", ""Versión"": ""CLV620 Medio alcance"", ""Resolución de códigos"": ""0,2 mm ... 1 mm"", ""Enfoque"": ""enfoque fijo""}",product_name;sensing_range_min_mm;sensing_range_max_mm
1025362,CDM420-0001,CLV62x,,accessory,Soluciones de identificacion (Identification),E,E-103,102,3,E-106;E-108,,,,,,,,,,,,,,,,,,,,,,,,,,Módulo de conexión modular para un sensor,,
1041784,CLV621-0000,CLV62x,CLV621,product,Soluciones de identificacion (Identification),E,E-103,102,1,,,,,,,,,,,,,,,,,Cable,,,,,,,IP 65,,,,"{""Versión"": ""CLV621 Largo alcance"", ""Ventana de lectura"": ""Frontal"", ""Modelo de escáner"": ""Escáner lineal"", ""Pantalla frontal"": ""Vidrio""}",
1041785,CLV621-0120,CLV62x,CLV621,product,Soluciones de identificacion (Identification),E,E-103,102,1,,,,,,,,,,,,,,,,,Ethernet,,,,,,,IP 65,,,,"{""Versión"": ""CLV621 Largo alcance"", ""Ventana de lectura"": ""Frontal"", ""Modelo de escáner"": ""Escáner lineal"", ""Pantalla frontal"": ""Vidrio""}",
1041786,CLV621-1000,CLV62x,CLV621,product,Soluciones de identificacion (Identification),E,E-103,102,1,,,,,,,,,,,,,,,,,Cable,,,,,,,IP 65,,,,"{""Versión"": ""CLV621 Largo alcance"", ""Ventana de lectura"": ""Frontal"", ""Modelo de escáner"": ""Escáner raster"", ""Pantalla frontal"": ""Vidrio""}",
1041787,CLV621-1120,CLV62x,CLV621,product,Soluciones de identificacion (Identification),E,E-103,102,1,,,,,,,,,,,,,,,,,Ethernet,,,,,,,IP 65,,,,"{""Versión"": ""CLV621 Largo alcance"", ""Ventana de lectura"": ""Frontal"", ""Modelo de escáner"": ""Escáner raster"", ""Pantalla frontal"": ""Vidrio""}",
1041788,CLV621-2000,CLV62x,CLV621,product,Soluciones de identificacion (Identification),E,E-103,102,1,,,,,,,,,,,,,,,,,Cable,,,,,,,IP 65,,,,"{""Versión"": ""CLV621 Largo alcance"", ""Ventana de lectura"": ""Lateral (105°)"", ""Modelo de escáner"": ""Escáner lineal"", ""Pantalla frontal"": ""Vidrio""}",
1041789,CLV621-2120,CLV62x,CLV621,product,Soluciones de identificacion (Identification),E,E-103,102,1,,,,,,,,,,,,,,,,,Ethernet,,,,,,,IP 65,,,,"{""Versión"": ""CLV621 Largo alcance"", ""Ventana de lectura"": ""Lateral (105°)"", ""Modelo de escáner"": ""Escáner lineal"", ""Pantalla frontal"": ""Vidrio""}",
1041790,CLV621-3000,CLV62x,CLV621,product,Soluciones de identificacion (Identification),E,E-103,102,1,,,,,,,,,,,,,,,,,Cable,,,,,,,IP 65,,,,"{""Versión"": ""CLV621 Largo alcance"", ""Ventana de lectura"": ""Lateral (105°)"", ""Modelo de escáner"": ""Escáner raster"", ""Pantalla frontal"": ""Vidrio""}",
1041791,CLV621-3120,CLV62x,CLV621,product,Soluciones de identificacion (Identification),E,E-103,102,1,,,,,,,,,,,,,,,,,Ethernet,,,,,,,IP 65,,,,"{""Versión"": ""CLV621 Largo alcance"", ""Ventana de lectura"": ""Lateral (105°)"", ""Modelo de escáner"": ""Escáner raster"", ""Pantalla frontal"": ""Vidrio""}",
1041792,CLV622-0000,CLV62x,CLV622,product,Soluciones de identificacion (Identification),E,E-103,102,1,,,,,,,,,,,,,,,,,Cable,,,,,,,IP 65,,,,"{""Versión"": ""CLV622 Corto alcance"", ""Ventana de lectura"": ""Frontal"", ""Modelo de escáner"": ""Escáner lineal"", ""Pantalla frontal"": ""Vidrio""}",
1041793,CLV622-0120,CLV62x,CLV622,product,Soluciones de identificacion (Identification),E,E-103,102,1,,,,,,,,,,,,,,,,,Ethernet,,,,,,,IP 65,,,,"{""Versión"": ""CLV622 Corto alcance"", ""Ventana de lectura"": ""Frontal"", ""Modelo de escáner"": ""Escáner lineal"", ""Pantalla frontal"": ""Vidrio""}",
1041794,CLV622-1000,CLV62x,CLV622,product,Soluciones de identificacion (Identification),E,E-103,102,1,,,,,,,,,,,,,,,,,Cable,,,,,,,IP 65,,,,"{""Versión"": ""CLV622 Corto alcance"", ""Ventana de lectura"": ""Frontal"", ""Modelo de escáner"": ""Escáner raster"", ""Pantalla frontal"": ""Vidrio""}",
1041795,CLV622-1120,CLV62x,CLV622,product,Soluciones de identificacion (Identification),E,E-103,102,1,,,,,,,,,,,,,,,,,Ethernet,,,,,,,IP 65,,,,"{""Versión"": ""CLV622 Corto alcance"", ""Ventana de lectura"": ""Frontal"", ""Modelo de escáner"": ""Escáner raster"", ""Pantalla frontal"": ""Vidrio""}",
1041796,CLV622-2000,CLV62x,CLV622,product,Soluciones de identificacion (Identification),E,E-103,102,1,,,,,,,,,,,,,,,,,Cable,,,,,,,IP 65,,,,"{""Versión"": ""CLV622 Corto alcance"", ""Ventana de lectura"": ""Lateral (105°)"", ""Modelo de escáner"": ""Escáner lineal"", ""Pantalla frontal"": ""Vidrio""}",
1041797,CLV622-2120,CLV62x,CLV622,product,Soluciones de identificacion (Identification),E,E-103,102,1,,,,,,,,,,,,,,,,,Ethernet,,,,,,,IP 65,,,,"{""Versión"": ""CLV622 Corto alcance"", ""Ventana de lectura"": ""Lateral (105°)"", ""Modelo de escáner"": ""Escáner lineal"", ""Pantalla frontal"": ""Vidrio""}",
1041798,CLV622-3000,CLV62x,CLV622,product,Soluciones de identificacion (Identification),E,E-103,102,1,,,,,,,,,,,,,,,,,Cable,,,,,,,IP 65,,,,"{""Versión"": ""CLV622 Corto alcance"", ""Ventana de lectura"": ""Lateral (105°)"", ""Modelo de escáner"": ""Escáner raster"", ""Pantalla frontal"": ""Vidrio""}",
1041799,CLV622-3120,CLV62x,CLV622,product,Soluciones de identificacion (Identification),E,E-103,102,1,,,,,,,,,,,,,,,,,Ethernet,,,,,,,IP 65,,,,"{""Versión"": ""CLV622 Corto alcance"", ""Ventana de lectura"": ""Lateral (105°)"", ""Modelo de escáner"": ""Escáner raster"", ""Pantalla frontal"": ""Vidrio""}",
1058965,CDF600-2100,CLV62x,,accessory,Soluciones de identificacion (Identification),E,E-103,102,6,E-106;E-108;E-110;E-111;J-181,,,,,,,,,,,,,,,,,,,,,,,,,,"Proxy o pasarela de bus de campo para conectar un sensor de identificación a redes PROFIBUS DP (2 interfaces PROFIBUS M12, macho/hembra, de 5 polos)",,
1058966,CDF600-2103,CLV62x,,accessory,Soluciones de identificacion (Identification),E,E-103,102,6,E-106;E-108;E-110;E-112;J-181,,,,,,,,,,,,,,,,,,,,,,,,,,"Proxy o pasarela de bus de campo para conectar un sensor de identificación a redes PROFIBUS DP (1 interfaz PROFIBUS D-Sub, conector hembra, 9 polos)",,
1064114,CDB650-204,CLV62x,,accessory,Soluciones de identificacion (Identification),E,E-103,102,1,,,,,,,,,,,,,,,,,,,,,,,,,,,"Módulo básico de conexión para conectar un sensor con fusible de 2 A, 5 racores para cables e interfaz RS-232 al sensor por medio de conector hembra M12 de 17 polos. Todas las salidas dispuestas en bornes, incluida la función de unidad de disparo para iluminación externa del Lector®65x",,
1067571,CLV621-0830,CLV62x,CLV621,product,Soluciones de identificacion (Identification),E,E-103,102,1,,,,,,,,,,,,,,,,,Ethernet,,,,,,,IP 65,,,,"{""Versión"": ""CLV621 Largo alcance"", ""Ventana de lectura"": ""Frontal"", ""Modelo de escáner"": ""Escáner lineal"", ""Pantalla frontal"": ""Vidrio""}",
1067572,CLV621-1830,CLV62x,CLV621,product,Soluciones de identificacion (Identification),E,E-103,102,1,,,,,,,,,,,,,,,,,Ethernet,,,,,,,IP 65,,,,"{""Versión"": ""CLV621 Largo alcance"", ""Ventana de lectura"": ""Frontal"", ""Modelo de escáner"": ""Escáner raster"", ""Pantalla frontal"": ""Vidrio""}",
2041834,,CLV62x,,accessory,Soluciones de identificacion (Identification),E,E-103,102,3,E-106;E-108,,,,,,,,,,,,,,,,,,,,,,,,,,"Cabezal A: conector hembra M12 de 12 polos, recto; Cabezal B: conector macho D-Sub HD de 15 polos, recto; Cable: alimentación, serie, CAN, E/S digitales, sin apantallar, 2 m","{""Tipo"": ""Cable de conexión (conector macho - conector hembra)""}",
2042902,,CLV62x,,accessory,Soluciones de identificacion (Identification),E,E-103,102,1,,,,,,,,,,,,,,,,,,,,,,,,,,,Escuadra con placa adaptadora,"{""Tipo"": ""Escuadra de fijación""}",
6034414,SSL-2J04-G02ME,CLV62x,,accessory,Soluciones de identificacion (Identification),E,E-103,102,6,E-106;E-108;E-110;J-179;J-181,,,,,,,,,,,,,,,,,,,,,,,,,,"Cabezal A: conector macho M12 de 4 polos, recto, codificación D; Cabezal B: conector macho RJ45 de 8 polos, recto; Cable: Ethernet, PUR, apantallado, 2 m",,
1040706,CLV630-0000,CLV63x,CLV630,product,Soluciones de identificacion (Identification),E,E-105,104,1,,Escáner de códigos de barras,,,,,,,,,,,,,,,Cable,,,,,,,IP 65,,,,"{""Enfoque"": ""enfoque fijo"", ""Alcance"": ""Largo alcance"", ""Ventana de lectura"": ""Frontal"", ""Modelo de escáner"": ""Escáner lineal"", ""Calefacción"": ""Opcional"", ""Cristal frontal"": ""Vidrio""}",product_name;Enfoque
1041969,CLV630-0120,CLV63x,CLV630,product,Soluciones de identificacion (Identification),E,E-105,104,1,,Escáner de códigos de barras,,,,,,,,,,,,,,,Ethernet,,,,,,,IP 65,,,,"{""Enfoque"": ""enfoque fijo"", ""Alcance"": ""Largo alcance"", ""Ventana de lectura"": ""Frontal"", ""Modelo de escáner"": ""Escáner lineal"", ""Calefacción"": ""Opcional"", ""Cristal frontal"": ""Vidrio""}",product_name;Enfoque
1041970,CLV630-1000,CLV63x,CLV630,product,Soluciones de identificacion (Identification),E,E-105,104,1,,Escáner de códigos de barras,,,,,,,,,,,,,,,Cable,,,,,,,IP 65,,,,"{""Enfoque"": ""enfoque fijo"", ""Alcance"": ""Largo alcance"", ""Ventana de lectura"": ""Frontal"", ""Modelo de escáner"": ""Escáner raster"", ""Calefacción"": ""Opcional"", ""Cristal frontal"": ""Vidrio""}",product_name;Enfoque
1041971,CLV630-1120,CLV63x,CLV630,product,Soluciones de identificacion (Identification),E,E-105,104,1,,Escáner de códigos de barras,,,,,,,,,,,,,,,Ethernet,,,,,,,IP 65,,,,"{""Enfoque"": ""enfoque fijo"", ""Alcance"": ""Largo alcance"", ""Ventana de lectura"": ""Frontal"", ""Modelo de escáner"": ""Escáner raster"", ""Calefacción"": ""Opcional"", ""Cristal frontal"": ""Vidrio""}",product_name;Enfoque
1041972,CLV630-2000,CLV63x,CLV630,product,Soluciones de identificacion (Identification),E,E-105,104,1,,Escáner de códigos de barras,,,,,,,,,,,,,,,Cable,,,,,,,IP 65,,,,"{""Enfoque"": ""enfoque fijo"", ""Alcance"": ""Largo alcance"", ""Ventana de lectura"": ""Lateral (105°)"", ""Modelo de escáner"": ""Escáner lineal"", ""Calefacción"": ""Opcional"", ""Cristal frontal"": ""Vidrio""}",product_name;Enfoque
1041973,CLV630-2120,CLV63x,CLV630,product,Soluciones de identificacion (Identification),E,E-105,104,1,,Escáner de códigos de barras,,,,,,,,,,,,,,,Ethernet,,,,,,,IP 65,,,,"{""Enfoque"": ""enfoque fijo"", ""Alcance"": ""Largo alcance"", ""Ventana de lectura"": ""Lateral (105°)"", ""Modelo de escáner"": ""Escáner lineal"", ""Calefacción"": ""Opcional"", ""Cristal frontal"": ""Vidrio""}",product_name;Enfoque
1041974,CLV630-3000,CLV63x,CLV630,product,Soluciones de identificacion (Identification),E,E-105,104,1,,Escáner de códigos de barras,,,,,,,,,,,,,,,Cable,,,,,,,IP 65,,,,"{""Enfoque"": ""enfoque fijo"", ""Alcance"": ""Largo alcance"", ""Ventana de lectura"": ""Lateral (105°)"", ""Modelo de escáner"": ""Escáner raster"", ""Calefacción"": ""Opcional"", ""Cristal frontal"": ""Vidrio""}",product_name;Enfoque
1041975,CLV630-3120,CLV63x,CLV630,product,Soluciones de identificacion (Identification),E,E-105,104,1,,Escáner de códigos de barras,,,,,,,,,,,,,,,Ethernet,,,,,,,IP 65,,,,"{""Enfoque"": ""enfoque fijo"", ""Alcance"": ""Largo alcance"", ""Ventana de lectura"": ""Lateral (105°)"", ""Modelo de escáner"": ""Escáner raster"", ""Calefacción"": ""Opcional"", ""Cristal frontal"": ""Vidrio""}",product_name;Enfoque
1041976,CLV630-6000,CLV63x,CLV630,product,Soluciones de identificacion (Identification),E,E-105,104,1,,Escáner de códigos de barras,,,,,,,,,,,,,,,Cable,,,,,,,IP 65,,,,"{""Enfoque"": ""enfoque fijo"", ""Alcance"": ""Largo alcance"", ""Ventana de lectura"": ""Espejo oscilante"", ""Modelo de escáner"": ""Escáner lineal"", ""Calefacción"": ""Opcional"", ""Cristal frontal"": ""Vidrio""}",product_name;Enfoque
1041977,CLV630-6120,CLV63x,CLV630,product,Soluciones de identificacion (Identification),E,E-105,104,1,,Escáner de códigos de barras,,,,,,,,,,,,,,,Ethernet,,,,,,,IP 65,,,,"{""Enfoque"": ""enfoque fijo"", ""Alcance"": ""Largo alcance"", ""Ventana de lectura"": ""Espejo oscilante"", ""Modelo de escáner"": ""Escáner lineal"", ""Calefacción"": ""Opcional"", ""Cristal frontal"": ""Vidrio""}",product_name;Enfoque
1041978,CLV631-0000,CLV63x,CLV631,product,Soluciones de identificacion (Identification),E,E-105,104,1,,Escáner de códigos de barras,,,,,,,,,,,,,,,Cable,,,,,,,IP 65,,,,"{""Enfoque"": ""enfoque fijo"", ""Alcance"": ""Medio alcance"", ""Ventana de lectura"": ""Frontal"", ""Modelo de escáner"": ""Escáner lineal"", ""Calefacción"": ""Opcional"", ""Cristal frontal"": ""Vidrio""}",product_name;Enfoque
1041979,CLV631-0120,CLV63x,CLV631,product,Soluciones de identificacion (Identification),E,E-105,104,1,,Escáner de códigos de barras,,,,,,,,,,,,,,,Ethernet,,,,,,,IP 65,,,,"{""Enfoque"": ""enfoque fijo"", ""Alcance"": ""Medio alcance"", ""Ventana de lectura"": ""Frontal"", ""Modelo de escáner"": ""Escáner lineal"", ""Calefacción"": ""Opcional"", ""Cristal frontal"": ""Vidrio""}",product_name;Enfoque
1041980,CLV631-1000,CLV63x,CLV631,product,Soluciones de identificacion (Identification),E,E-105,104,1,,Escáner de códigos de barras,,,,,,,,,,,,,,,Cable,,,,,,,IP 65,,,,"{""Enfoque"": ""enfoque fijo"", ""Alcance"": ""Medio alcance"", ""Ventana de lectura"": ""Frontal"", ""Modelo de escáner"": ""Escáner raster"", ""Calefacción"": ""Opcional"", ""Cristal frontal"": ""Vidrio""}",product_name;Enfoque
1041981,CLV631-1120,CLV63x,CLV631,product,Soluciones de identificacion (Identification),E,E-105,104,1,,Escáner de códigos de barras,,,,,,,,,,,,,,,Ethernet,,,,,,,IP 65,,,,"{""Enfoque"": ""enfoque fijo"", ""Alcance"": ""Medio alcance"", ""Ventana de lectura"": ""Frontal"", ""Modelo de escáner"": ""Escáner raster"", ""Calefacción"": ""Opcional"", ""Cristal frontal"": ""Vidrio""}",product_name;Enfoque
1041982,CLV631-2000,CLV63x,CLV631,product,Soluciones de identificacion (Identification),E,E-105,104,1,,Escáner de códigos de barras,,,,,,,,,,,,,,,Cable,,,,,,,IP 65,,,,"{""Enfoque"": ""enfoque fijo"", ""Alcance"": ""Medio alcance"", ""Ventana de lectura"": ""Lateral (105°)"", ""Modelo de escáner"": ""Escáner lineal"", ""Calefacción"": ""Opcional"", ""Cristal frontal"": ""Vidrio""}",product_name;Enfoque
1041983,CLV631-2120,CLV63x,CLV631,product,Soluciones de identificacion (Identification),E,E-105,104,1,,Escáner de códigos de barras,,,,,,,,,,,,,,,Ethernet,,,,,,,IP 65,,,,"{""Enfoque"": ""enfoque fijo"", ""Alcance"": ""Medio alcance"", ""Ventana de lectura"": ""Lateral (105°)"", ""Modelo de escáner"": ""Escáner lineal"", ""Calefacción"": ""Opcional"", ""Cristal frontal"": ""Vidrio""}",product_name;Enfoque
1041984,CLV631-3000,CLV63x,CLV631,product,Soluciones de identificacion (Identification),E,E-105,104,1,,Escáner de códigos de barras,,,,,,,,,,,,,,,Cable,,,,,,,IP 65,,,,"{""Enfoque"": ""enfoque fijo"", ""Alcance"": ""Medio alcance"", ""Ventana de lectura"": ""Lateral (105°)"", ""Modelo de escáner"": ""Escáner raster"", ""Calefacción"": ""Opcional"", ""Cristal frontal"": ""Vidrio""}",product_name;Enfoque
1041985,CLV631-3120,CLV63x,CLV631,product,Soluciones de identificacion (Identification),E,E-105,104,1,,Escáner de códigos de barras,,,,,,,,,,,,,,,Ethernet,,,,,,,IP 65,,,,"{""Enfoque"": ""enfoque fijo"", ""Alcance"": ""Medio alcance"", ""Ventana de lectura"": ""Lateral (105°)"", ""Modelo de escáner"": ""Escáner raster"", ""Calefacción"": ""Opcional"", ""Cristal frontal"": ""Vidrio""}",product_name;Enfoque
1041986,CLV631-6000,CLV63x,CLV631,product,Soluciones de identificacion (Identification),E,E-105,104,1,,Escáner de códigos de barras,,,,,,,,,,,,,,,Cable,,,,,,,IP 65,,,,"{""Enfoque"": ""enfoque fijo"", ""Alcance"": ""Medio alcance"", ""Ventana de lectura"": ""Espejo oscilante"", ""Modelo de escáner"": ""Escáner lineal"", ""Calefacción"": ""Opcional"", ""Cristal frontal"": ""Vidrio""}",product_name;Enfoque
1041987,CLV631-6120,CLV63x,CLV631,product,Soluciones de identificacion (Identification),E,E-105,104,1,,Escáner de códigos de barras,,,,,,,,,,,,,,,Ethernet,,,,,,,IP 65,,,,"{""Enfoque"": ""enfoque fijo"", ""Alcance"": ""Medio alcance"", ""Ventana de lectura"": ""Espejo oscilante"", ""Modelo de escáner"": ""Escáner lineal"", ""Calefacción"": ""Opcional"", ""Cristal frontal"": ""Vidrio""}",product_name;Enfoque
1041988,CLV632-0000,CLV63x,CLV632,product,Soluciones de identificacion (Identification),E,E-105,104,1,,Escáner de códigos de barras,,,,,,,,,,,,,,,Cable,,,,,,,IP 65,,,,"{""Enfoque"": ""enfoque fijo"", ""Alcance"": ""Corto alcance"", ""Ventana de lectura"": ""Frontal"", ""Modelo de escáner"": ""Escáner lineal"", ""Calefacción"": ""Opcional"", ""Cristal frontal"": ""Vidrio""}",product_name;Enfoque
1041989,CLV632-0120,CLV63x,CLV632,product,Soluciones de identificacion (Identification),E,E-105,104,1,,Escáner de códigos de barras,,,,,,,,,,,,,,,Ethernet,,,,,,,IP 65,,,,"{""Enfoque"": ""enfoque fijo"", ""Alcance"": ""Corto alcance"", ""Ventana de lectura"": ""Frontal"", ""Modelo de escáner"": ""Escáner lineal"", ""Calefacción"": ""Opcional"", ""Cristal frontal"": ""Vidrio""}",product_name;Enfoque
1041990,CLV632-1000,CLV63x,CLV632,product,Soluciones de identificacion (Identification),E,E-105,104,1,,Escáner de códigos de barras,,,,,,,,,,,,,,,Cable,,,,,,,IP 65,,,,"{""Enfoque"": ""enfoque fijo"", ""Alcance"": ""Corto alcance"", ""Ventana de lectura"": ""Frontal"", ""Modelo de escáner"": ""Escáner raster"", ""Calefacción"": ""Opcional"", ""Cristal frontal"": ""Vidrio""}",product_name;Enfoque
1041991,CLV632-1120,CLV63x,CLV632,product,Soluciones de identificacion (Identification),E,E-105,104,1,,Escáner de códigos de barras,,,,,,,,,,,,,,,Ethernet,,,,,,,IP 65,,,,"{""Enfoque"": ""enfoque fijo"", ""Alcance"": ""Corto alcance"", ""Ventana de lectura"": ""Frontal"", ""Modelo de escáner"": ""Escáner raster"", ""Calefacción"": ""Opcional"", ""Cristal frontal"": ""Vidrio""}",product_name;Enfoque
1041992,CLV632-2000,CLV63x,CLV632,product,Soluciones de identificacion (Identification),E,E-105,104,1,,Escáner de códigos de barras,,,,,,,,,,,,,,,Cable,,,,,,,IP 65,,,,"{""Enfoque"": ""enfoque fijo"", ""Alcance"": ""Corto alcance"", ""Ventana de lectura"": ""Lateral (105°)"", ""Modelo de escáner"": ""Escáner lineal"", ""Calefacción"": ""Opcional"", ""Cristal frontal"": ""Vidrio""}",product_name;Enfoque
1041993,CLV632-2120,CLV63x,CLV632,product,Soluciones de identificacion (Identification),E,E-105,104,1,,Escáner de códigos de barras,,,,,,,,,,,,,,,Ethernet,,,,,,,IP 65,,,,"{""Enfoque"": ""enfoque fijo"", ""Alcance"": ""Corto alcance"", ""Ventana de lectura"": ""Lateral (105°)"", ""Modelo de escáner"": ""Escáner lineal"", ""Calefacción"": ""Opcional"", ""Cristal frontal"": ""Vidrio""}",product_name;Enfoque
1041994,CLV632-3000,CLV63x,CLV632,product,Soluciones de identificacion (Identification),E,E-105,104,1,,Escáner de códigos de barras,,,,,,,,,,,,,,,Cable,,,,,,,IP 65,,,,"{""Enfoque"": ""enfoque fijo"", ""Alcance"": ""Corto alcance"", ""Ventana de lectura"": ""Lateral (105°)"", ""Modelo de escáner"": ""Escáner raster"", ""Calefacción"": ""Opcional"", ""Cristal frontal"": ""Vidrio""}",product_name;Enfoque
1041995,CLV632-3120,CLV63x,CLV632,product,Soluciones de identificacion (Identification),E,E-105,104,1,,Escáner de códigos de barras,,,,,,,,,,,,,,,Ethernet,,,,,,,IP 65,,,,"{""Enfoque"": ""enfoque fijo"", ""Alcance"": ""Corto alcance"", ""Ventana de lectura"": ""Lateral (105°)"", ""Modelo de escáner"": ""Escáner raster"", ""Calefacción"": ""Opcional"", ""Cristal frontal"": ""Vidrio""}",product_name;Enfoque
1041996,CLV632-6000,CLV63x,CLV632,product,Soluciones de identificacion (Identification),E,E-105,104,1,,Escáner de códigos de barras,,,,,,,,,,,,,,,Cable,,,,,,,IP 65,,,,"{""Enfoque"": ""enfoque fijo"", ""Alcance"": ""Corto alcance"", ""Ventana de lectura"": ""Espejo oscilante"", ""Modelo de escáner"": ""Escáner lineal"", ""Calefacción"": ""Opcional"", ""Cristal frontal"": ""Vidrio""}",product_name;Enfoque
1041997,CLV632-6120,CLV63x,CLV632,product,Soluciones de identificacion (Identification),E,E-105,104,1,,Escáner de códigos de barras,,,,,,,,,,,,,,,Ethernet,,,,,,,IP 65,,,,"{""Enfoque"": ""enfoque fijo"", ""Alcance"": ""Corto alcance"", ""Ventana de lectura"": ""Espejo oscilante"", ""Modelo de escáner"": ""Escáner lineal"", ""Calefacción"": ""Opcional"", ""Cristal frontal"": ""Vidrio""}",product_name;Enfoque
1042256,CDB620-001,CLV63x,,accessory,Soluciones de identificacion (Identification),E,E-105,104,5,E-103;E-108;E-110;J-181,,,,,,,,,,,,,,,,,,,,,,,,,,"Módulo de conexión básico para un sensor, 4 racores PG, dispositivo básico para CMC600","{""Grupo"": ""Módulos""}",
1062070,CLV631-0831S01,CLV63x,CLV631,product,Soluciones de identificacion (Identification),E,E-105,104,1,,Escáner de códigos de barras,,,,,,,,,,,,,,,,,,,,,,IP 69K,,,,"{""Enfoque"": ""enfoque fijo"", ""Alcance"": ""Medio alcance"", ""Ventana de lectura"": ""Frontal"", ""Modelo de escáner"": ""Escáner lineal"", ""Calefacción"": ""–"", ""Cristal frontal"": ""Plástico""}",product_name;Enfoque
1062136,CLV631-6831S01,CLV63x,CLV631,product,Soluciones de identificacion (Identification),E,E-105,104,1,,Escáner de códigos de barras,,,,,,,,,,,,,,,,,,,,,,IP 69K,,,,"{""Enfoque"": ""enfoque fijo"", ""Alcance"": ""Medio alcance"", ""Ventana de lectura"": ""Espejo oscilante"", ""Modelo de escáner"": ""Escáner lineal"", ""Calefacción"": ""–"", ""Cristal frontal"": ""Plástico""}",product_name;Enfoque
1062530,CLV632-1831S01,CLV63x,CLV632,product,Soluciones de identificacion (Identification),E,E-105,104,1,,Escáner de códigos de barras,,,,,,,,,,,,,,,,,,,,,,IP 69K,,,,"{""Enfoque"": ""enfoque fijo"", ""Alcance"": ""Corto alcance"", ""Ventana de lectura"": ""Frontal"", ""Modelo de escáner"": ""Escáner raster"", ""Calefacción"": ""–"", ""Cristal frontal"": ""Plástico""}",product_name;Enfoque
1068600,CLV630-0831S01,CLV63x,CLV630,product,Soluciones de identificacion (Identification),E,E-105,104,1,,Escáner de códigos de barras,,,,,,,,,,,,,,,,,,,,,,IP 69K,,,,"{""Enfoque"": ""enfoque fijo"", ""Alcance"": ""Largo alcance"", ""Ventana de lectura"": ""Frontal"", ""Modelo de escáner"": ""Escáner lineal"", ""Calefacción"": ""–"", ""Cristal frontal"": ""Plástico""}",product_name;Enfoque
2042800,,CLV63x,,accessory,Soluciones de identificacion (Identification),E,E-105,104,2,E-108,,,,,,,,,,,,,,,,,,,,,,,,,,"Escuadra de fijación en forma de estribo, con material de fijación","{""Tipo"": ""Escuadra de fijación"", ""Grupo"": ""Escuadra y placas de fijación""}",
1041290,CLV650-0000,CLV65x,CLV650,product,Soluciones de identificacion (Identification),E,E-108,107,1,,Escáneres de códigos de barras,,,,,,,,,,,,,,,Cable,,,,,,,IP 65,,,,"{""Enfoque"": ""autoenfoque"", ""Modelo de escáner"": ""escáner de líneas"", ""Cristal frontal"": ""vidrio"", ""Versión"": ""CLV650 Standard Density"", ""Ventana de lectura"": ""Frontal"", ""Calefacción"": ""Opcional""}",
1042121,CLV650-0120,CLV65x,CLV650,product,Soluciones de identificacion (Identification),E,E-108,107,1,,Escáneres de códigos de barras,,,,,,,,,,,,,,,Cable,,,,,,,IP 65,,,,"{""Enfoque"": ""autoenfoque"", ""Modelo de escáner"": ""escáner de líneas"", ""Cristal frontal"": ""vidrio"", ""Versión"": ""CLV650 Standard Density"", ""Ventana de lectura"": ""Frontal"", ""Calefacción"": ""Opcional""}",
1042124,CLV650-6000,CLV65x,CLV650,product,Soluciones de identificacion (Identification),E,E-108,107,1,,Escáneres de códigos de barras,,,,,,,,,,,,,,,Cable,,,,,,,IP 65,,,,"{""Enfoque"": ""autoenfoque"", ""Modelo de escáner"": ""escáner de líneas"", ""Cristal frontal"": ""vidrio"", ""Versión"": ""CLV650 Standard Density"", ""Ventana de lectura"": ""Espejo oscilante"", ""Calefacción"": ""Opcional""}",
1042125,CLV650-6120,CLV65x,CLV650,product,Soluciones de identificacion (Identification),E,E-108,107,1,,Escáneres de códigos de barras,,,,,,,,,,,,,,,Ethernet,,,,,,,IP 65,,,,"{""Enfoque"": ""autoenfoque"", ""Modelo de escáner"": ""escáner de líneas"", ""Cristal frontal"": ""vidrio"", ""Versión"": ""CLV650 Standard Density"", ""Ventana de lectura"": ""Espejo oscilante"", ""Calefacción"": ""Opcional""}",
1046557,CLV651-0000,CLV65x,CLV651,product,Soluciones de identificacion (Identification),E,E-108,107,1,,Escáneres de códigos de barras,,,,,,,,,,,,,,,Cable,,,,,,,IP 65,,,,"{""Enfoque"": ""autoenfoque"", ""Modelo de escáner"": ""escáner de líneas"", ""Cristal frontal"": ""vidrio"", ""Versión"": ""CLV651 Low Density"", ""Ventana de lectura"": ""Frontal"", ""Calefacción"": ""Opcional""}",
1046558,CLV651-0120,CLV65x,CLV651,product,Soluciones de identificacion (Identification),E,E-108,107,1,,Escáneres de códigos de barras,,,,,,,,,,,,,,,Ethernet,,,,,,,IP 65,,,,"{""Enfoque"": ""autoenfoque"", ""Modelo de escáner"": ""escáner de líneas"", ""Cristal frontal"": ""vidrio"", ""Versión"": ""CLV651 Low Density"", ""Ventana de lectura"": ""Frontal"", ""Calefacción"": ""Opcional""}",
1046559,CLV651-6000,CLV65x,CLV651,product,Soluciones de identificacion (Identification),E,E-108,107,1,,Escáneres de códigos de barras,,,,,,,,,,,,,,,Cable,,,,,,,IP 65,,,,"{""Enfoque"": ""autoenfoque"", ""Modelo de escáner"": ""escáner de líneas"", ""Cristal frontal"": ""vidrio"", ""Versión"": ""CLV651 Low Density"", ""Ventana de lectura"": ""Espejo oscilante"", ""Calefacción"": ""Opcional""}",
1046560,CLV651-6120,CLV65x,CLV651,product,Soluciones de identificacion (Identification),E,E-108,107,1,,Escáneres de códigos de barras,,,,,,,,,,,,,,,Ethernet,,,,,,,IP 65,,,,"{""Enfoque"": ""autoenfoque"", ""Modelo de escáner"": ""escáner de líneas"", ""Cristal frontal"": ""vidrio"", ""Versión"": ""CLV651 Low Density"", ""Ventana de lectura"": ""Espejo oscilante"", ""Calefacción"": ""Opcional""}",
1051957,CLV650-0120S01,CLV65x,CLV650,product,Soluciones de identificacion (Identification),E,E-108,107,1,,Escáneres de códigos de barras,,,,,,,,,,,,,,,Ethernet,,,,,,,IP 65,,,,"{""Enfoque"": ""autoenfoque"", ""Modelo de escáner"": ""escáner de líneas"", ""Cristal frontal"": ""vidrio"", ""Versión"": ""CLV650 Standard Density"", ""Ventana de lectura"": ""Frontal con filtro de polarización""}",
1050589,ICR620S-T11503 Professional,Lector62x,Lector620,product,Soluciones de identificacion (Identification),E,E-109,108,2,J-180,Lector de códigos basado en cámara,www.mysick.com/es/Lector62x,,,,,,,,,,,,,,,,,,,,,IP 65,,,,"{""Versión"": ""Lector®620 Professional"", ""Longitud focal"": ""7 mm"", ""Iluminación interna"": ""Rojo, azul"", ""Ventana de lectura"": ""lateral"", ""Resolución del sensor"": ""752 px x 480 px (WVGA)"", ""Objetivo"": ""integrado""}",product_name
1054375,ICR620S-T11504 Professional,Lector62x,Lector620,product,Soluciones de identificacion (Identification),E,E-109,108,2,J-180,Lector de códigos basado en cámara,www.mysick.com/es/Lector62x,,,,,,,,,,,,,,,,,,,,,IP 67,,,,"{""Versión"": ""Lector®620 Professional"", ""Longitud focal"": ""7 mm"", ""Iluminación interna"": ""Rojo, azul"", ""Ventana de lectura"": ""lateral"", ""Resolución del sensor"": ""752 px x 480 px (WVGA)"", ""Objetivo"": ""integrado""}",product_name
1054507,ICR620E-H12013 ECO,Lector62x,Lector620,product,Soluciones de identificacion (Identification),E,E-109,108,2,J-180,Lector de códigos basado en cámara,www.mysick.com/es/Lector62x,,,,,,,,,,,,,,,,,,,,,IP 65,,,,"{""Versión"": ""Lector®620 ECO"", ""Longitud focal"": ""7 mm"", ""Iluminación interna"": ""Rojo"", ""Ventana de lectura"": ""lateral"", ""Resolución del sensor"": ""752 px x 480 px (WVGA)"", ""Objetivo"": ""integrado""}",product_name
1055890,ICR620H-T11503 High Speed,Lector62x,Lector620,product,Soluciones de identificacion (Identification),E,E-109,108,2,J-180,Lector de códigos basado en cámara,www.mysick.com/es/Lector62x,,,,,,,,,,,,,,,,,,,,,IP 65,,,,"{""Versión"": ""Lector®620 High Speed"", ""Longitud focal"": ""7 mm"", ""Iluminación interna"": ""Rojo, azul"", ""Ventana de lectura"": ""lateral"", ""Resolución del sensor"": ""752 px x 480 px (WVGA)"", ""Objetivo"": ""integrado""}",product_name
1055891,ICR620D-T11503 DPM Plus,Lector62x,Lector620,product,Soluciones de identificacion (Identification),E,E-109,108,2,J-180,Lector de códigos basado en cámara,www.mysick.com/es/Lector62x,,,,,,,,,,,,,,,,,,,,,IP 65,,,,"{""Versión"": ""Lector®620 DPM Plus"", ""Longitud focal"": ""7 mm"", ""Iluminación interna"": ""Rojo, azul"", ""Ventana de lectura"": ""lateral"", ""Resolución del sensor"": ""752 px x 480 px (WVGA)"", ""Objetivo"": ""integrado""}",product_name
1058623,ICR620S-T16503 Professional,Lector62x,Lector620,product,Soluciones de identificacion (Identification),E,E-109,108,2,J-180,Lector de códigos basado en cámara,www.mysick.com/es/Lector62x,,,,,,,,,,,,,,,,,,,,,IP 65,,,,"{""Versión"": ""Lector®620 Professional"", ""Longitud focal"": ""7 mm"", ""Iluminación interna"": ""Infrarrojos"", ""Ventana de lectura"": ""lateral"", ""Resolución del sensor"": ""752 px x 480 px (WVGA)"", ""Objetivo"": ""integrado""}",product_name
1060912,ICR620D-T17503 DPM Plus Solar,Lector62x,Lector620,product,Soluciones de identificacion (Identification),E,E-109,108,2,J-180,Lector de códigos basado en cámara,www.mysick.com/es/Lector62x,,,,,,,,,,,,,,,,,,,,,IP 65,,,,"{""Versión"": ""Lector®620 DPM Plus"", ""Longitud focal"": ""7 mm"", ""Iluminación interna"": ""Azul"", ""Ventana de lectura"": ""lateral"", ""Resolución del sensor"": ""752 px x 480 px (WVGA)"", ""Objetivo"": ""integrado""}",product_name
1062803,ICR620C-T11503S50 OCR,Lector62x,Lector620,product,Soluciones de identificacion (Identification),E,E-109,108,2,J-180,Lector de códigos basado en cámara,www.mysick.com/es/Lector62x,,,,,,,,,,,,,,,,,,,,,IP 65,,,,"{""Versión"": ""Lector®620 OCR"", ""Longitud focal"": ""7 mm"", ""Iluminación interna"": ""Rojo, azul"", ""Ventana de lectura"": ""lateral"", ""Resolución del sensor"": ""752 px x 480 px (WVGA)"", ""Objetivo"": ""integrado""}",product_name
1064255,ICR620D-T31503 DPM Plus,Lector62x,Lector620,product,Soluciones de identificacion (Identification),E,E-109,108,2,J-180,Lector de códigos basado en cámara,www.mysick.com/es/Lector62x,,,,,,,,,,,,,,,,,,,,,IP 65,,,,"{""Versión"": ""Lector®620 DPM Plus"", ""Longitud focal"": ""12 mm"", ""Iluminación interna"": ""Rojo, azul"", ""Ventana de lectura"": ""lateral"", ""Resolución del sensor"": ""752 px x 480 px (WVGA)"", ""Objetivo"": ""integrado""}",product_name
1064256,ICR620D-T51503 DPM Plus,Lector62x,Lector620,product,Soluciones de identificacion (Identification),E,E-109,108,2,J-180,Lector de códigos basado en cámara,www.mysick.com/es/Lector62x,,,,,,,,,,,,,,,,,,,,,IP 65,,,,"{""Versión"": ""Lector®620 DPM Plus"", ""Longitud focal"": ""18 mm"", ""Iluminación interna"": ""Rojo, azul"", ""Ventana de lectura"": ""lateral"", ""Resolución del sensor"": ""752 px x 480 px (WVGA)"", ""Objetivo"": ""integrado""}",product_name
2020410,Escuadra de fijación,Lector62x,,accessory,Soluciones de identificacion (Identification),E,E-109,108,2,J-181,,,,,,,,,,,,,,,,,,,,,,,,,,"Escuadra de fijación (escuadra simple), con material de fijación",,
2055419,Cable de conexión (conector macho - conector hembra),Lector62x,,accessory,Soluciones de identificacion (Identification),E,E-110,109,2,J-181,,,,,,,,,,,,,,,,,,,,,,,,,,"Cabezal A: conector hembra M12 de 17 polos, recto; Cabezal B: conector macho D-Sub HD de 15 polos, recto; Cable: alimentación, serie, CAN, E/S digitales, sin apantallar, 2 m",,
6034420,SSL-1204-G02ME,Lector62x,,accessory,Soluciones de identificacion (Identification),E,E-110,109,2,J-181,,,,,,,,,,,,,,,,,,,,,,,,,,"Cabezal A: conector macho M12 de 4 polos, codificación D; Cabezal B: conector macho M12 de 4 polos, codificación D; Cable: Ethernet, apantallado, 2 m",,
6036106,Cable USB,Lector62x,,accessory,Soluciones de identificacion (Identification),E,E-110,109,2,J-181,,,,,,,,,,,,,,,,,,,,,,,,,,"Cabezal A: conector macho, USB-A; Cabezal B: conector macho, Micro-B; Cable: USB 2.0, sin apantallar, 2 m",,
1056245,IDM160 RS-232 Power Supply Kit,IDM16x,IDM160 Corded,product,Soluciones de identificacion (Identification),E,E-111,110,1,,,www.mysick.com/es/IDM16x,50,800,,,,,,,,,,,,,Kit,,,,,,,,,,"{""Versión"": ""Largo alcance"", ""Resolución de código"": ""≥ 0,076 mm"", ""Tipo de código admitido"": ""1D, 1D, Stacked (en función del modelo)"", ""Ámbito de aplicación"": ""Industrial""}",sensing_range_min_mm;sensing_range_max_mm;Versión;Resolución de código;Tipo de código admitido
1056246,IDM160PDF RS-232 Power Supply Kit,IDM16x,IDM160 Corded,product,Soluciones de identificacion (Identification),E,E-111,110,1,,,www.mysick.com/es/IDM16x,50,800,,,,,,,,,,,,,Kit,,,,,,,,,,"{""Versión"": ""Largo alcance"", ""Resolución de código"": ""≥ 0,076 mm"", ""Tipo de código admitido"": ""1D, 1D, Stacked (en función del modelo)"", ""Ámbito de aplicación"": ""Industrial""}",sensing_range_min_mm;sensing_range_max_mm;Versión;Resolución de código;Tipo de código admitido
1063767,IDM160 CDF600-2100 PROFIBUS Kit,IDM16x,IDM160 Corded,product,Soluciones de identificacion (Identification),E,E-111,110,1,,,www.mysick.com/es/IDM16x,50,800,,,,,,,,,,,,,Kit,,,,,,,,,,"{""Versión"": ""Largo alcance"", ""Resolución de código"": ""≥ 0,076 mm"", ""Tipo de código admitido"": ""1D, 1D, Stacked (en función del modelo)"", ""Ámbito de aplicación"": ""Industrial""}",sensing_range_min_mm;sensing_range_max_mm;Versión;Resolución de código;Tipo de código admitido
2057709,,IDM16x,IDM160 Corded,accessory,Soluciones de identificacion (Identification),E,E-111,110,2,E-112,,,,,,,,,,,,,,,,,,,,,,,,,,Cable adaptador,,
6036722,,IDM16x,IDM160 Corded,accessory,Soluciones de identificacion (Identification),E,E-111,110,2,E-112,,,,,,,,,,,,,,,,,,,,,,,,,,Fuente de alimentación,,
6045058,IDM160 USB Kit,IDM16x,IDM160 Corded,product,Soluciones de identificacion (Identification),E,E-111,110,1,,,www.mysick.com/es/IDM16x,50,800,,,,,,,,,,,,,Kit,,,,,,,,,,"{""Versión"": ""Largo alcance"", ""Resolución de código"": ""≥ 0,076 mm"", ""Tipo de código admitido"": ""1D, 1D, Stacked (en función del modelo)"", ""Ámbito de aplicación"": ""Industrial""}",sensing_range_min_mm;sensing_range_max_mm;Versión;Resolución de código;Tipo de código admitido
6045059,IDM160PDF USB Kit,IDM16x,IDM160 Corded,product,Soluciones de identificacion (Identification),E,E-111,110,1,,,www.mysick.com/es/IDM16x,50,800,,,,,,,,,,,,,Kit,,,,,,,,,,"{""Versión"": ""Largo alcance"", ""Resolución de código"": ""≥ 0,076 mm"", ""Tipo de código admitido"": ""1D, 1D, Stacked (en función del modelo)"", ""Ámbito de aplicación"": ""Industrial""}",sensing_range_min_mm;sensing_range_max_mm;Versión;Resolución de código;Tipo de código admitido
6045076,IDM160 PS/2 Kit,IDM16x,IDM160 Corded,product,Soluciones de identificacion (Identification),E,E-111,110,1,,,www.mysick.com/es/IDM16x,50,800,,,,,,,,,,,,,Kit,,,,,,,,,,"{""Versión"": ""Largo alcance"", ""Resolución de código"": ""≥ 0,076 mm"", ""Tipo de código admitido"": ""1D, 1D, Stacked (en función del modelo)"", ""Ámbito de aplicación"": ""Industrial""}",sensing_range_min_mm;sensing_range_max_mm;Versión;Resolución de código;Tipo de código admitido
6045077,IDM160 RS-232 Kit,IDM16x,IDM160 Corded,product,Soluciones de identificacion (Identification),E,E-111,110,1,,,www.mysick.com/es/IDM16x,50,800,,,,,,,,,,,,,Kit,,,,,,,,,,"{""Versión"": ""Largo alcance"", ""Resolución de código"": ""≥ 0,076 mm"", ""Tipo de código admitido"": ""1D, 1D, Stacked (en función del modelo)"", ""Ámbito de aplicación"": ""Industrial""}",sensing_range_min_mm;sensing_range_max_mm;Versión;Resolución de código;Tipo de código admitido
6045078,IDM160-01E,IDM16x,IDM160 Corded,product,Soluciones de identificacion (Identification),E,E-111,110,2,E-112,,www.mysick.com/es/IDM16x,50,800,,,,,,,,,,,,,Lector individual,,,,,,,,,,"{""Versión"": ""Largo alcance"", ""Resolución de código"": ""≥ 0,076 mm"", ""Tipo de código admitido"": ""1D, 1D, Stacked (en función del modelo)"", ""Ámbito de aplicación"": ""Industrial""}",sensing_range_min_mm;sensing_range_max_mm;Versión;Resolución de código;Tipo de código admitido
6045079,IDM160PDF PS/2 Kit,IDM16x,IDM160 Corded,product,Soluciones de identificacion (Identification),E,E-111,110,1,,,www.mysick.com/es/IDM16x,50,800,,,,,,,,,,,,,Kit,,,,,,,,,,"{""Versión"": ""Largo alcance"", ""Resolución de código"": ""≥ 0,076 mm"", ""Tipo de código admitido"": ""1D, 1D, Stacked (en función del modelo)"", ""Ámbito de aplicación"": ""Industrial""}",sensing_range_min_mm;sensing_range_max_mm;Versión;Resolución de código;Tipo de código admitido
6045081,IDM160-PDF01E,IDM16x,IDM160 Corded,product,Soluciones de identificacion (Identification),E,E-111,110,1,,,www.mysick.com/es/IDM16x,50,800,,,,,,,,,,,,,Lector individual,,,,,,,,,,"{""Versión"": ""Largo alcance"", ""Resolución de código"": ""≥ 0,076 mm"", ""Tipo de código admitido"": ""1D, 1D, Stacked (en función del modelo)"", ""Ámbito de aplicación"": ""Industrial""}",sensing_range_min_mm;sensing_range_max_mm;Versión;Resolución de código;Tipo de código admitido
6045194,,IDM16x,IDM160 Corded,accessory,Soluciones de identificacion (Identification),E,E-111,110,3,E-112;E-113,,,,,,,,,,,,,,,,,,,,,,,,,,Cable de conexión,,
6045195,,IDM16x,IDM160 Corded,accessory,Soluciones de identificacion (Identification),E,E-111,110,3,E-112;E-113,,,,,,,,,,,,,,,,,,,,,,,,,,Cable de conexión,,
6045196,,IDM16x,IDM160 Corded,accessory,Soluciones de identificacion (Identification),E,E-111,110,3,E-112;E-113,,,,,,,,,,,,,,,,,,,,,,,,,,Cable de conexión,,
1063768,IDM160 CDF600-2103 PROFIBUS Kit,IDM16x,IDM160,product,Soluciones de identificacion (Identification),E,E-112,111,1,,Lectores manuales,,,,,,,,,,,,,,,,Kit,,,,,,,,,,"{""Ámbito de aplicación"": ""Industrial"", ""incluido en el volumen de suministro"": ""6045078 IDM160-01E, 2057709 Cable adaptador, 6045196 Cable de conexión, 1058966 CDF600-2103""}",product_name;incluido en el volumen de suministro
6036728,,IDM16x,,accessory,Soluciones de identificacion (Identification),E,E-112,111,1,,,,,,,,,,,,,,,,,,,,,,,,,,,Cable de conexión,,
6045060,IDM160BT USB Kit,IDM16x,IDM161,product,Soluciones de identificacion (Identification),E,E-112,111,1,,Lectores manuales,,,,,,,,,,,,,,,,Kit,,,,,,,,,,"{""Ámbito de aplicación"": ""Sin cables, industrial"", ""incluido en el volumen de suministro"": ""6045085 IDM160-BT11E, 6045195 Cable de conexión, 6045197 Estación de base, 6036722 Fuente de alimentación""}",product_name;incluido en el volumen de suministro
6045061,IDM160PDF BT USB Kit,IDM16x,IDM161,product,Soluciones de identificacion (Identification),E,E-112,111,1,,Lectores manuales,,,,,,,,,,,,,,,,Kit,,,,,,,,,,"{""Ámbito de aplicación"": ""Sin cables, industrial"", ""incluido en el volumen de suministro"": ""6045088 IDM160-PDFBT11E, 6045195 Cable de conexión, 6045197 Estación de base, 6036722 Fuente de alimentación""}",product_name;incluido en el volumen de suministro
6045062,IDM160 WLAN Kit,IDM16x,IDM162,product,Soluciones de identificacion (Identification),E,E-112,111,1,,Lectores manuales,,,,,,,,,,,,,,,,Kit,,,,,,,,,,"{""Ámbito de aplicación"": ""Sin cables, industrial"", ""incluido en el volumen de suministro"": ""6047650 IDM160-WLAN12E, 6036728 Cable de conexión, 6045198 Estación de carga, 6036722 Fuente de alimentación""}",product_name;incluido en el volumen de suministro
6045063,IDM160PDF WLAN Kit,IDM16x,IDM162,product,Soluciones de identificacion (Identification),E,E-112,111,1,,Lectores manuales,,,,,,,,,,,,,,,,Kit,,,,,,,,,,"{""Ámbito de aplicación"": ""Sin cables, industrial"", ""incluido en el volumen de suministro"": ""6047651 IDM160-PDFWLAN12E, 6036728 Cable de conexión, 6045198 Estación de carga, 6036722 Fuente de alimentación""}",product_name;incluido en el volumen de suministro
6045082,IDM160BT PS/2 Kit,IDM16x,IDM161,product,Soluciones de identificacion (Identification),E,E-112,111,1,,Lectores manuales,,,,,,,,,,,,,,,,Kit,,,,,,,,,,"{""Ámbito de aplicación"": ""Sin cables, industrial"", ""incluido en el volumen de suministro"": ""6045085 IDM160-BT11E, 6045194 Cable de conexión, 6045197 Estación de base, 6036722 Fuente de alimentación""}",product_name;incluido en el volumen de suministro
6045083,IDM160BT RS-232 Kit,IDM16x,IDM161,product,Soluciones de identificacion (Identification),E,E-112,111,1,,Lectores manuales,,,,,,,,,,,,,,,,Kit,,,,,,,,,,"{""Ámbito de aplicación"": ""Sin cables, industrial"", ""incluido en el volumen de suministro"": ""6045085 IDM160-BT11E, 6045196 Cable de conexión, 6045197 Estación de base, 6036722 Fuente de alimentación""}",product_name;incluido en el volumen de suministro
6045085,IDM160-BT11E,IDM16x,IDM161,product,Soluciones de identificacion (Identification),E,E-112,111,1,,Lectores manuales,,,,,,,,,,,,,,,,Lector individual,,,,,,,,,,"{""Ámbito de aplicación"": ""Sin cables, industrial""}",product_name
6045086,IDM160PDF BT PS/2 Kit,IDM16x,IDM161,product,Soluciones de identificacion (Identification),E,E-112,111,1,,Lectores manuales,,,,,,,,,,,,,,,,Kit,,,,,,,,,,"{""Ámbito de aplicación"": ""Sin cables, industrial"", ""incluido en el volumen de suministro"": ""6045088 IDM160-PDFBT11E, 6045194 Cable de conexión, 6045197 Estación de base, 6036722 Fuente de alimentación""}",product_name;incluido en el volumen de suministro
6045087,IDM160PDF BT RS-232 Kit,IDM16x,IDM161,product,Soluciones de identificacion (Identification),E,E-112,111,1,,Lectores manuales,,,,,,,,,,,,,,,,Kit,,,,,,,,,,"{""Ámbito de aplicación"": ""Sin cables, industrial"", ""incluido en el volumen de suministro"": ""6045088 IDM160-PDFBT11E, 6045196 Cable de conexión, 6045197 Estación de base, 6036722 Fuente de alimentación""}",product_name;incluido en el volumen de suministro
6045088,IDM160-PDFBT11E,IDM16x,IDM161,product,Soluciones de identificacion (Identification),E,E-112,111,1,,Lectores manuales,,,,,,,,,,,,,,,,Lector individual,,,,,,,,,,"{""Ámbito de aplicación"": ""Sin cables, industrial""}",product_name
6045197,,IDM16x,,accessory,Soluciones de identificacion (Identification),E,E-112,111,1,,,,,,,,,,,,,,,,,,,,,,,,,,,Estación de base,,
6045198,,IDM16x,,accessory,Soluciones de identificacion (Identification),E,E-112,111,1,,,,,,,,,,,,,,,,,,,,,,,,,,,Estación de carga,,
6047650,IDM160-WLAN12E,IDM16x,IDM162,product,Soluciones de identificacion (Identification),E,E-112,111,1,,Lectores manuales,,,,,,,,,,,,,,,,Lector individual,,,,,,,,,,"{""Ámbito de aplicación"": ""Sin cables, industrial""}",product_name
6047651,IDM160-PDFWLAN12E,IDM16x,IDM162,product,Soluciones de identificacion (Identification),E,E-112,111,1,,Lectores manuales,,,,,,,,,,,,,,,,Lector individual,,,,,,,,,,"{""Ámbito de aplicación"": ""Sin cables, industrial""}",product_name
6045192,Soporte de mesa,IDM16x,,accessory,Soluciones de identificacion (Identification),E,E-113,112,1,,,,,,,,,,,,,,,,,,,,,,,,,,,Soporte de mesa,,
6045193,Soporte de pie,IDM16x,,accessory,Soluciones de identificacion (Identification),E,E-113,112,1,,,,,,,,,,,,,,,,,,,,,,,,,,,Soporte de pie para lectores manuales para uso industrial,,
1052069,LFP0400-G1NMB,LFP Inox,LFP,product,Sensores de fluidos (Fluid sensors),F,F-116,115,1,,Medición del nivel en aplicaciones higiénicas,www.mysick.com/es/LFP_Inox,,,,,,,,,,,,,,1 conector circular M12 de 5 polos,,,,,,,IP 67 e IP 69K,1.4305,,,"{""Conexión a proceso"": ""G ¾ A"", ""Salida de señales"": ""1 PNP + 1 PNP/NPN + 4 mA ... 20 mA / 0 V ... 10 V"", ""Temperatura de proceso"": ""–20 °C ... +150 °C"", ""Presión de proceso"": ""–1 bar ... 16 bares"", ""Longitud de sonda"": ""400 mm"", ""Diseño de la carcasa"": ""Con visor de PMMA (cristal acrílico)""}",product_name;enclosure_rating;Diseño de la carcasa
1052070,LFP0500-G1NMB,LFP Inox,LFP,product,Sensores de fluidos (Fluid sensors),F,F-116,115,1,,Medición del nivel en aplicaciones higiénicas,www.mysick.com/es/LFP_Inox,,,,,,,,,,,,,,1 conector circular M12 de 5 polos,,,,,,,IP 67 e IP 69K,1.4305,,,"{""Conexión a proceso"": ""G ¾ A"", ""Salida de señales"": ""1 PNP + 1 PNP/NPN + 4 mA ... 20 mA / 0 V ... 10 V"", ""Temperatura de proceso"": ""–20 °C ... +150 °C"", ""Presión de proceso"": ""–1 bar ... 16 bares"", ""Longitud de sonda"": ""500 mm"", ""Diseño de la carcasa"": ""Con visor de PMMA (cristal acrílico)""}",product_name;enclosure_rating;Diseño de la carcasa
1052071,LFP0600-G1NMB,LFP Inox,LFP,product,Sensores de fluidos (Fluid sensors),F,F-116,115,1,,Medición del nivel en aplicaciones higiénicas,www.mysick.com/es/LFP_Inox,,,,,,,,,,,,,,1 conector circular M12 de 5 polos,,,,,,,IP 67 e IP 69K,1.4305,,,"{""Conexión a proceso"": ""G ¾ A"", ""Salida de señales"": ""1 PNP + 1 PNP/NPN + 4 mA ... 20 mA / 0 V ... 10 V"", ""Temperatura de proceso"": ""–20 °C ... +150 °C"", ""Presión de proceso"": ""–1 bar ... 16 bares"", ""Longitud de sonda"": ""600 mm"", ""Diseño de la carcasa"": ""Con visor de PMMA (cristal acrílico)""}",product_name;enclosure_rating;Diseño de la carcasa
1052072,LFP0700-G1NMB,LFP Inox,LFP,product,Sensores de fluidos (Fluid sensors),F,F-116,115,1,,Medición del nivel en aplicaciones higiénicas,www.mysick.com/es/LFP_Inox,,,,,,,,,,,,,,1 conector circular M12 de 5 polos,,,,,,,IP 67 e IP 69K,1.4305,,,"{""Conexión a proceso"": ""G ¾ A"", ""Salida de señales"": ""1 PNP + 1 PNP/NPN + 4 mA ... 20 mA / 0 V ... 10 V"", ""Temperatura de proceso"": ""–20 °C ... +150 °C"", ""Presión de proceso"": ""–1 bar ... 16 bares"", ""Longitud de sonda"": ""700 mm"", ""Diseño de la carcasa"": ""Con visor de PMMA (cristal acrílico)""}",product_name;enclosure_rating;Diseño de la carcasa
1052073,LFP0800-G1NMB,LFP Inox,LFP,product,Sensores de fluidos (Fluid sensors),F,F-116,115,1,,Medición del nivel en aplicaciones higiénicas,www.mysick.com/es/LFP_Inox,,,,,,,,,,,,,,1 conector circular M12 de 5 polos,,,,,,,IP 67 e IP 69K,1.4305,,,"{""Conexión a proceso"": ""G ¾ A"", ""Salida de señales"": ""1 PNP + 1 PNP/NPN + 4 mA ... 20 mA / 0 V ... 10 V"", ""Temperatura de proceso"": ""–20 °C ... +150 °C"", ""Presión de proceso"": ""–1 bar ... 16 bares"", ""Longitud de sonda"": ""800 mm"", ""Diseño de la carcasa"": ""Con visor de PMMA (cristal acrílico)""}",product_name;enclosure_rating;Diseño de la carcasa
1052074,LFP0900-G1NMB,LFP Inox,LFP,product,Sensores de fluidos (Fluid sensors),F,F-116,115,1,,Medición del nivel en aplicaciones higiénicas,www.mysick.com/es/LFP_Inox,,,,,,,,,,,,,,1 conector circular M12 de 5 polos,,,,,,,IP 67 e IP 69K,1.4305,,,"{""Conexión a proceso"": ""G ¾ A"", ""Salida de señales"": ""1 PNP + 1 PNP/NPN + 4 mA ... 20 mA / 0 V ... 10 V"", ""Temperatura de proceso"": ""–20 °C ... +150 °C"", ""Presión de proceso"": ""–1 bar ... 16 bares"", ""Longitud de sonda"": ""900 mm"", ""Diseño de la carcasa"": ""Con visor de PMMA (cristal acrílico)""}",product_name;enclosure_rating;Diseño de la carcasa
1052075,LFP1000-G1NMB,LFP Inox,LFP,product,Sensores de fluidos (Fluid sensors),F,F-116,115,1,,Medición del nivel en aplicaciones higiénicas,www.mysick.com/es/LFP_Inox,,,,,,,,,,,,,,1 conector circular M12 de 5 polos,,,,,,,IP 67 e IP 69K,1.4305,,,"{""Conexión a proceso"": ""G ¾ A"", ""Salida de señales"": ""1 PNP + 1 PNP/NPN + 4 mA ... 20 mA / 0 V ... 10 V"", ""Temperatura de proceso"": ""–20 °C ... +150 °C"", ""Presión de proceso"": ""–1 bar ... 16 bares"", ""Longitud de sonda"": ""1.000 mm"", ""Diseño de la carcasa"": ""Con visor de PMMA (cristal acrílico)""}",product_name;enclosure_rating;Diseño de la carcasa
1052076,LFP1100-G1NMB,LFP Inox,LFP,product,Sensores de fluidos (Fluid sensors),F,F-116,115,1,,Medición del nivel en aplicaciones higiénicas,www.mysick.com/es/LFP_Inox,,,,,,,,,,,,,,1 conector circular M12 de 5 polos,,,,,,,IP 67 e IP 69K,1.4305,,,"{""Conexión a proceso"": ""G ¾ A"", ""Salida de señales"": ""1 PNP + 1 PNP/NPN + 4 mA ... 20 mA / 0 V ... 10 V"", ""Temperatura de proceso"": ""–20 °C ... +150 °C"", ""Presión de proceso"": ""–1 bar ... 16 bares"", ""Longitud de sonda"": ""1.100 mm"", ""Diseño de la carcasa"": ""Con visor de PMMA (cristal acrílico)""}",product_name;enclosure_rating;Diseño de la carcasa
1052077,LFP1200-G1NMB,LFP Inox,LFP,product,Sensores de fluidos (Fluid sensors),F,F-116,115,1,,Medición del nivel en aplicaciones higiénicas,www.mysick.com/es/LFP_Inox,,,,,,,,,,,,,,1 conector circular M12 de 5 polos,,,,,,,IP 67 e IP 69K,1.4305,,,"{""Conexión a proceso"": ""G ¾ A"", ""Salida de señales"": ""1 PNP + 1 PNP/NPN + 4 mA ... 20 mA / 0 V ... 10 V"", ""Temperatura de proceso"": ""–20 °C ... +150 °C"", ""Presión de proceso"": ""–1 bar ... 16 bares"", ""Longitud de sonda"": ""1.200 mm"", ""Diseño de la carcasa"": ""Con visor de PMMA (cristal acrílico)""}",product_name;enclosure_rating;Diseño de la carcasa
1052078,LFP1300-G1NMB,LFP Inox,LFP,product,Sensores de fluidos (Fluid sensors),F,F-116,115,1,,Medición del nivel en aplicaciones higiénicas,www.mysick.com/es/LFP_Inox,,,,,,,,,,,,,,1 conector circular M12 de 5 polos,,,,,,,IP 67 e IP 69K,1.4305,,,"{""Conexión a proceso"": ""G ¾ A"", ""Salida de señales"": ""1 PNP + 1 PNP/NPN + 4 mA ... 20 mA / 0 V ... 10 V"", ""Temperatura de proceso"": ""–20 °C ... +150 °C"", ""Presión de proceso"": ""–1 bar ... 16 bares"", ""Longitud de sonda"": ""1.300 mm"", ""Diseño de la carcasa"": ""Con visor de PMMA (cristal acrílico)""}",product_name;enclosure_rating;Diseño de la carcasa
1052079,LFP1400-G1NMB,LFP Inox,LFP,product,Sensores de fluidos (Fluid sensors),F,F-116,115,1,,Medición del nivel en aplicaciones higiénicas,www.mysick.com/es/LFP_Inox,,,,,,,,,,,,,,1 conector circular M12 de 5 polos,,,,,,,IP 67 e IP 69K,1.4305,,,"{""Conexión a proceso"": ""G ¾ A"", ""Salida de señales"": ""1 PNP + 1 PNP/NPN + 4 mA ... 20 mA / 0 V ... 10 V"", ""Temperatura de proceso"": ""–20 °C ... +150 °C"", ""Presión de proceso"": ""–1 bar ... 16 bares"", ""Longitud de sonda"": ""1.400 mm"", ""Diseño de la carcasa"": ""Con visor de PMMA (cristal acrílico)""}",product_name;enclosure_rating;Diseño de la carcasa
1052080,LFP1500-G1NMB,LFP Inox,LFP,product,Sensores de fluidos (Fluid sensors),F,F-116,115,1,,Medición del nivel en aplicaciones higiénicas,www.mysick.com/es/LFP_Inox,,,,,,,,,,,,,,1 conector circular M12 de 5 polos,,,,,,,IP 67 e IP 69K,1.4305,,,"{""Conexión a proceso"": ""G ¾ A"", ""Salida de señales"": ""1 PNP + 1 PNP/NPN + 4 mA ... 20 mA / 0 V ... 10 V"", ""Temperatura de proceso"": ""–20 °C ... +150 °C"", ""Presión de proceso"": ""–1 bar ... 16 bares"", ""Longitud de sonda"": ""1.500 mm"", ""Diseño de la carcasa"": ""Con visor de PMMA (cristal acrílico)""}",product_name;enclosure_rating;Diseño de la carcasa
1052081,LFP1600-G1NMB,LFP Inox,LFP,product,Sensores de fluidos (Fluid sensors),F,F-116,115,1,,Medición del nivel en aplicaciones higiénicas,www.mysick.com/es/LFP_Inox,,,,,,,,,,,,,,1 conector circular M12 de 5 polos,,,,,,,IP 67 e IP 69K,1.4305,,,"{""Conexión a proceso"": ""G ¾ A"", ""Salida de señales"": ""1 PNP + 1 PNP/NPN + 4 mA ... 20 mA / 0 V ... 10 V"", ""Temperatura de proceso"": ""–20 °C ... +150 °C"", ""Presión de proceso"": ""–1 bar ... 16 bares"", ""Longitud de sonda"": ""1.600 mm"", ""Diseño de la carcasa"": ""Con visor de PMMA (cristal acrílico)""}",product_name;enclosure_rating;Diseño de la carcasa
1052082,LFP1700-G1NMB,LFP Inox,LFP,product,Sensores de fluidos (Fluid sensors),F,F-116,115,1,,Medición del nivel en aplicaciones higiénicas,www.mysick.com/es/LFP_Inox,,,,,,,,,,,,,,1 conector circular M12 de 5 polos,,,,,,,IP 67 e IP 69K,1.4305,,,"{""Conexión a proceso"": ""G ¾ A"", ""Salida de señales"": ""1 PNP + 1 PNP/NPN + 4 mA ... 20 mA / 0 V ... 10 V"", ""Temperatura de proceso"": ""–20 °C ... +150 °C"", ""Presión de proceso"": ""–1 bar ... 16 bares"", ""Longitud de sonda"": ""1.700 mm"", ""Diseño de la carcasa"": ""Con visor de PMMA (cristal acrílico)""}",product_name;enclosure_rating;Diseño de la carcasa
1053288,LFP0300-G1NMB,LFP Inox,LFP,product,Sensores de fluidos (Fluid sensors),F,F-116,115,1,,Medición del nivel en aplicaciones higiénicas,www.mysick.com/es/LFP_Inox,,,,,,,,,,,,,,1 conector circular M12 de 5 polos,,,,,,,IP 67 e IP 69K,1.4305,,,"{""Conexión a proceso"": ""G ¾ A"", ""Salida de señales"": ""1 PNP + 1 PNP/NPN + 4 mA ... 20 mA / 0 V ... 10 V"", ""Temperatura de proceso"": ""–20 °C ... +150 °C"", ""Presión de proceso"": ""–1 bar ... 16 bares"", ""Longitud de sonda"": ""300 mm"", ""Diseño de la carcasa"": ""Con visor de PMMA (cristal acrílico)""}",product_name;enclosure_rating;Diseño de la carcasa
1052083,LFP1800-G1NMB,LFP,,product,Sensores de fluidos (Fluid sensors),F,F-117,116,1,,,,,,,,,,,,,,,,,,,,,,,,,,,,"{""Diseño de la carcasa"": ""Con visor de PMMA (cristal acrílico)"", ""Longitud de sonda"": ""1.800 mm""}",
1052084,LFP1900-G1NMB,LFP,,product,Sensores de fluidos (Fluid sensors),F,F-117,116,1,,,,,,,,,,,,,,,,,,,,,,,,,,,,"{""Diseño de la carcasa"": ""Con visor de PMMA (cristal acrílico)"", ""Longitud de sonda"": ""1.900 mm""}",
1052085,LFP2000-G1NMB,LFP,,product,Sensores de fluidos (Fluid sensors),F,F-117,116,1,,,,,,,,,,,,,,,,,,,,,,,,,,,,"{""Diseño de la carcasa"": ""Con visor de PMMA (cristal acrílico)"", ""Longitud de sonda"": ""2.000 mm""}",
1056204,LFP1000-G2NMB,LFP,,product,Sensores de fluidos (Fluid sensors),F,F-117,116,1,,,,,,,,,,,,,,,,,,,,,,,,,,,,"{""Diseño de la carcasa"": ""Con tapa cerrada"", ""Longitud de sonda"": ""1.000 mm""}",
1056225,LFP0400-G2NMB,LFP,,product,Sensores de fluidos (Fluid sensors),F,F-117,116,1,,,,,,,,,,,,,,,,,,,,,,,,,,,,"{""Diseño de la carcasa"": ""Con tapa cerrada"", ""Longitud de sonda"": ""400 mm""}",
1056287,LFP0300-G2NMB,LFP,,product,Sensores de fluidos (Fluid sensors),F,F-117,116,1,,,,,,,,,,,,,,,,,,,,,,,,,,,,"{""Diseño de la carcasa"": ""Con tapa cerrada"", ""Longitud de sonda"": ""300 mm""}",
1056288,LFP0500-G2NMB,LFP,,product,Sensores de fluidos (Fluid sensors),F,F-117,116,1,,,,,,,,,,,,,,,,,,,,,,,,,,,,"{""Diseño de la carcasa"": ""Con tapa cerrada"", ""Longitud de sonda"": ""500 mm""}",
1056289,LFP0600-G2NMB,LFP,,product,Sensores de fluidos (Fluid sensors),F,F-117,116,1,,,,,,,,,,,,,,,,,,,,,,,,,,,,"{""Diseño de la carcasa"": ""Con tapa cerrada"", ""Longitud de sonda"": ""600 mm""}",
1056290,LFP0700-G2NMB,LFP,,product,Sensores de fluidos (Fluid sensors),F,F-117,116,1,,,,,,,,,,,,,,,,,,,,,,,,,,,,"{""Diseño de la carcasa"": ""Con tapa cerrada"", ""Longitud de sonda"": ""700 mm""}",
1056291,LFP0800-G2NMB,LFP,,product,Sensores de fluidos (Fluid sensors),F,F-117,116,1,,,,,,,,,,,,,,,,,,,,,,,,,,,,"{""Diseño de la carcasa"": ""Con tapa cerrada"", ""Longitud de sonda"": ""800 mm""}",
1056294,LFP1200-G2NMB,LFP,,product,Sensores de fluidos (Fluid sensors),F,F-117,116,1,,,,,,,,,,,,,,,,,,,,,,,,,,,,"{""Diseño de la carcasa"": ""Con tapa cerrada"", ""Longitud de sonda"": ""1.200 mm""}",
1056296,LFP1400-G2NMB,LFP,,product,Sensores de fluidos (Fluid sensors),F,F-117,116,1,,,,,,,,,,,,,,,,,,,,,,,,,,,,"{""Diseño de la carcasa"": ""Con tapa cerrada"", ""Longitud de sonda"": ""1.400 mm""}",
1056297,LFP1500-G2NMB,LFP,,product,Sensores de fluidos (Fluid sensors),F,F-117,116,1,,,,,,,,,,,,,,,,,,,,,,,,,,,,"{""Diseño de la carcasa"": ""Con tapa cerrada"", ""Longitud de sonda"": ""1.500 mm""}",
1056298,LFP1600-G2NMB,LFP,,product,Sensores de fluidos (Fluid sensors),F,F-117,116,1,,,,,,,,,,,,,,,,,,,,,,,,,,,,"{""Diseño de la carcasa"": ""Con tapa cerrada"", ""Longitud de sonda"": ""1.600 mm""}",
1056299,LFP1700-G2NMB,LFP,,product,Sensores de fluidos (Fluid sensors),F,F-117,116,1,,,,,,,,,,,,,,,,,,,,,,,,,,,,"{""Diseño de la carcasa"": ""Con tapa cerrada"", ""Longitud de sonda"": ""1.700 mm""}",
1056300,LFP1800-G2NMB,LFP,,product,Sensores de fluidos (Fluid sensors),F,F-117,116,1,,,,,,,,,,,,,,,,,,,,,,,,,,,,"{""Diseño de la carcasa"": ""Con tapa cerrada"", ""Longitud de sonda"": ""1.800 mm""}",
1056301,LFP1900-G2NMB,LFP,,product,Sensores de fluidos (Fluid sensors),F,F-117,116,1,,,,,,,,,,,,,,,,,,,,,,,,,,,,"{""Diseño de la carcasa"": ""Con tapa cerrada"", ""Longitud de sonda"": ""1.900 mm""}",
1056302,LFP2000-G2NMB,LFP,,product,Sensores de fluidos (Fluid sensors),F,F-117,116,1,,,,,,,,,,,,,,,,,,,,,,,,,,,,"{""Diseño de la carcasa"": ""Con tapa cerrada"", ""Longitud de sonda"": ""2.000 mm""}",
2058138,BEF-HA-851D25-LFP1,LFP,,accessory,Sensores de fluidos (Fluid sensors),F,F-117,116,1,,,,,,,,,,,,,,,,,,,,,,,,,,,"Adaptador de conexión de proceso higiénica, manguito cónico (DIN 11851) DN 25 con tuerca de unión ranurada",,
2058139,BEF-HA-851D40-LFP1,LFP,,accessory,Sensores de fluidos (Fluid sensors),F,F-117,116,1,,,,,,,,,,,,,,,,,,,,,,,,,,,"Adaptador de conexión de proceso higiénico, manguito cónico (DIN 11851) DN 40 con tuerca de unión ranurada, material 1.4404 (Ra<= 0,8 µm)",,
2058141,BEF-HA-851D50-LFP1,LFP,,accessory,Sensores de fluidos (Fluid sensors),F,F-117,116,1,,,,,,,,,,,,,,,,,,,,,,,,,,,"Adaptador de conexión de proceso higiénico, manguito cónico (DIN 11851) DN 50 con tuerca de unión ranurada",,
2058795,BEF-HA-641D25-LFP1,LFP,,accessory,Sensores de fluidos (Fluid sensors),F,F-117,116,1,,,,,,,,,,,,,,,,,,,,,,,,,,,"Adaptador de conexión de proceso higiénico, manguito con collar (DIN 11864-1) DN 25 con forma A y tuerca de unión ranurada",,
2058808,BEF-HA-TCLI10-LFP1,LFP,,accessory,Sensores de fluidos (Fluid sensors),F,F-117,116,1,,,,,,,,,,,,,,,,,,,,,,,,,,,"Adaptador de conexión de proceso higiénica, abrazadera triple de 1'' y 1 ½''",,
2058821,BEF-HA-643D25-LFP1,LFP,,accessory,Sensores de fluidos (Fluid sensors),F,F-117,116,1,,,,,,,,,,,,,,,,,,,,,,,,,,,"Adaptador de conexión de proceso higiénica, soporte de manguito con collar (DIN 11864-3) BKS DN 25 con forma A",,
2058822,BEF-HA-VARTYN-LFP1,LFP,,accessory,Sensores de fluidos (Fluid sensors),F,F-117,116,1,,,,,,,,,,,,,,,,,,,,,,,,,,,"Adaptador de conexión de proceso higiénica, conexión Varivent con forma N",,
2058823,BEF-HA-642D25-LFP1,LFP,,accessory,Sensores de fluidos (Fluid sensors),F,F-117,116,1,,,,,,,,,,,,,,,,,,,,,,,,,,,"Adaptador de conexión de proceso higiénico, manguito con collar (DIN 11864-2) DN 25 con forma A",,
2058824,BEF-HA-TCLI20-LFP1,LFP,,accessory,Sensores de fluidos (Fluid sensors),F,F-117,116,1,,,,,,,,,,,,,,,,,,,,,,,,,,,"Adaptador de conexión de proceso higiénica, abrazadera triple de 2''",,
2063328,BEF-HA-851D65-LFP1,LFP,,accessory,Sensores de fluidos (Fluid sensors),F,F-117,116,1,,,,,,,,,,,,,,,,,,,,,,,,,,,"Adaptador de conexión de proceso higiénico, manguito cónico (DIN 11851) DN 65 con tuerca de unión ranurada",,
1057073,LFP0200-A4NMB,LFP Cubic,,product,Sensores de fluidos (Fluid sensors),F,F-118,117,1,,Sensores de nivel,www.mysick.com/es/LFP_Cubic,,,,,,,,,,,,,,1 conector circular M12 de 5 polos,,,,,,,IP 67,plástico PBT,,,"{""Salida de señales"": ""1 PNP + 1 PNP/NPN + 4 mA ... 20 mA / 0 V ... 10 V"", ""Temperatura de proceso"": ""–20 °C ... +100 °C"", ""Presión de proceso"": ""–1 bar ... 10 bares"", ""Conexión a proceso"": ""G¾A"", ""Longitud de sonda"": ""200 mm""}",product_name;other_specs.Conexión a proceso
1057074,LFP0300-A4NMB,LFP Cubic,,product,Sensores de fluidos (Fluid sensors),F,F-118,117,1,,Sensores de nivel,www.mysick.com/es/LFP_Cubic,,,,,,,,,,,,,,1 conector circular M12 de 5 polos,,,,,,,IP 67,plástico PBT,,,"{""Salida de señales"": ""1 PNP + 1 PNP/NPN + 4 mA ... 20 mA / 0 V ... 10 V"", ""Temperatura de proceso"": ""–20 °C ... +100 °C"", ""Presión de proceso"": ""–1 bar ... 10 bares"", ""Conexión a proceso"": ""G¾A"", ""Longitud de sonda"": ""300 mm""}",product_name;other_specs.Conexión a proceso
1057075,LFP0400-A4NMB,LFP Cubic,,product,Sensores de fluidos (Fluid sensors),F,F-118,117,1,,Sensores de nivel,www.mysick.com/es/LFP_Cubic,,,,,,,,,,,,,,1 conector circular M12 de 5 polos,,,,,,,IP 67,plástico PBT,,,"{""Salida de señales"": ""1 PNP + 1 PNP/NPN + 4 mA ... 20 mA / 0 V ... 10 V"", ""Temperatura de proceso"": ""–20 °C ... +100 °C"", ""Presión de proceso"": ""–1 bar ... 10 bares"", ""Conexión a proceso"": ""G¾A"", ""Longitud de sonda"": ""400 mm""}",product_name;other_specs.Conexión a proceso
1057076,LFP0500-A4NMB,LFP Cubic,,product,Sensores de fluidos (Fluid sensors),F,F-118,117,1,,Sensores de nivel,www.mysick.com/es/LFP_Cubic,,,,,,,,,,,,,,1 conector circular M12 de 5 polos,,,,,,,IP 67,plástico PBT,,,"{""Salida de señales"": ""1 PNP + 1 PNP/NPN + 4 mA ... 20 mA / 0 V ... 10 V"", ""Temperatura de proceso"": ""–20 °C ... +100 °C"", ""Presión de proceso"": ""–1 bar ... 10 bares"", ""Conexión a proceso"": ""G¾A"", ""Longitud de sonda"": ""500 mm""}",product_name;other_specs.Conexión a proceso
1057077,LFP0600-A4NMB,LFP Cubic,,product,Sensores de fluidos (Fluid sensors),F,F-118,117,1,,Sensores de nivel,www.mysick.com/es/LFP_Cubic,,,,,,,,,,,,,,1 conector circular M12 de 5 polos,,,,,,,IP 67,plástico PBT,,,"{""Salida de señales"": ""1 PNP + 1 PNP/NPN + 4 mA ... 20 mA / 0 V ... 10 V"", ""Temperatura de proceso"": ""–20 °C ... +100 °C"", ""Presión de proceso"": ""–1 bar ... 10 bares"", ""Conexión a proceso"": ""G¾A"", ""Longitud de sonda"": ""600 mm""}",product_name;other_specs.Conexión a proceso
1057078,LFP0700-A4NMB,LFP Cubic,,product,Sensores de fluidos (Fluid sensors),F,F-118,117,1,,Sensores de nivel,www.mysick.com/es/LFP_Cubic,,,,,,,,,,,,,,1 conector circular M12 de 5 polos,,,,,,,IP 67,plástico PBT,,,"{""Salida de señales"": ""1 PNP + 1 PNP/NPN + 4 mA ... 20 mA / 0 V ... 10 V"", ""Temperatura de proceso"": ""–20 °C ... +100 °C"", ""Presión de proceso"": ""–1 bar ... 10 bares"", ""Conexión a proceso"": ""G¾A"", ""Longitud de sonda"": ""700 mm""}",product_name;other_specs.Conexión a proceso
1057079,LFP0800-A4NMB,LFP Cubic,,product,Sensores de fluidos (Fluid sensors),F,F-118,117,1,,Sensores de nivel,www.mysick.com/es/LFP_Cubic,,,,,,,,,,,,,,1 conector circular M12 de 5 polos,,,,,,,IP 67,plástico PBT,,,"{""Salida de señales"": ""1 PNP + 1 PNP/NPN + 4 mA ... 20 mA / 0 V ... 10 V"", ""Temperatura de proceso"": ""–20 °C ... +100 °C"", ""Presión de proceso"": ""–1 bar ... 10 bares"", ""Conexión a proceso"": ""G¾A"", ""Longitud de sonda"": ""800 mm""}",product_name;other_specs.Conexión a proceso
1057080,LFP0900-A4NMB,LFP Cubic,,product,Sensores de fluidos (Fluid sensors),F,F-118,117,1,,Sensores de nivel,www.mysick.com/es/LFP_Cubic,,,,,,,,,,,,,,1 conector circular M12 de 5 polos,,,,,,,IP 67,plástico PBT,,,"{""Salida de señales"": ""1 PNP + 1 PNP/NPN + 4 mA ... 20 mA / 0 V ... 10 V"", ""Temperatura de proceso"": ""–20 °C ... +100 °C"", ""Presión de proceso"": ""–1 bar ... 10 bares"", ""Conexión a proceso"": ""G¾A"", ""Longitud de sonda"": ""900 mm""}",product_name;other_specs.Conexión a proceso
1057081,LFP1000-A4NMB,LFP Cubic,,product,Sensores de fluidos (Fluid sensors),F,F-118,117,1,,Sensores de nivel,www.mysick.com/es/LFP_Cubic,,,,,,,,,,,,,,1 conector circular M12 de 5 polos,,,,,,,IP 67,plástico PBT,,,"{""Salida de señales"": ""1 PNP + 1 PNP/NPN + 4 mA ... 20 mA / 0 V ... 10 V"", ""Temperatura de proceso"": ""–20 °C ... +100 °C"", ""Presión de proceso"": ""–1 bar ... 10 bares"", ""Conexión a proceso"": ""G¾A"", ""Longitud de sonda"": ""1.000 mm""}",product_name;other_specs.Conexión a proceso
1057082,LFP1100-A4NMB,LFP Cubic,,product,Sensores de fluidos (Fluid sensors),F,F-118,117,1,,Sensores de nivel,www.mysick.com/es/LFP_Cubic,,,,,,,,,,,,,,1 conector circular M12 de 5 polos,,,,,,,IP 67,plástico PBT,,,"{""Salida de señales"": ""1 PNP + 1 PNP/NPN + 4 mA ... 20 mA / 0 V ... 10 V"", ""Temperatura de proceso"": ""–20 °C ... +100 °C"", ""Presión de proceso"": ""–1 bar ... 10 bares"", ""Conexión a proceso"": ""G¾A"", ""Longitud de sonda"": ""1.100 mm""}",product_name;other_specs.Conexión a proceso
1057083,LFP1200-A4NMB,LFP Cubic,,product,Sensores de fluidos (Fluid sensors),F,F-118,117,1,,Sensores de nivel,www.mysick.com/es/LFP_Cubic,,,,,,,,,,,,,,1 conector circular M12 de 5 polos,,,,,,,IP 67,plástico PBT,,,"{""Salida de señales"": ""1 PNP + 1 PNP/NPN + 4 mA ... 20 mA / 0 V ... 10 V"", ""Temperatura de proceso"": ""–20 °C ... +100 °C"", ""Presión de proceso"": ""–1 bar ... 10 bares"", ""Conexión a proceso"": ""G¾A"", ""Longitud de sonda"": ""1.200 mm""}",product_name;other_specs.Conexión a proceso
1057084,LFP1300-A4NMB,LFP Cubic,,product,Sensores de fluidos (Fluid sensors),F,F-118,117,1,,Sensores de nivel,www.mysick.com/es/LFP_Cubic,,,,,,,,,,,,,,1 conector circular M12 de 5 polos,,,,,,,IP 67,plástico PBT,,,"{""Salida de señales"": ""1 PNP + 1 PNP/NPN + 4 mA ... 20 mA / 0 V ... 10 V"", ""Temperatura de proceso"": ""–20 °C ... +100 °C"", ""Presión de proceso"": ""–1 bar ... 10 bares"", ""Conexión a proceso"": ""G¾A"", ""Longitud de sonda"": ""1.300 mm""}",product_name;other_specs.Conexión a proceso
1057085,LFP1400-A4NMB,LFP Cubic,,product,Sensores de fluidos (Fluid sensors),F,F-118,117,1,,Sensores de nivel,www.mysick.com/es/LFP_Cubic,,,,,,,,,,,,,,1 conector circular M12 de 5 polos,,,,,,,IP 67,plástico PBT,,,"{""Salida de señales"": ""1 PNP + 1 PNP/NPN + 4 mA ... 20 mA / 0 V ... 10 V"", ""Temperatura de proceso"": ""–20 °C ... +100 °C"", ""Presión de proceso"": ""–1 bar ... 10 bares"", ""Conexión a proceso"": ""G¾A"", ""Longitud de sonda"": ""1.400 mm""}",product_name;other_specs.Conexión a proceso
1057086,LFP1500-A4NMB,LFP Cubic,,product,Sensores de fluidos (Fluid sensors),F,F-118,117,1,,Sensores de nivel,www.mysick.com/es/LFP_Cubic,,,,,,,,,,,,,,1 conector circular M12 de 5 polos,,,,,,,IP 67,plástico PBT,,,"{""Salida de señales"": ""1 PNP + 1 PNP/NPN + 4 mA ... 20 mA / 0 V ... 10 V"", ""Temperatura de proceso"": ""–20 °C ... +100 °C"", ""Presión de proceso"": ""–1 bar ... 10 bares"", ""Conexión a proceso"": ""G¾A"", ""Longitud de sonda"": ""1.500 mm""}",product_name;other_specs.Conexión a proceso
1057087,LFP1600-A4NMB,LFP Cubic,,product,Sensores de fluidos (Fluid sensors),F,F-118,117,1,,Sensores de nivel,www.mysick.com/es/LFP_Cubic,,,,,,,,,,,,,,1 conector circular M12 de 5 polos,,,,,,,IP 67,plástico PBT,,,"{""Salida de señales"": ""1 PNP + 1 PNP/NPN + 4 mA ... 20 mA / 0 V ... 10 V"", ""Temperatura de proceso"": ""–20 °C ... +100 °C"", ""Presión de proceso"": ""–1 bar ... 10 bares"", ""Conexión a proceso"": ""G¾A"", ""Longitud de sonda"": ""1.600 mm""}",product_name;other_specs.Conexión a proceso
1057088,LFP1700-A4NMB,LFP Cubic,,product,Sensores de fluidos (Fluid sensors),F,F-118,117,1,,Sensores de nivel,www.mysick.com/es/LFP_Cubic,,,,,,,,,,,,,,1 conector circular M12 de 5 polos,,,,,,,IP 67,plástico PBT,,,"{""Salida de señales"": ""1 PNP + 1 PNP/NPN + 4 mA ... 20 mA / 0 V ... 10 V"", ""Temperatura de proceso"": ""–20 °C ... +100 °C"", ""Presión de proceso"": ""–1 bar ... 10 bares"", ""Conexión a proceso"": ""G¾A"", ""Longitud de sonda"": ""1.700 mm""}",product_name;other_specs.Conexión a proceso
1057089,LFP1800-A4NMB,LFP Cubic,,product,Sensores de fluidos (Fluid sensors),F,F-119,118,1,,,,,,,,,,,,,,,,,,,,,,,,,,,,"{""Conexión a proceso"": ""G¾A"", ""Longitud de sonda"": ""1.800 mm""}",
1057090,LFP1900-A4NMB,LFP Cubic,,product,Sensores de fluidos (Fluid sensors),F,F-119,118,1,,,,,,,,,,,,,,,,,,,,,,,,,,,,"{""Conexión a proceso"": ""G¾A"", ""Longitud de sonda"": ""1.900 mm""}",
1057091,LFP2000-A4NMB,LFP Cubic,,product,Sensores de fluidos (Fluid sensors),F,F-119,118,1,,,,,,,,,,,,,,,,,,,,,,,,,,,,"{""Conexión a proceso"": ""G¾A"", ""Longitud de sonda"": ""2.000 mm""}",
1057092,LFP0200-B4NMB,LFP Cubic,,product,Sensores de fluidos (Fluid sensors),F,F-119,118,1,,,,,,,,,,,,,,,,,,,,,,,,,,,,"{""Conexión a proceso"": ""¾\"" NPT"", ""Longitud de sonda"": ""200 mm""}",
1057093,LFP0300-B4NMB,LFP Cubic,,product,Sensores de fluidos (Fluid sensors),F,F-119,118,1,,,,,,,,,,,,,,,,,,,,,,,,,,,,"{""Conexión a proceso"": ""¾\"" NPT"", ""Longitud de sonda"": ""300 mm""}",
1057094,LFP0400-B4NMB,LFP Cubic,,product,Sensores de fluidos (Fluid sensors),F,F-119,118,1,,,,,,,,,,,,,,,,,,,,,,,,,,,,"{""Conexión a proceso"": ""¾\"" NPT"", ""Longitud de sonda"": ""400 mm""}",
1057095,LFP0500-B4NMB,LFP Cubic,,product,Sensores de fluidos (Fluid sensors),F,F-119,118,1,,,,,,,,,,,,,,,,,,,,,,,,,,,,"{""Conexión a proceso"": ""¾\"" NPT"", ""Longitud de sonda"": ""500 mm""}",
1057096,LFP0600-B4NMB,LFP Cubic,,product,Sensores de fluidos (Fluid sensors),F,F-119,118,1,,,,,,,,,,,,,,,,,,,,,,,,,,,,"{""Conexión a proceso"": ""¾\"" NPT"", ""Longitud de sonda"": ""600 mm""}",
1057097,LFP0700-B4NMB,LFP Cubic,,product,Sensores de fluidos (Fluid sensors),F,F-119,118,1,,,,,,,,,,,,,,,,,,,,,,,,,,,,"{""Conexión a proceso"": ""¾\"" NPT"", ""Longitud de sonda"": ""700 mm""}",
1057098,LFP0800-B4NMB,LFP Cubic,,product,Sensores de fluidos (Fluid sensors),F,F-119,118,1,,,,,,,,,,,,,,,,,,,,,,,,,,,,"{""Conexión a proceso"": ""¾\"" NPT"", ""Longitud de sonda"": ""800 mm""}",
1057100,LFP1000-B4NMB,LFP Cubic,,product,Sensores de fluidos (Fluid sensors),F,F-119,118,1,,,,,,,,,,,,,,,,,,,,,,,,,,,,"{""Conexión a proceso"": ""¾\"" NPT"", ""Longitud de sonda"": ""1.000 mm""}",
1057102,LFP1200-B4NMB,LFP Cubic,,product,Sensores de fluidos (Fluid sensors),F,F-119,118,1,,,,,,,,,,,,,,,,,,,,,,,,,,,,"{""Conexión a proceso"": ""¾\"" NPT"", ""Longitud de sonda"": ""1.200 mm""}",
1057104,LFP1400-B4NMB,LFP Cubic,,product,Sensores de fluidos (Fluid sensors),F,F-119,118,1,,,,,,,,,,,,,,,,,,,,,,,,,,,,"{""Conexión a proceso"": ""¾\"" NPT"", ""Longitud de sonda"": ""1.400 mm""}",
1057105,LFP1500-B4NMB,LFP Cubic,,product,Sensores de fluidos (Fluid sensors),F,F-119,118,1,,,,,,,,,,,,,,,,,,,,,,,,,,,,"{""Conexión a proceso"": ""¾\"" NPT"", ""Longitud de sonda"": ""1.500 mm""}",
1057106,LFP1600-B4NMB,LFP Cubic,,product,Sensores de fluidos (Fluid sensors),F,F-119,118,1,,,,,,,,,,,,,,,,,,,,,,,,,,,,"{""Conexión a proceso"": ""¾\"" NPT"", ""Longitud de sonda"": ""1.600 mm""}",
1057108,LFP1800-B4NMB,LFP Cubic,,product,Sensores de fluidos (Fluid sensors),F,F-119,118,1,,,,,,,,,,,,,,,,,,,,,,,,,,,,"{""Conexión a proceso"": ""¾\"" NPT"", ""Longitud de sonda"": ""1.800 mm""}",
1057110,LFP2000-B4NMB,LFP Cubic,,product,Sensores de fluidos (Fluid sensors),F,F-119,118,1,,,,,,,,,,,,,,,,,,,,,,,,,,,,"{""Conexión a proceso"": ""¾\"" NPT"", ""Longitud de sonda"": ""2.000 mm""}",
2059612,BEF-FL-BYRD40-LFP1,LFP Cubic,,accessory,Sensores de fluidos (Fluid sensors),F,F-119,118,1,,,,,,,,,,,,,,,,,,,,,,,,,,,"1 unidad, sistema de centrado para el montaje en derivación y tubo de inmersión de 40 mm ... 100 mm de diámetro, teflón",,
2065700,BEF-ER-SN1000-LFPC,LFP Cubic,,accessory,Sensores de fluidos (Fluid sensors),F,F-119,118,1,,,,,,,,,,,,,,,,,,,,,,,,,,,"Sonda de repuesto para LFP Cubic, longitud del sensor: 1.000 mm, material 1.4404, 7 mm de diámetro",,
2065701,BEF-ER-SN2000-LFPC,LFP Cubic,,accessory,Sensores de fluidos (Fluid sensors),F,F-119,118,1,,,,,,,,,,,,,,,,,,,,,,,,,,,"Sonda de repuesto para LFP Cubic, longitud del sensor: 2.000 mm, material 1.4404, 7 mm de diámetro",,
2065702,LFPCT-1000G1,LFP Cubic,,accessory,Sensores de fluidos (Fluid sensors),F,F-119,118,1,,,,,,,,,,,,,,,,,,,,,,,,,,,"Tubo coaxial para LFP con conexión de proceso G 3/4, conexión de proceso del tubo coaxial G3/4, material 1.4571, para sondas de 1.000 mm de longitud",,
2065703,LFPCT-2000G1,LFP Cubic,,accessory,Sensores de fluidos (Fluid sensors),F,F-119,118,1,,,,,,,,,,,,,,,,,,,,,,,,,,,"Tubo coaxial para LFP con conexión de proceso G 3/4, conexión de proceso del tubo coaxial G3/4, material 1.4571, para sondas de 2.000 mm de longitud",,
5321680,BEF-MU-0PAN34-LFT1,LFP Cubic,,accessory,Sensores de fluidos (Fluid sensors),F,F-119,118,1,,,,,,,,,,,,,,,,,,,,,,,,,,,"Contratuerca, conexión de proceso 3/4"" NPT, PA",,
5321681,BEF-MU-0PAG34-LFT1,LFP Cubic,,accessory,Sensores de fluidos (Fluid sensors),F,F-119,118,1,,,,,,,,,,,,,,,,,,,,,,,,,,,"Contratuerca, conexión de proceso G 3/4 A, PA",,
6036353,LFV200-XXSGATPM,LFV200,,product,Sensores de fluidos (Fluid sensors),F,F-120,119,1,,Sensores de nivel,www.mysick.com/es/LFV200,,,,,,,,,,,,,,1 conector circular M12 de 4 polos,,,,,,,IP 67,"acero inoxidable 1.4404, PEI",,,"{""Señal de salida"": ""1 PNP"", ""Temperatura de proceso"": ""–40 °C ... +100 °C"", ""Conexión a proceso"": ""G 1 A PN 64"", ""Presión de proceso"": ""–1 bar ... 64 bares"", ""Longitud de la sonda"": ""38 mm""}",product_name
6036357,LFV200-XXTGATPM,LFV200,,product,Sensores de fluidos (Fluid sensors),F,F-120,119,1,,Sensores de nivel,www.mysick.com/es/LFV200,,,,,,,,,,,,,,1 conector circular M12 de 4 polos,,,,,,,IP 67,"acero inoxidable 1.4404, PEI",,,"{""Señal de salida"": ""1 PNP"", ""Temperatura de proceso"": ""–40 °C ... +150 °C"", ""Conexión a proceso"": ""G 1 A PN 64"", ""Presión de proceso"": ""–1 bar ... 64 bares"", ""Longitud de la sonda"": ""38 mm""}",product_name
6036369,LFV200-XXSGACPV,LFV200,,product,Sensores de fluidos (Fluid sensors),F,F-120,119,1,,Sensores de nivel,www.mysick.com/es/LFV200,,,,,,,,,,,,,,Conector de válvula DIN 43650,,,,,,,IP 65,"acero inoxidable 1.4404, PEI",,,"{""Señal de salida"": ""Conmutador sin contacto"", ""Temperatura de proceso"": ""–40 °C ... +100 °C"", ""Conexión a proceso"": ""G 1 A PN 64"", ""Presión de proceso"": ""–1 bar ... 64 bares"", ""Longitud de la sonda"": ""38 mm""}",product_name
6048866,LFV200-XXSGHCPV,LFV200,,product,Sensores de fluidos (Fluid sensors),F,F-120,119,1,,Sensores de nivel,www.mysick.com/es/LFV200,,,,,,,,,,,,,,Conector de válvula DIN 43650,,,,,,,IP 65,"acero inoxidable 1.4404, PEI",,,"{""Señal de salida"": ""Conmutador sin contacto"", ""Temperatura de proceso"": ""–40 °C ... +100 °C"", ""Conexión a proceso"": ""G ½ A PN 64"", ""Presión de proceso"": ""–1 bar ... 64 bares"", ""Longitud de la sonda"": ""38 mm""}",product_name
6049356,LFV200-XXSGHTPV,LFV200,,product,Sensores de fluidos (Fluid sensors),F,F-120,119,1,,Sensores de nivel,www.mysick.com/es/LFV200,,,,,,,,,,,,,,Conector de válvula DIN 43650,,,,,,,IP 65,"acero inoxidable 1.4404, PEI",,,"{""Señal de salida"": ""1 PNP"", ""Temperatura de proceso"": ""–40 °C ... +100 °C"", ""Conexión a proceso"": ""G ½ A PN 64"", ""Presión de proceso"": ""–1 bar ... 64 bares"", ""Longitud de la sonda"": ""38 mm""}",product_name
6036351,LFV200-XXSGBTPM,LFV200,,product,Sensores de fluidos (Fluid sensors),F,F-121,120,1,,Sensores de nivel,,,,,,,,,-40,100,,,1 PNP,,1 conector circular M12 de 4 polos,,,,,,,IP 67,"acero inoxidable 1.4404, PEI",,,"{""Conexión a proceso"": ""G ¾ A PN 64"", ""Presión de proceso"": ""–1 bar ... 64 bares"", ""Longitud de la sonda"": ""38 mm"", ""Certificado WHG"": ""–""}",product_name;Certificado WHG
6036352,LFV200-XXSNBTPM,LFV200,,product,Sensores de fluidos (Fluid sensors),F,F-121,120,1,,Sensores de nivel,,,,,,,,,-40,100,,,1 PNP,,1 conector circular M12 de 4 polos,,,,,,,IP 67,"Acero inoxidable 1.4404, PEI",,,"{""Conexión a proceso"": ""¾\"" NPT PN 64"", ""Presión de proceso"": ""–1 bar ... 64 bares"", ""Longitud de sonda"": ""38 mm""}",product_name
6036355,LFV200-XXTGBTPM,LFV200,,product,Sensores de fluidos (Fluid sensors),F,F-121,120,1,,Sensores de nivel,,,,,,,,,-40,150,,,1 PNP,,1 conector circular M12 de 4 polos,,,,,,,IP 67,"acero inoxidable 1.4404, PEI",,,"{""Conexión a proceso"": ""G ¾ A PN 64"", ""Presión de proceso"": ""–1 bar ... 64 bares"", ""Longitud de la sonda"": ""38 mm"", ""Certificado WHG"": ""–""}",product_name;Certificado WHG
6036359,LFV200-XASGBTPM,LFV200,,product,Sensores de fluidos (Fluid sensors),F,F-121,120,1,,Sensores de nivel,,,,,,,,,-40,100,,,1 PNP,,1 conector circular M12 de 4 polos,,,,,,,IP 67,"acero inoxidable 1.4404, PEI",,,"{""Conexión a proceso"": ""G ¾ A PN 64"", ""Presión de proceso"": ""–1 bar ... 64 bares"", ""Longitud de la sonda"": ""38 mm"", ""Certificado WHG"": ""l""}",product_name;Certificado WHG
6036363,LFV200-XATGBTPM,LFV200,,product,Sensores de fluidos (Fluid sensors),F,F-121,120,1,,Sensores de nivel,,,,,,,,,-40,150,,,1 PNP,,1 conector circular M12 de 4 polos,,,,,,,IP 67,"acero inoxidable 1.4404, PEI",,,"{""Conexión a proceso"": ""G ¾ A PN 64"", ""Presión de proceso"": ""–1 bar ... 64 bares"", ""Longitud de la sonda"": ""38 mm"", ""Certificado WHG"": ""l""}",product_name;Certificado WHG
6036367,LFV200-XXSGBCPV,LFV200,,product,Sensores de fluidos (Fluid sensors),F,F-121,120,1,,Sensores de nivel,,,,,,,,,-40,100,,,1 PNP,,Conector de válvula DIN 43650,,,,,,,IP 65,"acero inoxidable 1.4404, PEI",,,"{""Conexión a proceso"": ""G ¾ A PN 64"", ""Presión de proceso"": ""–1 bar ... 64 bares"", ""Longitud de la sonda"": ""38 mm"", ""Certificado WHG"": ""–""}",product_name;Certificado WHG
6036371,LFV200-XXTGBCPV,LFV200,,product,Sensores de fluidos (Fluid sensors),F,F-121,120,1,,Sensores de nivel,,,,,,,,,-40,150,,,Conmutador sin contacto,,Conector de válvula DIN 43650,,,,,,,IP 65,"acero inoxidable 1.4404, PEI",,,"{""Conexión a proceso"": ""G ¾ A PN 64"", ""Presión de proceso"": ""–1 bar ... 64 bares"", ""Longitud de la sonda"": ""38 mm"", ""Certificado WHG"": ""–""}",product_name;Certificado WHG
6036533,LFV200-XXHCLTPM,LFV200,,product,Sensores de fluidos (Fluid sensors),F,F-121,120,1,,Sensores de nivel,,,,,,,,,-40,150,,,1 PNP,,1 conector circular M12 de 4 polos,,,,,,,IP 67,"Acero inoxidable 1.4404, PEI",,,"{""Conexión a proceso"": ""abrazadera triple de 1\""‘ (PN 16, L, Ra < 0,8 μm)"", ""Presión de proceso"": ""–1 bar ... 64 bares"", ""Longitud de sonda"": ""38 mm""}",product_name
6041094,LFV200-XATGBTPV,LFV200,,product,Sensores de fluidos (Fluid sensors),F,F-121,120,1,,Sensores de nivel,,,,,,,,,-40,150,,,1 PNP,,Conector de válvula DIN 43650,,,,,,,IP 65,"acero inoxidable 1.4404, PEI",,,"{""Conexión a proceso"": ""G ¾ A PN 64"", ""Presión de proceso"": ""–1 bar ... 64 bares"", ""Longitud de la sonda"": ""38 mm"", ""Certificado WHG"": ""l""}",product_name;Certificado WHG
6048704,LFV200-XXSGHTPM,LFV200,,product,Sensores de fluidos (Fluid sensors),F,F-121,120,1,,Sensores de nivel,,,,,,,,,,,,,1 PNP,,1 conector circular M12 de 4 polos,,,,,,,IP 67,,,,,product_name
6048864,LFV200-XXSNHTPM,LFV200,,product,Sensores de fluidos (Fluid sensors),F,F-121,120,1,,Sensores de nivel,,,,,,,,,-40,100,,,1 PNP,,1 conector circular M12 de 4 polos,,,,,,,IP 67,"Acero inoxidable 1.4404, PEI",,,"{""Conexión a proceso"": ""½\"" NPT PN 64"", ""Presión de proceso"": ""–1 bar ... 64 bares"", ""Longitud de sonda"": ""38 mm""}",product_name
4054604,BEF-FL-GEWG34-LFV2,LFV200,,accessory,Sensores de fluidos (Fluid sensors),F,F-122,121,1,,,,,,,,,,,,,,,,,,,,,,,,,,,"Brida de soldadura/racor de soldadura, conexión de proceso G 3/4, acero inoxidable 1.4404",,
4054605,BEF-FL-GEWG10-LFV2,LFV200,,accessory,Sensores de fluidos (Fluid sensors),F,F-122,121,1,,,,,,,,,,,,,,,,,,,,,,,,,,,"Brida de soldadura/racor de soldadura, conexión de proceso G 1, acero inoxidable 1.4404",,
5321459,BEF-FL-851D40-LFV2,LFV200,,accessory,Sensores de fluidos (Fluid sensors),F,F-122,121,1,,,,,,,,,,,,,,,,,,,,,,,,,,,"Brida de soldadura/racor de soldadura DIN11851-1 DN40/PN40, acero inoxidable 1.4404",,
5321527,BEF-FL-851D25-LFV2,LFV200,,accessory,Sensores de fluidos (Fluid sensors),F,F-122,121,1,,,,,,,,,,,,,,,,,,,,,,,,,,,"Brida de soldadura/racor de soldadura DIN11851-1 DN25/PN40, acero inoxidable 1.4404",,
5321528,BEF-FL-851D50-LFV2,LFV200,,accessory,Sensores de fluidos (Fluid sensors),F,F-122,121,1,,,,,,,,,,,,,,,,,,,,,,,,,,,"Brida de soldadura/racor de soldadura DIN11851-1 DN50/PN25, acero inoxidable 1.4404",,
5321678,BEF-FL-TCLI10-LFV2,LFV200,,accessory,Sensores de fluidos (Fluid sensors),F,F-122,121,1,,,,,,,,,,,,,,,,,,,,,,,,,,,"Brida de soldadura/racor de soldadura, conexión de proceso abrazadera triple de 1"", acero inoxidable 1.4404",,
5321679,BEF-FL-TCLI20-LFV2,LFV200,,accessory,Sensores de fluidos (Fluid sensors),F,F-122,121,1,,,,,,,,,,,,,,,,,,,,,,,,,,,"Brida de soldadura/racor de soldadura, conexión de proceso abrazadera triple de 2"", acero inoxidable 1.4404",,
6041669,LFV230-XXSGBTPM1000,LFV200,LFV230,product,Sensores de fluidos (Fluid sensors),F,F-122,121,1,,Sensores de nivel,,,,,,,,,,,,,Conmutador sin contacto,,1 conector circular M12 de 4 polos,,,,,,,IP 65,"acero inoxidable 1.4404, PEI",,,"{""Conexión a proceso"": ""G ¾ A PN 64"", ""Presión de proceso"": ""–1 bar ... 64 bares"", ""Temperatura de proceso"": ""–40 °C ... +100 °C"", ""Longitud de sonda"": ""1.000 mm""}",
6041673,LFV230-XXTGBTPM1000,LFV200,LFV230,product,Sensores de fluidos (Fluid sensors),F,F-122,121,1,,Sensores de nivel,,,,,,,,,,,,,1 PNP,,1 conector circular M12 de 4 polos,,,,,,,IP 67,"acero inoxidable 1.4404, PEI",,,"{""Conexión a proceso"": ""G ¾ A PN 64"", ""Presión de proceso"": ""–1 bar ... 64 bares"", ""Temperatura de proceso"": ""–40 °C ... +150 °C"", ""Longitud de sonda"": ""1.000 mm""}",
6041682,LFV230-XXSGBTPM0500,LFV200,LFV230,product,Sensores de fluidos (Fluid sensors),F,F-122,121,1,,Sensores de nivel,,,,,,,,,,,,,Conmutador sin contacto,,1 conector circular M12 de 4 polos,,,,,,,IP 65,"acero inoxidable 1.4404, PEI",,,"{""Conexión a proceso"": ""G ¾ A PN 64"", ""Presión de proceso"": ""–1 bar ... 64 bares"", ""Temperatura de proceso"": ""–40 °C ... +100 °C"", ""Longitud de sonda"": ""500 mm""}",
6041848,LFV230-XXSGBTPM0200,LFV200,LFV230,product,Sensores de fluidos (Fluid sensors),F,F-122,121,1,,Sensores de nivel,,,,,,,,,,,,,Conmutador sin contacto,,1 conector circular M12 de 4 polos,,,,,,,IP 65,"acero inoxidable 1.4404, PEI",,,"{""Conexión a proceso"": ""G ¾ A PN 64"", ""Presión de proceso"": ""–1 bar ... 64 bares"", ""Temperatura de proceso"": ""–40 °C ... +100 °C"", ""Longitud de sonda"": ""200 mm""}",
6041850,LFV230-XXSGBTPM0300,LFV200,LFV230,product,Sensores de fluidos (Fluid sensors),F,F-122,121,1,,Sensores de nivel,,,,,,,,,,,,,Conmutador sin contacto,,1 conector circular M12 de 4 polos,,,,,,,IP 65,"acero inoxidable 1.4404, PEI",,,"{""Conexión a proceso"": ""G ¾ A PN 64"", ""Presión de proceso"": ""–1 bar ... 64 bares"", ""Temperatura de proceso"": ""–40 °C ... +100 °C"", ""Longitud de sonda"": ""300 mm""}",
6041857,LFV230-XXSGBTPM0700,LFV200,LFV230,product,Sensores de fluidos (Fluid sensors),F,F-122,121,1,,Sensores de nivel,,,,,,,,,,,,,Conmutador sin contacto,,1 conector circular M12 de 4 polos,,,,,,,IP 65,"acero inoxidable 1.4404, PEI",,,"{""Conexión a proceso"": ""G ¾ A PN 64"", ""Presión de proceso"": ""–1 bar ... 64 bares"", ""Temperatura de proceso"": ""–40 °C ... +100 °C"", ""Longitud de sonda"": ""700 mm""}",
6041871,LFV230-XXSGBTPM1500,LFV200,LFV230,product,Sensores de fluidos (Fluid sensors),F,F-122,121,1,,Sensores de nivel,,,,,,,,,,,,,Conmutador sin contacto,,1 conector circular M12 de 4 polos,,,,,,,IP 65,"acero inoxidable 1.4404, PEI",,,"{""Conexión a proceso"": ""G ¾ A PN 64"", ""Presión de proceso"": ""–1 bar ... 64 bares"", ""Temperatura de proceso"": ""–40 °C ... +100 °C"", ""Longitud de sonda"": ""1.500 mm""}",
6041887,LFV230-XXSGBTPM2000,LFV200,LFV230,product,Sensores de fluidos (Fluid sensors),F,F-122,121,1,,Sensores de nivel,,,,,,,,,,,,,Conmutador sin contacto,,1 conector circular M12 de 4 polos,,,,,,,IP 65,"acero inoxidable 1.4404, PEI",,,"{""Conexión a proceso"": ""G ¾ A PN 64"", ""Presión de proceso"": ""–1 bar ... 64 bares"", ""Temperatura de proceso"": ""–40 °C ... +100 °C"", ""Longitud de sonda"": ""2.000 mm""}",
6041894,LFV230-XXSGBTPM2500,LFV200,LFV230,product,Sensores de fluidos (Fluid sensors),F,F-122,121,1,,Sensores de nivel,,,,,,,,,,,,,Conmutador sin contacto,,1 conector circular M12 de 4 polos,,,,,,,IP 65,"acero inoxidable 1.4404, PEI",,,"{""Conexión a proceso"": ""G ¾ A PN 64"", ""Presión de proceso"": ""–1 bar ... 64 bares"", ""Temperatura de proceso"": ""–40 °C ... +100 °C"", ""Longitud de sonda"": ""2.500 mm""}",
6041903,LFV230-XXTGBTPM0200,LFV200,LFV230,product,Sensores de fluidos (Fluid sensors),F,F-122,121,1,,Sensores de nivel,,,,,,,,,,,,,1 PNP,,1 conector circular M12 de 4 polos,,,,,,,IP 67,"acero inoxidable 1.4404, PEI",,,"{""Conexión a proceso"": ""G ¾ A PN 64"", ""Presión de proceso"": ""–1 bar ... 64 bares"", ""Temperatura de proceso"": ""–40 °C ... +150 °C"", ""Longitud de sonda"": ""200 mm""}",
6041905,LFV230-XXTGBTPM0300,LFV200,LFV230,product,Sensores de fluidos (Fluid sensors),F,F-122,121,1,,Sensores de nivel,,,,,,,,,,,,,1 PNP,,1 conector circular M12 de 4 polos,,,,,,,IP 67,"acero inoxidable 1.4404, PEI",,,"{""Conexión a proceso"": ""G ¾ A PN 64"", ""Presión de proceso"": ""–1 bar ... 64 bares"", ""Temperatura de proceso"": ""–40 °C ... +150 °C"", ""Longitud de sonda"": ""300 mm""}",
6041909,LFV230-XXTGBTPM0500,LFV200,LFV230,product,Sensores de fluidos (Fluid sensors),F,F-122,121,1,,Sensores de nivel,,,,,,,,,,,,,1 PNP,,1 conector circular M12 de 4 polos,,,,,,,IP 67,"acero inoxidable 1.4404, PEI",,,"{""Conexión a proceso"": ""G ¾ A PN 64"", ""Presión de proceso"": ""–1 bar ... 64 bares"", ""Temperatura de proceso"": ""–40 °C ... +150 °C"", ""Longitud de sonda"": ""500 mm""}",
6041913,LFV230-XXTGBTPM0700,LFV200,LFV230,product,Sensores de fluidos (Fluid sensors),F,F-122,121,1,,Sensores de nivel,,,,,,,,,,,,,1 PNP,,1 conector circular M12 de 4 polos,,,,,,,IP 67,"acero inoxidable 1.4404, PEI",,,"{""Conexión a proceso"": ""G ¾ A PN 64"", ""Presión de proceso"": ""–1 bar ... 64 bares"", ""Temperatura de proceso"": ""–40 °C ... +150 °C"", ""Longitud de sonda"": ""700 mm""}",
6041926,LFV230-XXTGBTPM1500,LFV200,LFV230,product,Sensores de fluidos (Fluid sensors),F,F-122,121,1,,Sensores de nivel,,,,,,,,,,,,,1 PNP,,1 conector circular M12 de 4 polos,,,,,,,IP 67,"acero inoxidable 1.4404, PEI",,,"{""Conexión a proceso"": ""G ¾ A PN 64"", ""Presión de proceso"": ""–1 bar ... 64 bares"", ""Temperatura de proceso"": ""–40 °C ... +150 °C"", ""Longitud de sonda"": ""1.500 mm""}",
6041935,LFV230-XXTGBTPM2000,LFV200,LFV230,product,Sensores de fluidos (Fluid sensors),F,F-122,121,1,,Sensores de nivel,,,,,,,,,,,,,1 PNP,,1 conector circular M12 de 4 polos,,,,,,,IP 67,"acero inoxidable 1.4404, PEI",,,"{""Conexión a proceso"": ""G ¾ A PN 64"", ""Presión de proceso"": ""–1 bar ... 64 bares"", ""Temperatura de proceso"": ""–40 °C ... +150 °C"", ""Longitud de sonda"": ""2.000 mm""}",
6041940,LFV230-XXTGBTPM2500,LFV200,LFV230,product,Sensores de fluidos (Fluid sensors),F,F-122,121,1,,Sensores de nivel,,,,,,,,,,,,,1 PNP,,1 conector circular M12 de 4 polos,,,,,,,IP 67,"acero inoxidable 1.4404, PEI",,,"{""Conexión a proceso"": ""G ¾ A PN 64"", ""Presión de proceso"": ""–1 bar ... 64 bares"", ""Temperatura de proceso"": ""–40 °C ... +150 °C"", ""Longitud de sonda"": ""2.500 mm""}",
6044007,LFV230-XXSGBCPV0300,LFV200,LFV230,product,Sensores de fluidos (Fluid sensors),F,F-122,121,1,,Sensores de nivel,,,,,,,,,,,,,Conmutador sin contacto,,DIN 43650,,,,,,,IP 65,"acero inoxidable 1.4404, PEI",,,"{""Conexión a proceso"": ""G ¾ A PN 64"", ""Presión de proceso"": ""–1 bar ... 64 bares"", ""Temperatura de proceso"": ""–40 °C ... +100 °C"", ""Longitud de sonda"": ""300 mm""}",
6041658,UP56-211118,UP56,UP56-211,product,Sensores de fluidos (Fluid sensors),F,F-123,122,1,,,www.mysick.com/es/UP56,30,250,,,,,,-25,70,,,PNP,,1 conector circular M12 de 5 polos,,,,,,,IP 67,"Acero inoxidable 1.4571, PBT, TPU",,,"{""Conexión a proceso"": ""G 1 A PN 6"", ""Presión de proceso"": ""0 bares ... 6 bares"", ""Distancia de detección límite"": ""30 mm ... 990 mm (Para 6 bares rel.)"", ""Señal de salida"": ""1 PNP + 4 mA ... 20 mA / 0 V ... 10 V""}",sensing_range_min_mm;sensing_range_max_mm;operating_temp_min_c;operating_temp_max_c;switching_output;connection
6041661,UP56-211112,UP56,UP56-211,product,Sensores de fluidos (Fluid sensors),F,F-123,122,1,,,www.mysick.com/es/UP56,30,250,,,,,,-25,70,,,PNP,,1 conector circular M12 de 5 polos,,,,,,,IP 67,"Acero inoxidable 1.4571, PBT, TPU",,,"{""Conexión a proceso"": ""G 1 A PN 6"", ""Presión de proceso"": ""0 bares ... 6 bares"", ""Distancia de detección límite"": ""30 mm ... 990 mm (Para 6 bares rel.)"", ""Señal de salida"": ""2 PNP""}",sensing_range_min_mm;sensing_range_max_mm;operating_temp_min_c;operating_temp_max_c;switching_output;connection
6041664,UP56-211114,UP56,UP56-211,product,Sensores de fluidos (Fluid sensors),F,F-123,122,1,,,www.mysick.com/es/UP56,30,250,,,,,,-25,70,,,NPN,,1 conector circular M12 de 5 polos,,,,,,,IP 67,"Acero inoxidable 1.4571, PBT, TPU",,,"{""Conexión a proceso"": ""G 1 A PN 6"", ""Presión de proceso"": ""0 bares ... 6 bares"", ""Distancia de detección límite"": ""30 mm ... 990 mm (Para 6 bares rel.)"", ""Señal de salida"": ""2 NPN""}",sensing_range_min_mm;sensing_range_max_mm;operating_temp_min_c;operating_temp_max_c;switching_output;connection
6039864,UP56-214172,UP56,UP56-214,product,Sensores de fluidos (Fluid sensors),F,F-124,123,1,,Sensores de nivel,,350,3400,,,,,,,,,,2 PNP,,1 conector circular M12 de 5 polos,,,,,,,IP 67,"PVDF, PBT, TPU",,,"{""Conexión a proceso"": ""G 2 A PN 6"", ""Temperatura de proceso"": ""–25 °C ... +70 °C"", ""Presión de proceso"": ""0 bares ... 6 bares"", ""Distancia de detección límite"": ""350 mm ... 8.000 mm (Para 6 bares rel.)""}",product_name;sensing_range_min_mm;sensing_range_max_mm
6039865,UP56-214174,UP56,UP56-214,product,Sensores de fluidos (Fluid sensors),F,F-124,123,1,,Sensores de nivel,,350,3400,,,,,,,,,,2 NPN,,1 conector circular M12 de 5 polos,,,,,,,IP 67,"PVDF, PBT, TPU",,,"{""Conexión a proceso"": ""G 2 A PN 6"", ""Temperatura de proceso"": ""–25 °C ... +70 °C"", ""Presión de proceso"": ""0 bares ... 6 bares"", ""Distancia de detección límite"": ""350 mm ... 8.000 mm (Para 6 bares rel.)""}",product_name;sensing_range_min_mm;sensing_range_max_mm
6039866,UP56-214178,UP56,UP56-214,product,Sensores de fluidos (Fluid sensors),F,F-124,123,1,,Sensores de nivel,,350,3400,,,,,,,,,,1 PNP + 4 mA ... 20 mA / 0 V ... 10 V,,1 conector circular M12 de 5 polos,,,,,,,IP 67,"PVDF, PBT, TPU",,,"{""Conexión a proceso"": ""G 2 A PN 6"", ""Temperatura de proceso"": ""–25 °C ... +70 °C"", ""Presión de proceso"": ""0 bares ... 6 bares"", ""Distancia de detección límite"": ""350 mm ... 8.000 mm (Para 6 bares rel.)""}",product_name;sensing_range_min_mm;sensing_range_max_mm
6041659,UP56-212118,UP56,UP56-212,product,Sensores de fluidos (Fluid sensors),F,F-124,123,1,,Sensores de nivel,,85,350,,,,,,,,,,1 PNP + 4 mA ... 20 mA / 0 V ... 10 V,,1 conector circular M12 de 5 polos,,,,,,,IP 67,"Acero inoxidable 1.4571, PBT, TPU",,,"{""Conexión a proceso"": ""G 1 A PN 6"", ""Temperatura de proceso"": ""–25 °C ... +70 °C"", ""Presión de proceso"": ""0 bares ... 6 bares"", ""Distancia de detección límite"": ""85 mm ... 1.500 mm (Para 6 bares rel.)""}",product_name;sensing_range_min_mm;sensing_range_max_mm
6041660,UP56-213118,UP56,UP56-213,product,Sensores de fluidos (Fluid sensors),F,F-124,123,1,,Sensores de nivel,,200,1300,,,,,,,,,,1 PNP + 4 mA ... 20 mA / 0 V ... 10 V,,1 conector circular M12 de 5 polos,,,,,,,IP 67,"Acero inoxidable 1.4571, PBT, TPU",,,"{""Conexión a proceso"": ""G 1 A PN 6"", ""Temperatura de proceso"": ""–25 °C ... +70 °C"", ""Presión de proceso"": ""0 bares ... 6 bares"", ""Distancia de detección límite"": ""200 mm ... 5.000 mm (Para 6 bares rel.)""}",product_name;sensing_range_min_mm;sensing_range_max_mm
6041662,UP56-212112,UP56,UP56-212,product,Sensores de fluidos (Fluid sensors),F,F-124,123,1,,Sensores de nivel,,85,350,,,,,,,,,,2 PNP,,1 conector circular M12 de 5 polos,,,,,,,IP 67,"Acero inoxidable 1.4571, PBT, TPU",,,"{""Conexión a proceso"": ""G 1 A PN 6"", ""Temperatura de proceso"": ""–25 °C ... +70 °C"", ""Presión de proceso"": ""0 bares ... 6 bares"", ""Distancia de detección límite"": ""85 mm ... 1.500 mm (Para 6 bares rel.)""}",product_name;sensing_range_min_mm;sensing_range_max_mm
6041663,UP56-213112,UP56,UP56-213,product,Sensores de fluidos (Fluid sensors),F,F-124,123,1,,Sensores de nivel,,200,1300,,,,,,,,,,2 PNP,,1 conector circular M12 de 5 polos,,,,,,,IP 67,"Acero inoxidable 1.4571, PBT, TPU",,,"{""Conexión a proceso"": ""G 1 A PN 6"", ""Temperatura de proceso"": ""–25 °C ... +70 °C"", ""Presión de proceso"": ""0 bares ... 6 bares"", ""Distancia de detección límite"": ""200 mm ... 5.000 mm (Para 6 bares rel.)""}",product_name;sensing_range_min_mm;sensing_range_max_mm
6041665,UP56-212114,UP56,UP56-212,product,Sensores de fluidos (Fluid sensors),F,F-124,123,1,,Sensores de nivel,,85,350,,,,,,,,,,2 NPN,,1 conector circular M12 de 5 polos,,,,,,,IP 67,"Acero inoxidable 1.4571, PBT, TPU",,,"{""Conexión a proceso"": ""G 1 A PN 6"", ""Temperatura de proceso"": ""–25 °C ... +70 °C"", ""Presión de proceso"": ""0 bares ... 6 bares"", ""Distancia de detección límite"": ""85 mm ... 1.500 mm (Para 6 bares rel.)""}",product_name;sensing_range_min_mm;sensing_range_max_mm
6041666,UP56-213114,UP56,UP56-213,product,Sensores de fluidos (Fluid sensors),F,F-124,123,1,,Sensores de nivel,,200,1300,,,,,,,,,,2 NPN,,1 conector circular M12 de 5 polos,,,,,,,IP 67,"Acero inoxidable 1.4571, PBT, TPU",,,"{""Conexión a proceso"": ""G 1 A PN 6"", ""Temperatura de proceso"": ""–25 °C ... +70 °C"", ""Presión de proceso"": ""0 bares ... 6 bares"", ""Distancia de detección límite"": ""200 mm ... 5.000 mm (Para 6 bares rel.)""}",product_name;sensing_range_min_mm;sensing_range_max_mm
6041693,UP56-214118,UP56,UP56-214,product,Sensores de fluidos (Fluid sensors),F,F-124,123,1,,Sensores de nivel,,350,3400,,,,,,,,,,1 PNP + 4 mA ... 20 mA / 0 V ... 10 V,,1 conector circular M12 de 5 polos,,,,,,,IP 67,"Acero inoxidable 1.4571, PBT, TPU",,,"{""Conexión a proceso"": ""G 2 A PN 6"", ""Temperatura de proceso"": ""–25 °C ... +70 °C"", ""Presión de proceso"": ""0 bares ... 6 bares"", ""Distancia de detección límite"": ""350 mm ... 8.000 mm (Para 6 bares rel.)""}",product_name;sensing_range_min_mm;sensing_range_max_mm
6041694,UP56-214114,UP56,UP56-214,product,Sensores de fluidos (Fluid sensors),F,F-124,123,1,,Sensores de nivel,,350,3400,,,,,,,,,,2 NPN,,1 conector circular M12 de 5 polos,,,,,,,IP 67,"Acero inoxidable 1.4571, PBT, TPU",,,"{""Conexión a proceso"": ""G 2 A PN 6"", ""Temperatura de proceso"": ""–25 °C ... +70 °C"", ""Presión de proceso"": ""0 bares ... 6 bares"", ""Distancia de detección límite"": ""350 mm ... 8.000 mm (Para 6 bares rel.)""}",product_name;sensing_range_min_mm;sensing_range_max_mm
6041695,UP56-214112,UP56,UP56-214,product,Sensores de fluidos (Fluid sensors),F,F-124,123,1,,Sensores de nivel,,350,3400,,,,,,,,,,2 PNP,,1 conector circular M12 de 5 polos,,,,,,,IP 67,"Acero inoxidable 1.4571, PBT, TPU",,,"{""Conexión a proceso"": ""G 2 A PN 6"", ""Temperatura de proceso"": ""–25 °C ... +70 °C"", ""Presión de proceso"": ""0 bares ... 6 bares"", ""Distancia de detección límite"": ""350 mm ... 8.000 mm (Para 6 bares rel.)""}",product_name;sensing_range_min_mm;sensing_range_max_mm
4063263,BEF-FL-316G20-UP56,UP56,,accessory,Sensores de fluidos (Fluid sensors),F,F-125,124,1,,,,,,,,,,,,,,,,,,,,,,,,,,,"Racor de soldadura/pieza de soldadura, conexión de proceso G 2. acero inoxidable 1.4404","{""Grupo"": ""Brida""}",other_specs
4064295,BEF-FL-316G10-UP56,UP56,,accessory,Sensores de fluidos (Fluid sensors),F,F-125,124,1,,,,,,,,,,,,,,,,,,,,,,,,,,,"Brida de soldadura, conexión de proceso G 1, acero inoxidable 1.4404","{""Grupo"": ""Brida""}",other_specs
6037782,Adaptador Connect+ (CPA),UP56,,accessory,Sensores de fluidos (Fluid sensors),F,F-125,124,2,H-167,,,,,9,30,,,,,,,,,,,,,,,,,,,,"Herramienta para visualizar, parametrizar y clonar, indicador LED de 3 dígitos, tensión de servicio: 9 V ... 30 V CC","{""Grupo"": ""Herramientas para programación y configuración""}",other_specs
1052237,MHF15-21NG1PSM,MHF15,,product,Sensores de fluidos (Fluid sensors),F,F-126,125,1,,Sensores de nivel,www.mysick.com/es/MHF15,,,,,,,,-25,55,,,1 PNP,,1 conector circular M12 de 4 polos,,,,,,,"IP 67: EN 60529, IP 69K: EN 40050",acero inoxidable 1.4404,,,"{""Conexión a proceso"": ""G ½"", ""Presión de proceso"": ""–0,5 bares ... 16 bares"", ""Tipo de conmutación"": ""Normalmente cerrado""}",product_name;switching_output
1052272,MHF15-21NG1NSM,MHF15,,product,Sensores de fluidos (Fluid sensors),F,F-126,125,1,,Sensores de nivel,www.mysick.com/es/MHF15,,,,,,,,-25,55,,,1x NPN,,1 conector circular M12 de 4 polos,,,,,,,"IP 67: EN 60529, IP 69K: EN 40050",acero inoxidable 1.4404,,,"{""Conexión a proceso"": ""G ½"", ""Presión de proceso"": ""–0,5 bares ... 16 bares"", ""Tipo de conmutación"": ""Normalmente cerrado""}",product_name;switching_output
1052273,MHF15-21NG1HSM,MHF15,,product,Sensores de fluidos (Fluid sensors),F,F-126,125,1,,Sensores de nivel,www.mysick.com/es/MHF15,,,,,,,,-25,55,,,1 PNP,,1 conector circular M12 de 4 polos,,,,,,,"IP 67: EN 60529, IP 69K: EN 40050",acero inoxidable 1.4404,,,"{""Conexión a proceso"": ""G ½"", ""Presión de proceso"": ""–0,5 bares ... 16 bares"", ""Tipo de conmutación"": ""Normalmente abierto""}",product_name;switching_output
1052274,MHF15-21NG1TSM,MHF15,,product,Sensores de fluidos (Fluid sensors),F,F-126,125,1,,Sensores de nivel,www.mysick.com/es/MHF15,,,,,,,,-25,55,,,1x NPN,,1 conector circular M12 de 4 polos,,,,,,,"IP 67: EN 60529, IP 69K: EN 40050",acero inoxidable 1.4404,,,"{""Conexión a proceso"": ""G ½"", ""Presión de proceso"": ""–0,5 bares ... 16 bares"", ""Tipo de conmutación"": ""Normalmente abierto""}",product_name;switching_output
4065669,BEF-FL-316G12-LMH1,MHF15,,accessory,Sensores de fluidos (Fluid sensors),F,F-126,125,1,,,,,,,,,,,,,,,,,,,,,,,,,,,"Brida de soldadura G1/2, acero inoxidable V4A (1.4404, 316L)",,
6038847,PBS-RB1X0SG1SSNAMA0Z,PBS,,product,Sensores de fluidos (Fluid sensors),F,F-127,126,1,,Sensor de presión electrónico con pantalla,www.mysick.com/es/PBS,,,,,,,,-20,85,,,2 PNP,,"1 conector cilíndrico M12 de 4 polos, IP 67",,,,,,,IP 67,,,,"{""Tipo de presión"": ""relativa"", ""Precisión"": ""≤ ± 1% del margen"", ""Orificio del canal"": ""estándar"", ""Conexión a proceso"": ""G ¼ A según DIN 3852-E"", ""Junta"": ""NBR"", ""Campo de medición"": ""0 bares ... 1 bar""}",product_name;operating_temp_min_c;operating_temp_max_c;Tipo de presión
6038862,PBS-RB010SG1SSNAMA0Z,PBS,,product,Sensores de fluidos (Fluid sensors),F,F-127,126,1,,Sensor de presión electrónico con pantalla,www.mysick.com/es/PBS,,,,,,,,-20,85,,,2 PNP,,"1 conector cilíndrico M12 de 4 polos, IP 67",,,,,,,IP 67,,,,"{""Tipo de presión"": ""relativa"", ""Precisión"": ""≤ ± 1% del margen"", ""Orificio del canal"": ""estándar"", ""Conexión a proceso"": ""G ¼ A según DIN 3852-E"", ""Junta"": ""NBR"", ""Campo de medición"": ""0 bares ... 10 bares""}",product_name;operating_temp_min_c;operating_temp_max_c;Tipo de presión
6038865,PBS-RB100SG1SSNAMA0Z,PBS,,product,Sensores de fluidos (Fluid sensors),F,F-127,126,1,,Sensor de presión electrónico con pantalla,www.mysick.com/es/PBS,,,,,,,,-20,85,,,2 PNP,,"1 conector cilíndrico M12 de 4 polos, IP 67",,,,,,,IP 67,,,,"{""Tipo de presión"": ""relativa"", ""Precisión"": ""≤ ± 1% del margen"", ""Orificio del canal"": ""estándar"", ""Conexión a proceso"": ""G ¼ A según DIN 3852-E"", ""Junta"": ""NBR"", ""Campo de medición"": ""0 bares ... 100 bares""}",product_name;operating_temp_min_c;operating_temp_max_c;Tipo de presión
6038866,PBS-RB250SG1SSNAMA0Z,PBS,,product,Sensores de fluidos (Fluid sensors),F,F-127,126,1,,Sensor de presión electrónico con pantalla,www.mysick.com/es/PBS,,,,,,,,-20,85,,,2 PNP,,"1 conector cilíndrico M12 de 4 polos, IP 67",,,,,,,IP 67,,,,"{""Tipo de presión"": ""relativa"", ""Precisión"": ""≤ ± 1% del margen"", ""Orificio del canal"": ""estándar"", ""Conexión a proceso"": ""G ¼ A según DIN 3852-E"", ""Junta"": ""NBR"", ""Campo de medición"": ""0 bares ... 250 bares""}",product_name;operating_temp_min_c;operating_temp_max_c;Tipo de presión
6038867,PBS-RB600SG1SSNAMA0Z,PBS,,product,Sensores de fluidos (Fluid sensors),F,F-127,126,1,,Sensor de presión electrónico con pantalla,www.mysick.com/es/PBS,,,,,,,,-20,85,,,2 PNP,,"1 conector cilíndrico M12 de 4 polos, IP 67",,,,,,,IP 67,,,,"{""Tipo de presión"": ""relativa"", ""Precisión"": ""≤ ± 1% del margen"", ""Orificio del canal"": ""estándar"", ""Conexión a proceso"": ""G ¼ A según DIN 3852-E"", ""Junta"": ""NBR"", ""Campo de medición"": ""0 bares ... 600 bares""}",product_name;operating_temp_min_c;operating_temp_max_c;Tipo de presión
6039110,PBS-RB010SG2SS0AMA0Z,PBS,,product,Sensores de fluidos (Fluid sensors),F,F-127,126,1,,Sensor de presión electrónico con pantalla,www.mysick.com/es/PBS,,,,,,,,-20,85,,,2 PNP,,"1 conector cilíndrico M12 de 4 polos, IP 67",,,,,,,IP 67,,,,"{""Tipo de presión"": ""relativa"", ""Precisión"": ""≤ ± 1% del margen"", ""Orificio del canal"": ""estándar"", ""Conexión a proceso"": ""G ¼ interior"", ""Junta"": ""Sin junta"", ""Campo de medición"": ""0 bares ... 10 bares""}",product_name;operating_temp_min_c;operating_temp_max_c;Tipo de presión
6039495,PBS-RB400SG2SS0AMA0Z,PBS,,product,Sensores de fluidos (Fluid sensors),F,F-127,126,1,,Sensor de presión electrónico con pantalla,www.mysick.com/es/PBS,,,,,,,,-20,85,,,2 PNP,,"1 conector cilíndrico M12 de 4 polos, IP 67",,,,,,,IP 67,,,,"{""Tipo de presión"": ""relativa"", ""Precisión"": ""≤ ± 1% del margen"", ""Orificio del canal"": ""estándar"", ""Conexión a proceso"": ""G ¼ interior"", ""Junta"": ""Sin junta"", ""Campo de medición"": ""0 bares ... 400 bares""}",product_name;operating_temp_min_c;operating_temp_max_c;Tipo de presión
6039614,PBS-RB100SG2SS0AMA0Z,PBS,,product,Sensores de fluidos (Fluid sensors),F,F-127,126,1,,Sensor de presión electrónico con pantalla,www.mysick.com/es/PBS,,,,,,,,-20,85,,,2 PNP,,"1 conector cilíndrico M12 de 4 polos, IP 67",,,,,,,IP 67,,,,"{""Tipo de presión"": ""relativa"", ""Precisión"": ""≤ ± 1% del margen"", ""Orificio del canal"": ""estándar"", ""Conexión a proceso"": ""G ¼ interior"", ""Junta"": ""Sin junta"", ""Campo de medición"": ""0 bares ... 100 bares""}",product_name;operating_temp_min_c;operating_temp_max_c;Tipo de presión
6039615,PBS-RB250SG2SS0AMA0Z,PBS,,product,Sensores de fluidos (Fluid sensors),F,F-127,126,1,,Sensor de presión electrónico con pantalla,www.mysick.com/es/PBS,,,,,,,,-20,85,,,2 PNP,,"1 conector cilíndrico M12 de 4 polos, IP 67",,,,,,,IP 67,,,,"{""Tipo de presión"": ""relativa"", ""Precisión"": ""≤ ± 1% del margen"", ""Orificio del canal"": ""estándar"", ""Conexión a proceso"": ""G ¼ interior"", ""Junta"": ""Sin junta"", ""Campo de medición"": ""0 bares ... 250 bares""}",product_name;operating_temp_min_c;operating_temp_max_c;Tipo de presión
6041099,PBS-RB400SG1SSNAMA0Z,PBS,,product,Sensores de fluidos (Fluid sensors),F,F-127,126,1,,Sensor de presión electrónico con pantalla,www.mysick.com/es/PBS,,,,,,,,-20,85,,,2 PNP,,"1 conector cilíndrico M12 de 4 polos, IP 67",,,,,,,IP 67,,,,"{""Tipo de presión"": ""relativa"", ""Precisión"": ""≤ ± 1% del margen"", ""Orificio del canal"": ""estándar"", ""Conexión a proceso"": ""G ¼ A según DIN 3852-E"", ""Junta"": ""NBR"", ""Campo de medición"": ""0 bares ... 400 bares""}",product_name;operating_temp_min_c;operating_temp_max_c;Tipo de presión
6041551,PBS-RB600SG2SS0AMA0Z,PBS,,product,Sensores de fluidos (Fluid sensors),F,F-127,126,1,,Sensor de presión electrónico con pantalla,www.mysick.com/es/PBS,,,,,,,,-20,85,,,2 PNP,,"1 conector cilíndrico M12 de 4 polos, IP 67",,,,,,,IP 67,,,,"{""Tipo de presión"": ""relativa"", ""Precisión"": ""≤ ± 1% del margen"", ""Orificio del canal"": ""estándar"", ""Conexión a proceso"": ""G ¼ interior"", ""Junta"": ""Sin junta"", ""Campo de medición"": ""0 bares ... 600 bares""}",product_name;operating_temp_min_c;operating_temp_max_c;Tipo de presión
6041777,PBS-RB1X0SG2SS0AMA0Z,PBS,,product,Sensores de fluidos (Fluid sensors),F,F-127,126,1,,Sensor de presión electrónico con pantalla,www.mysick.com/es/PBS,,,,,,,,-20,85,,,2 PNP,,"1 conector cilíndrico M12 de 4 polos, IP 67",,,,,,,IP 67,,,,"{""Tipo de presión"": ""relativa"", ""Precisión"": ""≤ ± 1% del margen"", ""Orificio del canal"": ""estándar"", ""Conexión a proceso"": ""G ¼ interior"", ""Junta"": ""Sin junta"", ""Campo de medición"": ""0 bares ... 1 bar""}",product_name;operating_temp_min_c;operating_temp_max_c;Tipo de presión
5322501,BEF-FL-ALUPBS-HLDR,PBS,,accessory,Sensores de fluidos (Fluid sensors),F,F-128,127,1,,,,,,,,,,,,,,,,,,,,,,,,,,,"Escuadra de fijación para montaje sencillo y estable en la pared, para sensores de presión con hexágono de 27 mm, aluminio",,
6038678,PBS-RB010SG1SSND5A0Z,PBS,,product,Sensores de fluidos (Fluid sensors),F,F-128,127,1,,,,,,,,,,,,,,,,,1 conector circular M12 de 5 polos,,,,,,,IP 67,,,,"{""Señal de salida"": ""2 PNP + 4 mA ... 20 mA"", ""Conexión a proceso"": ""G ¼ A según DIN 3852-E"", ""Junta"": ""NBR"", ""Campo de medición"": ""0 bares ... 10 bares""}",
6038885,PBS-RB1X0SG1SSNBMA0Z,PBS,,product,Sensores de fluidos (Fluid sensors),F,F-128,127,1,,,,,,,,,,,,,,,,,1 conector cilíndrico M12 de 4 polos,,,,,,,IP 67,,,,"{""Señal de salida"": ""1 PNP + 4 mA ... 20 mA"", ""Conexión a proceso"": ""G ¼ A según DIN 3852-E"", ""Junta"": ""NBR"", ""Campo de medición"": ""0 bares ... 1 bar""}",
6038888,PBS-RB010SG1SSNBMA0Z,PBS,,product,Sensores de fluidos (Fluid sensors),F,F-128,127,1,,,,,,,,,,,,,,,,,1 conector cilíndrico M12 de 4 polos,,,,,,,IP 67,,,,"{""Señal de salida"": ""1 PNP + 4 mA ... 20 mA"", ""Conexión a proceso"": ""G ¼ A según DIN 3852-E"", ""Junta"": ""NBR"", ""Campo de medición"": ""0 bares ... 10 bares""}",
6038891,PBS-RB100SG1SSNBMA0Z,PBS,,product,Sensores de fluidos (Fluid sensors),F,F-128,127,1,,,,,,,,,,,,,,,,,1 conector cilíndrico M12 de 4 polos,,,,,,,IP 67,,,,"{""Señal de salida"": ""1 PNP + 4 mA ... 20 mA"", ""Conexión a proceso"": ""G ¼ A según DIN 3852-E"", ""Junta"": ""NBR"", ""Campo de medición"": ""0 bares ... 100 bares""}",
6038892,PBS-RB250SG1SSNBMA0Z,PBS,,product,Sensores de fluidos (Fluid sensors),F,F-128,127,1,,,,,,,,,,,,,,,,,1 conector cilíndrico M12 de 4 polos,,,,,,,IP 67,,,,"{""Señal de salida"": ""1 PNP + 4 mA ... 20 mA"", ""Conexión a proceso"": ""G ¼ A según DIN 3852-E"", ""Junta"": ""NBR"", ""Campo de medición"": ""0 bares ... 250 bares""}",
6038893,PBS-RB600SG1SSNBMA0Z,PBS,,product,Sensores de fluidos (Fluid sensors),F,F-128,127,1,,,,,,,,,,,,,,,,,1 conector cilíndrico M12 de 4 polos,,,,,,,IP 67,,,,"{""Señal de salida"": ""1 PNP + 4 mA ... 20 mA"", ""Conexión a proceso"": ""G ¼ A según DIN 3852-E"", ""Junta"": ""NBR"", ""Campo de medición"": ""0 bares ... 600 bares""}",
6038912,PBS-RB1X0SG1SSND5A0Z,PBS,,product,Sensores de fluidos (Fluid sensors),F,F-128,127,1,,,,,,,,,,,,,,,,,1 conector circular M12 de 5 polos,,,,,,,IP 67,,,,"{""Señal de salida"": ""2 PNP + 4 mA ... 20 mA"", ""Conexión a proceso"": ""G ¼ A según DIN 3852-E"", ""Junta"": ""NBR"", ""Campo de medición"": ""0 bares ... 1 bar""}",
6038917,PBS-RB100SG1SSND5A0Z,PBS,,product,Sensores de fluidos (Fluid sensors),F,F-128,127,1,,,,,,,,,,,,,,,,,1 conector circular M12 de 5 polos,,,,,,,IP 67,,,,"{""Señal de salida"": ""2 PNP + 4 mA ... 20 mA"", ""Conexión a proceso"": ""G ¼ A según DIN 3852-E"", ""Junta"": ""NBR"", ""Campo de medición"": ""0 bares ... 100 bares""}",
6038918,PBS-RB250SG1SSND5A0Z,PBS,,product,Sensores de fluidos (Fluid sensors),F,F-128,127,1,,,,,,,,,,,,,,,,,1 conector circular M12 de 5 polos,,,,,,,IP 67,,,,"{""Señal de salida"": ""2 PNP + 4 mA ... 20 mA"", ""Conexión a proceso"": ""G ¼ A según DIN 3852-E"", ""Junta"": ""NBR"", ""Campo de medición"": ""0 bares ... 250 bares""}",
6038920,PBS-RB600SG1SSND5A0Z,PBS,,product,Sensores de fluidos (Fluid sensors),F,F-128,127,1,,,,,,,,,,,,,,,,,1 conector circular M12 de 5 polos,,,,,,,IP 67,,,,"{""Señal de salida"": ""2 PNP + 4 mA ... 20 mA"", ""Conexión a proceso"": ""G ¼ A según DIN 3852-E"", ""Junta"": ""NBR"", ""Campo de medición"": ""0 bares ... 600 bares""}",
6039121,PBS-RB010SG2SS0BMA0Z,PBS,,product,Sensores de fluidos (Fluid sensors),F,F-128,127,1,,,,,,,,,,,,,,,,,1 conector cilíndrico M12 de 4 polos,,,,,,,IP 67,,,,"{""Señal de salida"": ""1 PNP + 4 mA ... 20 mA"", ""Conexión a proceso"": ""G ¼ interior"", ""Junta"": ""Sin junta"", ""Campo de medición"": ""0 bares ... 10 bares""}",
6039728,IOLSHPB-P3104R01,PBS,,accessory,Sensores de fluidos (Fluid sensors),F,F-128,127,2,F-119,,,,,,,,,,,,,,,,,,,,,,,,,,"Número de puertos IO-Link: 4; modo de comunicación: COM1/COM2/COM3; entrada conmutada: PNP; tensión de alimentación Uv: CC 24 V; velocidad de transmisión de datos: máx. 12 MBd, Autobaud; asignación de espacio de dirección: 1 a 126; tipo de conexión: conector M12; tipo de conexión, puertos IO-Link: conector M12, 5 polos; tensión de alimentación Uv, módulo: CC 18 ... 30 V; consumo de corriente: típ. 75 mA ∕ máx. 100 mA (en UL con CC 24 V), típ. 25 mA + corriente del sensor ∕ máx. 800 mA (en Us con CC 24 V)","{""Número de puertos IO-Link"": ""4"", ""tensión de alimentación Uv, módulo"": ""CC 18 ... 30 V""}",
6041019,PBS-RB400SG2SS0BMA0Z,PBS,,product,Sensores de fluidos (Fluid sensors),F,F-128,127,1,,,,,,,,,,,,,,,,,1 conector cilíndrico M12 de 4 polos,,,,,,,IP 67,,,,"{""Señal de salida"": ""1 PNP + 4 mA ... 20 mA"", ""Conexión a proceso"": ""G ¼ interior"", ""Junta"": ""Sin junta"", ""Campo de medición"": ""0 bares ... 400 bares""}",
6041053,PBS-RB250SG2SS0BMA0Z,PBS,,product,Sensores de fluidos (Fluid sensors),F,F-128,127,1,,,,,,,,,,,,,,,,,1 conector cilíndrico M12 de 4 polos,,,,,,,IP 67,,,,"{""Señal de salida"": ""1 PNP + 4 mA ... 20 mA"", ""Conexión a proceso"": ""G ¼ interior"", ""Junta"": ""Sin junta"", ""Campo de medición"": ""250 bares""}",
6041279,PBS-RB1X0SG2SS0BMA0Z,PBS,,product,Sensores de fluidos (Fluid sensors),F,F-128,127,1,,,,,,,,,,,,,,,,,1 conector cilíndrico M12 de 4 polos,,,,,,,IP 67,,,,"{""Señal de salida"": ""1 PNP + 4 mA ... 20 mA"", ""Conexión a proceso"": ""G ¼ interior"", ""Junta"": ""Sin junta"", ""Campo de medición"": ""0 bares ... 1 bar""}",
6041615,PBS-RB100SG2SS0BMA0Z,PBS,,product,Sensores de fluidos (Fluid sensors),F,F-128,127,1,,,,,,,,,,,,,,,,,1 conector cilíndrico M12 de 4 polos,,,,,,,IP 67,,,,"{""Señal de salida"": ""1 PNP + 4 mA ... 20 mA"", ""Conexión a proceso"": ""G ¼ interior"", ""Junta"": ""Sin junta"", ""Campo de medición"": ""0 bares ... 100 bares""}",
6041724,PBS-RB400SG1SSNBMA0Z,PBS,,product,Sensores de fluidos (Fluid sensors),F,F-128,127,1,,,,,,,,,,,,,,,,,1 conector cilíndrico M12 de 4 polos,,,,,,,IP 67,,,,"{""Señal de salida"": ""1 PNP + 4 mA ... 20 mA"", ""Conexión a proceso"": ""G ¼ A según DIN 3852-E"", ""Junta"": ""NBR"", ""Campo de medición"": ""0 bares ... 400 bares""}",
6042402,PBS-RB400SG1SSND5A0Z,PBS,,product,Sensores de fluidos (Fluid sensors),F,F-128,127,1,,,,,,,,,,,,,,,,,1 conector circular M12 de 5 polos,,,,,,,IP 67,,,,"{""Señal de salida"": ""2 PNP + 4 mA ... 20 mA"", ""Conexión a proceso"": ""G ¼ A según DIN 3852-E"", ""Junta"": ""NBR"", ""Campo de medición"": ""0 bares ... 400 bares""}",
6044103,PBS-RB600SG2SS0BMA0Z,PBS,,product,Sensores de fluidos (Fluid sensors),F,F-128,127,1,,,,,,,,,,,,,,,,,1 conector cilíndrico M12 de 4 polos,,,,,,,IP 67,,,,"{""Señal de salida"": ""1 PNP + 4 mA ... 20 mA"", ""Conexión a proceso"": ""G ¼ interior"", ""Junta"": ""Sin junta"", ""Campo de medición"": ""0 bares ... 600 bares""}",
6038615,PBT-RB010SG1SSNAMA0Z,PBT,,product,Sensores de fluidos (Fluid sensors),F,F-130,129,1,,Presión relativa,www.mysick.com/es/PBT,,,,,,,,,,,,,,"1 conector cilíndrico M12 de 4 polos, IP 67",,,,,,,IP 67,,,,"{""Señal de salida"": ""4 mA ... 20 mA"", ""Conexión a proceso"": ""G ¼ A según DIN 3852-E"", ""Junta"": ""NBR"", ""Campo de medición"": ""0 bares ... 10 bares"", ""Temperatura de proceso"": ""0 °C ... +80 °C"", ""Precisión"": ""≤ ± 1% del margen"", ""Orificio del canal"": ""estándar""}",product_name
6038648,PBT-RB100SG1SSNAMA0Z,PBT,,product,Sensores de fluidos (Fluid sensors),F,F-130,129,1,,Presión relativa,www.mysick.com/es/PBT,,,,,,,,,,,,,,"1 conector cilíndrico M12 de 4 polos, IP 67",,,,,,,IP 67,,,,"{""Señal de salida"": ""4 mA ... 20 mA"", ""Conexión a proceso"": ""G ¼ A según DIN 3852-E"", ""Junta"": ""NBR"", ""Campo de medición"": ""0 bares ... 100 bares"", ""Temperatura de proceso"": ""0 °C ... +80 °C"", ""Precisión"": ""≤ ± 1% del margen"", ""Orificio del canal"": ""estándar""}",product_name
6038652,PBT-RB250SG1SSNAMA0Z,PBT,,product,Sensores de fluidos (Fluid sensors),F,F-130,129,1,,Presión relativa,www.mysick.com/es/PBT,,,,,,,,,,,,,,"1 conector cilíndrico M12 de 4 polos, IP 67",,,,,,,IP 67,,,,"{""Señal de salida"": ""4 mA ... 20 mA"", ""Conexión a proceso"": ""G ¼ A según DIN 3852-E"", ""Junta"": ""NBR"", ""Campo de medición"": ""0 bares ... 250 bares"", ""Temperatura de proceso"": ""0 °C ... +80 °C"", ""Precisión"": ""≤ ± 1% del margen"", ""Orificio del canal"": ""estándar""}",product_name
6038656,PBT-RB400SG1SSNAMA0Z,PBT,,product,Sensores de fluidos (Fluid sensors),F,F-130,129,1,,Presión relativa,www.mysick.com/es/PBT,,,,,,,,,,,,,,"1 conector cilíndrico M12 de 4 polos, IP 67",,,,,,,IP 67,,,,"{""Señal de salida"": ""4 mA ... 20 mA"", ""Conexión a proceso"": ""G ¼ A según DIN 3852-E"", ""Junta"": ""NBR"", ""Campo de medición"": ""0 bares ... 400 bares"", ""Temperatura de proceso"": ""0 °C ... +80 °C"", ""Precisión"": ""≤ ± 1% del margen"", ""Orificio del canal"": ""estándar""}",product_name
6038660,PBT-RB600SG1SSNAMA0Z,PBT,,product,Sensores de fluidos (Fluid sensors),F,F-130,129,1,,Presión relativa,www.mysick.com/es/PBT,,,,,,,,,,,,,,"1 conector cilíndrico M12 de 4 polos, IP 67",,,,,,,IP 67,,,,"{""Señal de salida"": ""4 mA ... 20 mA"", ""Conexión a proceso"": ""G ¼ A según DIN 3852-E"", ""Junta"": ""NBR"", ""Campo de medición"": ""0 bares ... 600 bares"", ""Temperatura de proceso"": ""0 °C ... +80 °C"", ""Precisión"": ""≤ ± 1% del margen"", ""Orificio del canal"": ""estándar""}",product_name
6038716,PBT-RB1X0SG1SSNAMA0Z,PBT,,product,Sensores de fluidos (Fluid sensors),F,F-130,129,1,,Presión relativa,www.mysick.com/es/PBT,,,,,,,,,,,,,,"1 conector cilíndrico M12 de 4 polos, IP 67",,,,,,,IP 67,,,,"{""Señal de salida"": ""4 mA ... 20 mA"", ""Conexión a proceso"": ""G ¼ A según DIN 3852-E"", ""Junta"": ""NBR"", ""Campo de medición"": ""0 bares ... 1 bar"", ""Temperatura de proceso"": ""0 °C ... +80 °C"", ""Precisión"": ""≤ ± 1% del margen"", ""Orificio del canal"": ""estándar""}",product_name
6039256,PBT-RB010SN1SS0AMA0Z,PBT,,product,Sensores de fluidos (Fluid sensors),F,F-130,129,1,,Presión relativa,www.mysick.com/es/PBT,,,,,,,,,,,,,,"1 conector cilíndrico M12 de 4 polos, IP 67",,,,,,,IP 67,,,,"{""Señal de salida"": ""4 mA ... 20 mA"", ""Conexión a proceso"": ""¼\"" NPT"", ""Junta"": ""Sin junta"", ""Campo de medición"": ""0 bares ... 10 bares"", ""Temperatura de proceso"": ""0 °C ... +80 °C"", ""Precisión"": ""≤ ± 1% del margen"", ""Orificio del canal"": ""estándar""}",product_name
6040974,PBT-RB010SG1SSNALA0Z,PBT,,product,Sensores de fluidos (Fluid sensors),F,F-130,129,1,,Presión relativa,www.mysick.com/es/PBT,,,,,,,,,,,,,,"Conector acodado (DIN EN 175301-803 A), IP 65",,,,,,,IP 65,,,,"{""Señal de salida"": ""4 mA ... 20 mA"", ""Conexión a proceso"": ""G ¼ A según DIN 3852-E"", ""Junta"": ""NBR"", ""Campo de medición"": ""0 bares ... 10 bares"", ""Temperatura de proceso"": ""0 °C ... +80 °C"", ""Precisión"": ""≤ ± 1% del margen"", ""Orificio del canal"": ""estándar""}",product_name
6041438,PBT-RB250SG1SSNALA0Z,PBT,,product,Sensores de fluidos (Fluid sensors),F,F-130,129,1,,Presión relativa,www.mysick.com/es/PBT,,,,,,,,,,,,,,"Conector acodado (DIN EN 175301-803 A), IP 65",,,,,,,IP 65,,,,"{""Señal de salida"": ""4 mA ... 20 mA"", ""Conexión a proceso"": ""G ¼ A según DIN 3852-E"", ""Junta"": ""NBR"", ""Campo de medición"": ""0 bares ... 250 bares"", ""Temperatura de proceso"": ""0 °C ... +80 °C"", ""Precisión"": ""≤ ± 1% del margen"", ""Orificio del canal"": ""estándar""}",product_name
6041553,PBT-RB400SG1SSNALA0Z,PBT,,product,Sensores de fluidos (Fluid sensors),F,F-130,129,1,,Presión relativa,www.mysick.com/es/PBT,,,,,,,,,,,,,,"Conector acodado (DIN EN 175301-803 A), IP 65",,,,,,,IP 65,,,,"{""Señal de salida"": ""4 mA ... 20 mA"", ""Conexión a proceso"": ""G ¼ A según DIN 3852-E"", ""Junta"": ""NBR"", ""Campo de medición"": ""0 bares ... 400 bares"", ""Temperatura de proceso"": ""0 °C ... +80 °C"", ""Precisión"": ""≤ ± 1% del margen"", ""Orificio del canal"": ""estándar""}",product_name
6041998,PBT-RB1X0SG1SSNALA0Z,PBT,,product,Sensores de fluidos (Fluid sensors),F,F-130,129,1,,Presión relativa,www.mysick.com/es/PBT,,,,,,,,,,,,,,"Conector acodado (DIN EN 175301-803 A), IP 65",,,,,,,IP 65,,,,"{""Señal de salida"": ""4 mA ... 20 mA"", ""Conexión a proceso"": ""G ¼ A según DIN 3852-E"", ""Junta"": ""NBR"", ""Campo de medición"": ""0 bares ... 1 bar"", ""Temperatura de proceso"": ""0 °C ... +80 °C"", ""Precisión"": ""≤ ± 1% del margen"", ""Orificio del canal"": ""estándar""}",product_name
6041999,PBT-RB100SG1SSNALA0Z,PBT,,product,Sensores de fluidos (Fluid sensors),F,F-130,129,1,,Presión relativa,www.mysick.com/es/PBT,,,,,,,,,,,,,,"Conector acodado (DIN EN 175301-803 A), IP 65",,,,,,,IP 65,,,,"{""Señal de salida"": ""4 mA ... 20 mA"", ""Conexión a proceso"": ""G ¼ A según DIN 3852-E"", ""Junta"": ""NBR"", ""Campo de medición"": ""0 bares ... 100 bares"", ""Temperatura de proceso"": ""0 °C ... +80 °C"", ""Precisión"": ""≤ ± 1% del margen"", ""Orificio del canal"": ""estándar""}",product_name
6042006,PBT-RB100SN1SS0AMA0Z,PBT,,product,Sensores de fluidos (Fluid sensors),F,F-130,129,1,,Presión relativa,www.mysick.com/es/PBT,,,,,,,,,,,,,,"1 conector cilíndrico M12 de 4 polos, IP 67",,,,,,,IP 67,,,,"{""Señal de salida"": ""4 mA ... 20 mA"", ""Conexión a proceso"": ""¼\"" NPT"", ""Junta"": ""Sin junta"", ""Campo de medición"": ""0 bares ... 100 bares"", ""Temperatura de proceso"": ""0 °C ... +80 °C"", ""Precisión"": ""≤ ± 1% del margen"", ""Orificio del canal"": ""estándar""}",product_name
6042070,PBT-RB400SN1SS0AMA0Z,PBT,,product,Sensores de fluidos (Fluid sensors),F,F-130,129,1,,Presión relativa,www.mysick.com/es/PBT,,,,,,,,,,,,,,"1 conector cilíndrico M12 de 4 polos, IP 67",,,,,,,IP 67,,,,"{""Señal de salida"": ""4 mA ... 20 mA"", ""Conexión a proceso"": ""¼\"" NPT"", ""Junta"": ""Sin junta"", ""Campo de medición"": ""0 bares ... 400 bares"", ""Temperatura de proceso"": ""0 °C ... +80 °C"", ""Precisión"": ""≤ ± 1% del margen"", ""Orificio del canal"": ""estándar""}",product_name
6042527,PBT-RB250SN1SS0AMA0Z,PBT,,product,Sensores de fluidos (Fluid sensors),F,F-130,129,1,,Presión relativa,www.mysick.com/es/PBT,,,,,,,,,,,,,,"1 conector cilíndrico M12 de 4 polos, IP 67",,,,,,,IP 67,,,,"{""Señal de salida"": ""4 mA ... 20 mA"", ""Conexión a proceso"": ""¼\"" NPT"", ""Junta"": ""Sin junta"", ""Campo de medición"": ""0 bares ... 250 bares"", ""Temperatura de proceso"": ""0 °C ... +80 °C"", ""Precisión"": ""≤ ± 1% del margen"", ""Orificio del canal"": ""estándar""}",product_name
6043580,PBT-RB600SG1SSNALA0Z,PBT,,product,Sensores de fluidos (Fluid sensors),F,F-130,129,1,,Presión relativa,www.mysick.com/es/PBT,,,,,,,,,,,,,,"Conector acodado (DIN EN 175301-803 A), IP 65",,,,,,,IP 65,,,,"{""Señal de salida"": ""4 mA ... 20 mA"", ""Conexión a proceso"": ""G ¼ A según DIN 3852-E"", ""Junta"": ""NBR"", ""Campo de medición"": ""0 bares ... 600 bares"", ""Temperatura de proceso"": ""0 °C ... +80 °C"", ""Precisión"": ""≤ ± 1% del margen"", ""Orificio del canal"": ""estándar""}",product_name
6043720,PBT-RB1X0SN1SS0AMA0Z,PBT,,product,Sensores de fluidos (Fluid sensors),F,F-130,129,1,,Presión relativa,www.mysick.com/es/PBT,,,,,,,,,,,,,,"1 conector cilíndrico M12 de 4 polos, IP 67",,,,,,,IP 67,,,,"{""Señal de salida"": ""4 mA ... 20 mA"", ""Conexión a proceso"": ""¼\"" NPT"", ""Junta"": ""Sin junta"", ""Campo de medición"": ""0 bares ... 1 bar"", ""Temperatura de proceso"": ""0 °C ... +80 °C"", ""Precisión"": ""≤ ± 1% del margen"", ""Orificio del canal"": ""estándar""}",product_name
6044002,PBT-RB600SN1SS0AMA0Z,PBT,,product,Sensores de fluidos (Fluid sensors),F,F-130,129,1,,Presión relativa,www.mysick.com/es/PBT,,,,,,,,,,,,,,"1 conector cilíndrico M12 de 4 polos, IP 67",,,,,,,IP 67,,,,"{""Señal de salida"": ""4 mA ... 20 mA"", ""Conexión a proceso"": ""¼\"" NPT"", ""Junta"": ""Sin junta"", ""Campo de medición"": ""0 bares ... 600 bares"", ""Temperatura de proceso"": ""0 °C ... +80 °C"", ""Precisión"": ""≤ ± 1% del margen"", ""Orificio del canal"": ""estándar""}",product_name
6049654,PBT-RB600SG1SSNVLC0Z,PBT,,product,Sensores de fluidos (Fluid sensors),F,F-130,129,1,,Presión relativa,www.mysick.com/es/PBT,,,,,,,,,,,,,,"Conector acodado (DIN EN 175301-803 A), IP 65",,,,,,,IP 65,,,,"{""Señal de salida"": ""0 ... 10 V, 3 hilos (RA > 10 kΩ)"", ""Conexión a proceso"": ""G ¼ A según DIN 3852-E"", ""Junta"": ""NBR"", ""Campo de medición"": ""0 bares ... 600 bares"", ""Temperatura de proceso"": ""0 °C ... +80 °C"", ""Precisión"": ""≤ ± 1% del margen"", ""Orificio del canal"": ""estándar""}",product_name
6038627,PBT-RB1X0SG1SSNVMC0Z,PBT,,product,Sensores de fluidos (Fluid sensors),F,F-131,130,1,,,,,,,,,,,,,,,,,"1 conector cilíndrico M12 de 4 polos, IP 67",,,,,,,IP 67,,,,"{""Señal de salida"": ""0...10 V, cable de 3 hilos"", ""Conexión a proceso"": ""G ¼ A según DIN 3852-E"", ""Junta"": ""NBR"", ""Campo de medición"": ""0 bares ... 1 bar""}",enclosure_rating
6038638,PBT-RB010SG1SSNVMC0Z,PBT,,product,Sensores de fluidos (Fluid sensors),F,F-131,130,1,,,,,,,,,,,,,,,,,"1 conector cilíndrico M12 de 4 polos, IP 67",,,,,,,IP 67,,,,"{""Señal de salida"": ""0...10 V, cable de 3 hilos"", ""Conexión a proceso"": ""G ¼ A según DIN 3852-E"", ""Junta"": ""NBR"", ""Campo de medición"": ""0 bares ... 10 bares""}",enclosure_rating
6038650,PBT-RB100SG1SSNVMC0Z,PBT,,product,Sensores de fluidos (Fluid sensors),F,F-131,130,1,,,,,,,,,,,,,,,,,"1 conector cilíndrico M12 de 4 polos, IP 67",,,,,,,IP 67,,,,"{""Señal de salida"": ""0...10 V, cable de 3 hilos"", ""Conexión a proceso"": ""G ¼ A según DIN 3852-E"", ""Junta"": ""NBR"", ""Campo de medición"": ""0 bares ... 100 bares""}",enclosure_rating
6038654,PBT-RB250SG1SSNVMC0Z,PBT,,product,Sensores de fluidos (Fluid sensors),F,F-131,130,1,,,,,,,,,,,,,,,,,"1 conector cilíndrico M12 de 4 polos, IP 67",,,,,,,IP 67,,,,"{""Señal de salida"": ""0...10 V, cable de 3 hilos"", ""Conexión a proceso"": ""G ¼ A según DIN 3852-E"", ""Junta"": ""NBR"", ""Campo de medición"": ""0 bares ... 250 bares""}",enclosure_rating
6038658,PBT-RB400SG1SSNVMC0Z,PBT,,product,Sensores de fluidos (Fluid sensors),F,F-131,130,1,,,,,,,,,,,,,,,,,"1 conector cilíndrico M12 de 4 polos, IP 67",,,,,,,IP 67,,,,"{""Señal de salida"": ""0...10 V, cable de 3 hilos"", ""Conexión a proceso"": ""G ¼ A según DIN 3852-E"", ""Junta"": ""NBR"", ""Campo de medición"": ""0 bares ... 400 bares""}",enclosure_rating
6038662,PBT-RB600SG1SSNVMC0Z,PBT,,product,Sensores de fluidos (Fluid sensors),F,F-131,130,1,,,,,,,,,,,,,,,,,"1 conector cilíndrico M12 de 4 polos, IP 67",,,,,,,IP 67,,,,"{""Señal de salida"": ""0...10 V, cable de 3 hilos"", ""Conexión a proceso"": ""G ¼ A según DIN 3852-E"", ""Junta"": ""NBR"", ""Campo de medición"": ""0 bares ... 600 bares""}",enclosure_rating
6039721,PBT-RB400SG1SSNVLC0Z,PBT,,product,Sensores de fluidos (Fluid sensors),F,F-131,130,1,,,,,,,,,,,,,,,,,"Conector acodado (DIN EN 175301-803 A), IP 65",,,,,,,IP 65,,,,"{""Señal de salida"": ""0...10 V, cable de 3 hilos"", ""Conexión a proceso"": ""G ¼ A según DIN 3852-E"", ""Junta"": ""NBR"", ""Campo de medición"": ""0 bares ... 400 bares""}",enclosure_rating
6040917,PBT-CB1X0SG1SSNAMA0Z,PBT,,product,Sensores de fluidos (Fluid sensors),F,F-131,130,1,,Vacío y campos de medición ±,,,,,,,,,0,80,,,,,"1 conector circular M12 de 4 polos, IP 67",,,,,,,IP 67,,,,"{""Señal de salida"": ""4 mA ... 20 mA"", ""Conexión a proceso"": ""G ¼ A según DIN 3852-E"", ""Junta"": ""NBR"", ""Temperatura de proceso"": ""0 °C ... +80 °C"", ""Rango de medición"": ""–1 bar ... 0 bares"", ""Precisión"": ""≤ ± 1% del margen"", ""Orificio del canal"": ""estándar""}",product_name;connection;enclosure_rating;operating_temp_min_c;operating_temp_max_c;other_specs
6042101,PBT-RB010SG1SSNVLC0Z,PBT,,product,Sensores de fluidos (Fluid sensors),F,F-131,130,1,,,,,,,,,,,,,,,,,"Conector acodado (DIN EN 175301-803 A), IP 65",,,,,,,IP 65,,,,"{""Señal de salida"": ""0...10 V, cable de 3 hilos"", ""Conexión a proceso"": ""G ¼ A según DIN 3852-E"", ""Junta"": ""NBR"", ""Campo de medición"": ""0 bares ... 10 bares""}",enclosure_rating
6043710,PBT-CB1X0SG1SSNVMC0Z,PBT,,product,Sensores de fluidos (Fluid sensors),F,F-131,130,1,,Vacío y campos de medición ±,,,,,,,,,0,80,,,,,"1 conector circular M12 de 4 polos, IP 67",,,,,,,IP 67,,,,"{""Señal de salida"": ""0...10 V, cable de 3 hilos"", ""Conexión a proceso"": ""G ¼ A según DIN 3852-E"", ""Junta"": ""NBR"", ""Temperatura de proceso"": ""0 °C ... +80 °C"", ""Rango de medición"": ""–1 bar ... 0 bares"", ""Precisión"": ""≤ ± 1% del margen"", ""Orificio del canal"": ""estándar""}",product_name;connection;enclosure_rating;operating_temp_min_c;operating_temp_max_c;other_specs
6043989,PBT-RB1X0SG1SSNVLC0Z,PBT,,product,Sensores de fluidos (Fluid sensors),F,F-131,130,1,,,,,,,,,,,,,,,,,"Conector acodado (DIN EN 175301-803 A), IP 65",,,,,,,IP 65,,,,"{""Señal de salida"": ""0...10 V, cable de 3 hilos"", ""Conexión a proceso"": ""G ¼ A según DIN 3852-E"", ""Junta"": ""NBR"", ""Campo de medición"": ""0 bares ... 1 bar""}",enclosure_rating
6047659,PBT-RB250SG1SSNVLC0Z,PBT,,product,Sensores de fluidos (Fluid sensors),F,F-131,130,1,,,,,,,,,,,,,,,,,"Conector acodado (DIN EN 175301-803 A), IP 65",,,,,,,IP 65,,,,"{""Señal de salida"": ""0...10 V, cable de 3 hilos"", ""Conexión a proceso"": ""G ¼ A según DIN 3852-E"", ""Junta"": ""NBR"", ""Campo de medición"": ""0 bares ... 250 bares""}",enclosure_rating
6047878,PBT-RB100SG1SSNVLC0Z,PBT,,product,Sensores de fluidos (Fluid sensors),F,F-131,130,1,,,,,,,,,,,,,,,,,"Conector acodado (DIN EN 175301-803 A), IP 65",,,,,,,IP 65,,,,"{""Señal de salida"": ""0...10 V, cable de 3 hilos"", ""Conexión a proceso"": ""G ¼ A según DIN 3852-E"", ""Junta"": ""NBR"", ""Campo de medición"": ""0 bares ... 100 bares""}",enclosure_rating
6040938,LFH-SBX25G1AS01SZ0,LFH,LFH-SB,product,Sensores de fluidos (Fluid sensors),F,F-132,131,1,,Sensores de presión,www.mysick.com/es/LFH,,,,,,,,,,,,,,cable PUR,,,,,,,IP 68,,,,"{""Señal de salida"": ""4 mA ... 20 mA"", ""Temperatura de proceso"": ""–10 °C ... +50 °C"", ""Campo de medición"": ""0 bares ... 0,25 bares"", ""Longitud del cable"": ""1,5 m""}",
6040939,LFH-SBX25G1AS03SZ0,LFH,LFH-SB,product,Sensores de fluidos (Fluid sensors),F,F-132,131,1,,Sensores de presión,www.mysick.com/es/LFH,,,,,,,,,,,,,,cable PUR,,,,,,,IP 68,,,,"{""Señal de salida"": ""4 mA ... 20 mA"", ""Temperatura de proceso"": ""–10 °C ... +50 °C"", ""Campo de medición"": ""0 bares ... 0,25 bares"", ""Longitud del cable"": ""3 m""}",
6040940,LFH-SBX25G1AS05SZ0,LFH,LFH-SB,product,Sensores de fluidos (Fluid sensors),F,F-132,131,1,,Sensores de presión,www.mysick.com/es/LFH,,,,,,,,,,,,,,cable PUR,,,,,,,IP 68,,,,"{""Señal de salida"": ""4 mA ... 20 mA"", ""Temperatura de proceso"": ""–10 °C ... +50 °C"", ""Campo de medición"": ""0 bares ... 0,25 bares"", ""Longitud del cable"": ""5 m""}",
6040941,LFH-SBX25G1AS10SZ0,LFH,LFH-SB,product,Sensores de fluidos (Fluid sensors),F,F-132,131,1,,Sensores de presión,www.mysick.com/es/LFH,,,,,,,,,,,,,,cable PUR,,,,,,,IP 68,,,,"{""Señal de salida"": ""4 mA ... 20 mA"", ""Temperatura de proceso"": ""–10 °C ... +50 °C"", ""Campo de medición"": ""0 bares ... 0,25 bares"", ""Longitud del cable"": ""10 m""}",
6040942,LFH-SBX40G1AS05SZ0,LFH,LFH-SB,product,Sensores de fluidos (Fluid sensors),F,F-132,131,1,,Sensores de presión,www.mysick.com/es/LFH,,,,,,,,,,,,,,cable PUR,,,,,,,IP 68,,,,"{""Señal de salida"": ""4 mA ... 20 mA"", ""Temperatura de proceso"": ""–10 °C ... +50 °C"", ""Campo de medición"": ""0 bares ... 0,4 bares"", ""Longitud del cable"": ""5 m""}",
6040943,LFH-SBX40G1AS10SZ0,LFH,LFH-SB,product,Sensores de fluidos (Fluid sensors),F,F-132,131,1,,Sensores de presión,www.mysick.com/es/LFH,,,,,,,,,,,,,,cable PUR,,,,,,,IP 68,,,,"{""Señal de salida"": ""4 mA ... 20 mA"", ""Temperatura de proceso"": ""–10 °C ... +50 °C"", ""Campo de medición"": ""0 bares ... 0,4 bares"", ""Longitud del cable"": ""10 m""}",
6040944,LFH-SBX40G1AS15SZ0,LFH,LFH-SB,product,Sensores de fluidos (Fluid sensors),F,F-132,131,1,,Sensores de presión,www.mysick.com/es/LFH,,,,,,,,,,,,,,cable PUR,,,,,,,IP 68,,,,"{""Señal de salida"": ""4 mA ... 20 mA"", ""Temperatura de proceso"": ""–10 °C ... +50 °C"", ""Campo de medición"": ""0 bares ... 0,4 bares"", ""Longitud del cable"": ""15 m""}",
6040945,LFH-SBX40G1AS20SZ0,LFH,LFH-SB,product,Sensores de fluidos (Fluid sensors),F,F-132,131,1,,Sensores de presión,www.mysick.com/es/LFH,,,,,,,,,,,,,,cable PUR,,,,,,,IP 68,,,,"{""Señal de salida"": ""4 mA ... 20 mA"", ""Temperatura de proceso"": ""–10 °C ... +50 °C"", ""Campo de medición"": ""0 bares ... 0,4 bares"", ""Longitud del cable"": ""20 m""}",
6040946,LFH-SBX60G1AS05SZ0,LFH,LFH-SB,product,Sensores de fluidos (Fluid sensors),F,F-132,131,1,,Sensores de presión,www.mysick.com/es/LFH,,,,,,,,,,,,,,cable PUR,,,,,,,IP 68,,,,"{""Señal de salida"": ""4 mA ... 20 mA"", ""Temperatura de proceso"": ""–10 °C ... +50 °C"", ""Campo de medición"": ""0 bares ... 0,6 bares"", ""Longitud del cable"": ""5 m""}",
6040947,LFH-SBX60G1AS10SZ0,LFH,LFH-SB,product,Sensores de fluidos (Fluid sensors),F,F-132,131,1,,Sensores de presión,www.mysick.com/es/LFH,,,,,,,,,,,,,,cable PUR,,,,,,,IP 68,,,,"{""Señal de salida"": ""4 mA ... 20 mA"", ""Temperatura de proceso"": ""–10 °C ... +50 °C"", ""Campo de medición"": ""0 bares ... 0,6 bares"", ""Longitud del cable"": ""10 m""}",
6040948,LFH-SBX60G1AS15SZ0,LFH,LFH-SB,product,Sensores de fluidos (Fluid sensors),F,F-132,131,1,,Sensores de presión,www.mysick.com/es/LFH,,,,,,,,,,,,,,cable PUR,,,,,,,IP 68,,,,"{""Señal de salida"": ""4 mA ... 20 mA"", ""Temperatura de proceso"": ""–10 °C ... +50 °C"", ""Campo de medición"": ""0 bares ... 0,6 bares"", ""Longitud del cable"": ""15 m""}",
6040949,LFH-SBX60G1AS20SZ0,LFH,LFH-SB,product,Sensores de fluidos (Fluid sensors),F,F-132,131,1,,Sensores de presión,www.mysick.com/es/LFH,,,,,,,,,,,,,,cable PUR,,,,,,,IP 68,,,,"{""Señal de salida"": ""4 mA ... 20 mA"", ""Temperatura de proceso"": ""–10 °C ... +50 °C"", ""Campo de medición"": ""0 bares ... 0,6 bares"", ""Longitud del cable"": ""20 m""}",
6040950,LFH-SB1X0G1AS10SZ0,LFH,LFH-SB,product,Sensores de fluidos (Fluid sensors),F,F-132,131,1,,Sensores de presión,www.mysick.com/es/LFH,,,,,,,,,,,,,,cable PUR,,,,,,,IP 68,,,,"{""Señal de salida"": ""4 mA ... 20 mA"", ""Temperatura de proceso"": ""–10 °C ... +50 °C"", ""Campo de medición"": ""0 bares ... 1 bar"", ""Longitud del cable"": ""10 m""}",
6040951,LFH-SB1X0G1AS15SZ0,LFH,LFH-SB,product,Sensores de fluidos (Fluid sensors),F,F-132,131,1,,Sensores de presión,www.mysick.com/es/LFH,,,,,,,,,,,,,,cable PUR,,,,,,,IP 68,,,,"{""Señal de salida"": ""4 mA ... 20 mA"", ""Temperatura de proceso"": ""–10 °C ... +50 °C"", ""Campo de medición"": ""0 bares ... 1 bar"", ""Longitud del cable"": ""15 m""}",
6040952,LFH-SB1X0G1AS20SZ0,LFH,LFH-SB,product,Sensores de fluidos (Fluid sensors),F,F-132,131,1,,Sensores de presión,www.mysick.com/es/LFH,,,,,,,,,,,,,,cable PUR,,,,,,,IP 68,,,,"{""Señal de salida"": ""4 mA ... 20 mA"", ""Temperatura de proceso"": ""–10 °C ... +50 °C"", ""Campo de medición"": ""0 bares ... 1 bar"", ""Longitud del cable"": ""20 m""}",
6040953,LFH-SB1X0G1AS25SZ0,LFH,LFH-SB,product,Sensores de fluidos (Fluid sensors),F,F-132,131,1,,Sensores de presión,www.mysick.com/es/LFH,,,,,,,,,,,,,,cable PUR,,,,,,,IP 68,,,,"{""Señal de salida"": ""4 mA ... 20 mA"", ""Temperatura de proceso"": ""–10 °C ... +50 °C"", ""Campo de medición"": ""0 bares ... 1 bar"", ""Longitud del cable"": ""25 m""}",
5324307,BEF-CC-LFH001-0001,LFH,,accessory,Sensores de fluidos (Fluid sensors),F,F-133,132,1,,,,,,,,,,,,,,,,,,,,,,,,,,,"Pinza para fijar el cable de conexión de la sonda de nivel, carga de tracción máx. = 2,5 kN (no apropiado para cable FEP), acero galvanizado, plástico",,
5324308,BEF-AW-LFHSST-0001,LFH,,accessory,Sensores de fluidos (Fluid sensors),F,F-133,132,1,,,,,,,,,,,,,,,,,,,,,,,,,,,"Peso adicional para estabilizar la sonda de nivel LFH en líquidos agitados. Conexión de proceso G ½ interior, se fija en la sonda de nivel en lugar de la caperuza protectora. Peso: 500 g. Material: acero inoxidable 1.4571., acero inoxidable 1.4571",,
5324309,APR-VF-LFH001-0001,LFH,,accessory,Sensores de fluidos (Fluid sensors),F,F-133,132,1,,,,,,,,,,,,,,,,,,,,,,,,,,,Filtro protector para sonda de nivel LFH. Impide que la humedad entre en el tubo de ventilación del cable de conexión. Para automontaje en el extremo del cable.,,
5324310,ASK-CB-LFHPC0-0001,LFH,,accessory,Sensores de fluidos (Fluid sensors),F,F-133,132,1,,,,,,,,,,,,,,,,,,,,,,,,,,,"Dimensiones (largo x ancho x alto) 57 mm x 130 mm x 94 mm, para conectar la sonda de nivel LFH, con compensación de presión integrada y bloque de bornes",,
6040954,LFH-SB1X6G1AS15SZ0,LFH,,product,Sensores de fluidos (Fluid sensors),F,F-133,132,1,,Sensores de presión LFH,,,,,,,,,,,,,,,,,,,,,,,,,,"{""Campo de medición"": ""0 bares ... 1,6 bares"", ""Longitud del cable"": ""15 m""}",product_name
6040955,LFH-SB1X6G1AS20SZ0,LFH,,product,Sensores de fluidos (Fluid sensors),F,F-133,132,1,,Sensores de presión LFH,,,,,,,,,,,,,,,,,,,,,,,,,,"{""Campo de medición"": ""0 bares ... 1,6 bares"", ""Longitud del cable"": ""20 m""}",product_name
6040956,LFH-SB1X6G1AS25SZ0,LFH,,product,Sensores de fluidos (Fluid sensors),F,F-133,132,1,,Sensores de presión LFH,,,,,,,,,,,,,,,,,,,,,,,,,,"{""Campo de medición"": ""0 bares ... 1,6 bares"", ""Longitud del cable"": ""25 m""}",product_name
6040957,LFH-SB1X6G1AS30SZ0,LFH,,product,Sensores de fluidos (Fluid sensors),F,F-133,132,1,,Sensores de presión LFH,,,,,,,,,,,,,,,,,,,,,,,,,,"{""Campo de medición"": ""0 bares ... 1,6 bares"", ""Longitud del cable"": ""30 m""}",product_name
6048661,TBS-1ASG10506NM,TBS,,product,Sensores de fluidos (Fluid sensors),F,F-134,133,1,,Sensores de temperatura,www.mysick.com/es/TBS,,,,,,,,,,,,PNP,,1 conector circular M12 de 4 polos,,,,,,,IP 65 e IP 67,,,,"{""Conexión a proceso"": ""Rosca G ¼ A, según DIN 3852-E"", ""Longitud de montaje/diámetro de la sonda"": ""50 mm / 6 mm"", ""Señal de salida"": ""2 PNP"", ""Junta"": ""NBR"", ""Campos de medición"": ""–20 °C … +80 °C"", ""Elemento"": ""Pt1000, clase de precisión A (IEC 60751)""}",product_name;connection;enclosure_rating;Campos de medición;Elemento
6048662,TBS-1ASG11006NM,TBS,,product,Sensores de fluidos (Fluid sensors),F,F-134,133,1,,Sensores de temperatura,www.mysick.com/es/TBS,,,,,,,,,,,,PNP,,1 conector circular M12 de 4 polos,,,,,,,IP 65 e IP 67,,,,"{""Conexión a proceso"": ""Rosca G ¼ A, según DIN 3852-E"", ""Longitud de montaje/diámetro de la sonda"": ""100 mm / 6 mm"", ""Señal de salida"": ""2 PNP"", ""Junta"": ""NBR"", ""Campos de medición"": ""–20 °C … +80 °C"", ""Elemento"": ""Pt1000, clase de precisión A (IEC 60751)""}",product_name;connection;enclosure_rating;Campos de medición;Elemento
6048663,TBS-1ASG11506NM,TBS,,product,Sensores de fluidos (Fluid sensors),F,F-134,133,1,,Sensores de temperatura,www.mysick.com/es/TBS,,,,,,,,,,,,PNP,,1 conector circular M12 de 4 polos,,,,,,,IP 65 e IP 67,,,,"{""Conexión a proceso"": ""Rosca G ¼ A, según DIN 3852-E"", ""Longitud de montaje/diámetro de la sonda"": ""150 mm / 6 mm"", ""Señal de salida"": ""2 PNP"", ""Junta"": ""NBR"", ""Campos de medición"": ""–20 °C … +80 °C"", ""Elemento"": ""Pt1000, clase de precisión A (IEC 60751)""}",product_name;connection;enclosure_rating;Campos de medición;Elemento
6048664,TBS-1ASG12506NM,TBS,,product,Sensores de fluidos (Fluid sensors),F,F-134,133,1,,Sensores de temperatura,www.mysick.com/es/TBS,,,,,,,,,,,,PNP,,1 conector circular M12 de 4 polos,,,,,,,IP 65 e IP 67,,,,"{""Conexión a proceso"": ""Rosca G ¼ A, según DIN 3852-E"", ""Longitud de montaje/diámetro de la sonda"": ""250 mm / 6 mm"", ""Señal de salida"": ""2 PNP"", ""Junta"": ""NBR"", ""Campos de medición"": ""–20 °C … +80 °C"", ""Elemento"": ""Pt1000, clase de precisión A (IEC 60751)""}",product_name;connection;enclosure_rating;Campos de medición;Elemento
6048665,TBS-1ASGT0506NM,TBS,,product,Sensores de fluidos (Fluid sensors),F,F-134,133,1,,Sensores de temperatura,www.mysick.com/es/TBS,,,,,,,,,,,,PNP,,1 conector circular M12 de 4 polos,,,,,,,IP 65 e IP 67,,,,"{""Conexión a proceso"": ""Rosca G ½ A, según DIN 3852-E"", ""Longitud de montaje/diámetro de la sonda"": ""50 mm / 6 mm"", ""Señal de salida"": ""2 PNP"", ""Junta"": ""NBR"", ""Campos de medición"": ""–20 °C … +80 °C"", ""Elemento"": ""Pt1000, clase de precisión A (IEC 60751)""}",product_name;connection;enclosure_rating;Campos de medición;Elemento
6048666,TBS-1ASGT1006NM,TBS,,product,Sensores de fluidos (Fluid sensors),F,F-134,133,1,,Sensores de temperatura,www.mysick.com/es/TBS,,,,,,,,,,,,PNP,,1 conector circular M12 de 4 polos,,,,,,,IP 65 e IP 67,,,,"{""Conexión a proceso"": ""Rosca G ½ A, según DIN 3852-E"", ""Longitud de montaje/diámetro de la sonda"": ""100 mm / 6 mm"", ""Señal de salida"": ""2 PNP"", ""Junta"": ""NBR"", ""Campos de medición"": ""–20 °C … +80 °C"", ""Elemento"": ""Pt1000, clase de precisión A (IEC 60751)""}",product_name;connection;enclosure_rating;Campos de medición;Elemento
6048667,TBS-1ASGT1506NM,TBS,,product,Sensores de fluidos (Fluid sensors),F,F-134,133,1,,Sensores de temperatura,www.mysick.com/es/TBS,,,,,,,,,,,,PNP,,1 conector circular M12 de 4 polos,,,,,,,IP 65 e IP 67,,,,"{""Conexión a proceso"": ""Rosca G ½ A, según DIN 3852-E"", ""Longitud de montaje/diámetro de la sonda"": ""150 mm / 6 mm"", ""Señal de salida"": ""2 PNP"", ""Junta"": ""NBR"", ""Campos de medición"": ""–20 °C … +80 °C"", ""Elemento"": ""Pt1000, clase de precisión A (IEC 60751)""}",product_name;connection;enclosure_rating;Campos de medición;Elemento
6048668,TBS-1ASGT2506NM,TBS,,product,Sensores de fluidos (Fluid sensors),F,F-134,133,1,,Sensores de temperatura,www.mysick.com/es/TBS,,,,,,,,,,,,PNP,,1 conector circular M12 de 4 polos,,,,,,,IP 65 e IP 67,,,,"{""Conexión a proceso"": ""Rosca G ½ A, según DIN 3852-E"", ""Longitud de montaje/diámetro de la sonda"": ""250 mm / 6 mm"", ""Señal de salida"": ""2 PNP"", ""Junta"": ""NBR"", ""Campos de medición"": ""–20 °C … +80 °C"", ""Elemento"": ""Pt1000, clase de precisión A (IEC 60751)""}",product_name;connection;enclosure_rating;Campos de medición;Elemento
6048669,TBS-1BSG10506NM,TBS,,product,Sensores de fluidos (Fluid sensors),F,F-134,133,1,,Sensores de temperatura,www.mysick.com/es/TBS,,,,,,,,,,,,PNP,,1 conector circular M12 de 4 polos,,,,,,,IP 65 e IP 67,,,,"{""Conexión a proceso"": ""Rosca G ¼ A, según DIN 3852-E"", ""Longitud de montaje/diámetro de la sonda"": ""50 mm / 6 mm"", ""Señal de salida"": ""1 PNP, 1 x 4 mA ... 20 mA"", ""Junta"": ""NBR"", ""Campos de medición"": ""–20 °C … +80 °C"", ""Elemento"": ""Pt1000, clase de precisión A (IEC 60751)""}",product_name;connection;enclosure_rating;Campos de medición;Elemento
6048670,TBS-1BSG11006NM,TBS,,product,Sensores de fluidos (Fluid sensors),F,F-134,133,1,,Sensores de temperatura,www.mysick.com/es/TBS,,,,,,,,,,,,PNP,,1 conector circular M12 de 4 polos,,,,,,,IP 65 e IP 67,,,,"{""Conexión a proceso"": ""Rosca G ¼ A, según DIN 3852-E"", ""Longitud de montaje/diámetro de la sonda"": ""100 mm / 6 mm"", ""Señal de salida"": ""1 PNP, 1 x 4 mA ... 20 mA"", ""Junta"": ""NBR"", ""Campos de medición"": ""–20 °C … +80 °C"", ""Elemento"": ""Pt1000, clase de precisión A (IEC 60751)""}",product_name;connection;enclosure_rating;Campos de medición;Elemento
6048671,TBS-1BSG11506NM,TBS,,product,Sensores de fluidos (Fluid sensors),F,F-134,133,1,,Sensores de temperatura,www.mysick.com/es/TBS,,,,,,,,,,,,PNP,,1 conector circular M12 de 4 polos,,,,,,,IP 65 e IP 67,,,,"{""Conexión a proceso"": ""Rosca G ¼ A, según DIN 3852-E"", ""Longitud de montaje/diámetro de la sonda"": ""150 mm / 6 mm"", ""Señal de salida"": ""1 PNP, 1 x 4 mA ... 20 mA"", ""Junta"": ""NBR"", ""Campos de medición"": ""–20 °C … +80 °C"", ""Elemento"": ""Pt1000, clase de precisión A (IEC 60751)""}",product_name;connection;enclosure_rating;Campos de medición;Elemento
6048672,TBS-1BSG12506NM,TBS,,product,Sensores de fluidos (Fluid sensors),F,F-134,133,1,,Sensores de temperatura,www.mysick.com/es/TBS,,,,,,,,,,,,PNP,,1 conector circular M12 de 4 polos,,,,,,,IP 65 e IP 67,,,,"{""Conexión a proceso"": ""Rosca G ¼ A, según DIN 3852-E"", ""Longitud de montaje/diámetro de la sonda"": ""250 mm / 6 mm"", ""Señal de salida"": ""1 PNP, 1 x 4 mA ... 20 mA"", ""Junta"": ""NBR"", ""Campos de medición"": ""–20 °C … +80 °C"", ""Elemento"": ""Pt1000, clase de precisión A (IEC 60751)""}",product_name;connection;enclosure_rating;Campos de medición;Elemento
6048673,TBS-1BSGT0506NM,TBS,,product,Sensores de fluidos (Fluid sensors),F,F-134,133,1,,Sensores de temperatura,www.mysick.com/es/TBS,,,,,,,,,,,,PNP,,1 conector circular M12 de 4 polos,,,,,,,IP 65 e IP 67,,,,"{""Conexión a proceso"": ""Rosca G ½ A, según DIN 3852-E"", ""Longitud de montaje/diámetro de la sonda"": ""50 mm / 6 mm"", ""Señal de salida"": ""1 PNP, 1 x 4 mA ... 20 mA"", ""Junta"": ""NBR"", ""Campos de medición"": ""–20 °C … +80 °C"", ""Elemento"": ""Pt1000, clase de precisión A (IEC 60751)""}",product_name;connection;enclosure_rating;Campos de medición;Elemento
6048674,TBS-1BSGT1006NM,TBS,,product,Sensores de fluidos (Fluid sensors),F,F-134,133,1,,Sensores de temperatura,www.mysick.com/es/TBS,,,,,,,,,,,,PNP,,1 conector circular M12 de 4 polos,,,,,,,IP 65 e IP 67,,,,"{""Conexión a proceso"": ""Rosca G ½ A, según DIN 3852-E"", ""Longitud de montaje/diámetro de la sonda"": ""100 mm / 6 mm"", ""Señal de salida"": ""1 PNP, 1 x 4 mA ... 20 mA"", ""Junta"": ""NBR"", ""Campos de medición"": ""–20 °C … +80 °C"", ""Elemento"": ""Pt1000, clase de precisión A (IEC 60751)""}",product_name;connection;enclosure_rating;Campos de medición;Elemento
6048675,TBS-1BSGT1506NM,TBS,,product,Sensores de fluidos (Fluid sensors),F,F-134,133,1,,Sensores de temperatura,www.mysick.com/es/TBS,,,,,,,,,,,,PNP,,1 conector circular M12 de 4 polos,,,,,,,IP 65 e IP 67,,,,"{""Conexión a proceso"": ""Rosca G ½ A, según DIN 3852-E"", ""Longitud de montaje/diámetro de la sonda"": ""150 mm / 6 mm"", ""Señal de salida"": ""1 PNP, 1 x 4 mA ... 20 mA"", ""Junta"": ""NBR"", ""Campos de medición"": ""–20 °C … +80 °C"", ""Elemento"": ""Pt1000, clase de precisión A (IEC 60751)""}",product_name;connection;enclosure_rating;Campos de medición;Elemento
6048676,TBS-1BSGT2506NM,TBS,,product,Sensores de fluidos (Fluid sensors),F,F-134,133,1,,Sensores de temperatura,www.mysick.com/es/TBS,,,,,,,,,,,,PNP,,1 conector circular M12 de 4 polos,,,,,,,IP 65 e IP 67,,,,"{""Conexión a proceso"": ""Rosca G ½ A, según DIN 3852-E"", ""Longitud de montaje/diámetro de la sonda"": ""250 mm / 6 mm"", ""Señal de salida"": ""1 PNP, 1 x 4 mA ... 20 mA"", ""Junta"": ""NBR"", ""Campos de medición"": ""–20 °C … +80 °C"", ""Elemento"": ""Pt1000, clase de precisión A (IEC 60751)""}",product_name;connection;enclosure_rating;Campos de medición;Elemento
6048677,TBS-1DSG10506NE,TBS,,product,Sensores de fluidos (Fluid sensors),F,F-135,134,1,,Sensores de temperatura TBS,,,,,,,,,,,,,,,1 conector circular M12 de 5 polos,,,,,,,,,,,"{""Señal de salida"": ""2 PNP, 1 x 4 mA ... 20 mA"", ""Junta"": ""NBR"", ""Conexión a proceso"": ""Rosca G ¼ A, según DIN 3852-E"", ""Longitud de montaje/diámetro de la sonda"": ""50 mm / 6 mm""}",
6048678,TBS-1DSG11006NE,TBS,,product,Sensores de fluidos (Fluid sensors),F,F-135,134,1,,Sensores de temperatura TBS,,,,,,,,,,,,,,,1 conector circular M12 de 5 polos,,,,,,,,,,,"{""Señal de salida"": ""2 PNP, 1 x 4 mA ... 20 mA"", ""Junta"": ""NBR"", ""Conexión a proceso"": ""Rosca G ¼ A, según DIN 3852-E"", ""Longitud de montaje/diámetro de la sonda"": ""100 mm / 6 mm""}",
6048679,TBS-1DSG11506NE,TBS,,product,Sensores de fluidos (Fluid sensors),F,F-135,134,1,,Sensores de temperatura TBS,,,,,,,,,,,,,,,1 conector circular M12 de 5 polos,,,,,,,,,,,"{""Señal de salida"": ""2 PNP, 1 x 4 mA ... 20 mA"", ""Junta"": ""NBR"", ""Conexión a proceso"": ""Rosca G ¼ A, según DIN 3852-E"", ""Longitud de montaje/diámetro de la sonda"": ""150 mm / 6 mm""}",
6048680,TBS-1DSG12506NE,TBS,,product,Sensores de fluidos (Fluid sensors),F,F-135,134,1,,Sensores de temperatura TBS,,,,,,,,,,,,,,,1 conector circular M12 de 5 polos,,,,,,,,,,,"{""Señal de salida"": ""2 PNP, 1 x 4 mA ... 20 mA"", ""Junta"": ""NBR"", ""Conexión a proceso"": ""Rosca G ¼ A, según DIN 3852-E"", ""Longitud de montaje/diámetro de la sonda"": ""250 mm / 6 mm""}",
6048681,TBS-1DSGT0506NE,TBS,,product,Sensores de fluidos (Fluid sensors),F,F-135,134,1,,Sensores de temperatura TBS,,,,,,,,,,,,,,,1 conector circular M12 de 5 polos,,,,,,,,,,,"{""Señal de salida"": ""2 PNP, 1 x 4 mA ... 20 mA"", ""Junta"": ""NBR"", ""Conexión a proceso"": ""Rosca G ½ A, según DIN 3852-E"", ""Longitud de montaje/diámetro de la sonda"": ""50 mm / 6 mm""}",
6048682,TBS-1DSGT1006NE,TBS,,product,Sensores de fluidos (Fluid sensors),F,F-135,134,1,,Sensores de temperatura TBS,,,,,,,,,,,,,,,1 conector circular M12 de 5 polos,,,,,,,,,,,"{""Señal de salida"": ""2 PNP, 1 x 4 mA ... 20 mA"", ""Junta"": ""NBR"", ""Conexión a proceso"": ""Rosca G ½ A, según DIN 3852-E"", ""Longitud de montaje/diámetro de la sonda"": ""100 mm / 6 mm""}",
6048683,TBS-1DSGT1506NE,TBS,,product,Sensores de fluidos (Fluid sensors),F,F-135,134,1,,Sensores de temperatura TBS,,,,,,,,,,,,,,,1 conector circular M12 de 5 polos,,,,,,,,,,,"{""Señal de salida"": ""2 PNP, 1 x 4 mA ... 20 mA"", ""Junta"": ""NBR"", ""Conexión a proceso"": ""Rosca G ½ A, según DIN 3852-E"", ""Longitud de montaje/diámetro de la sonda"": ""150 mm / 6 mm""}",
6048684,TBS-1DSGT2506NE,TBS,,product,Sensores de fluidos (Fluid sensors),F,F-135,134,1,,Sensores de temperatura TBS,,,,,,,,,,,,,,,1 conector circular M12 de 5 polos,,,,,,,,,,,"{""Señal de salida"": ""2 PNP, 1 x 4 mA ... 20 mA"", ""Junta"": ""NBR"", ""Conexión a proceso"": ""Rosca G ½ A, según DIN 3852-E"", ""Longitud de montaje/diámetro de la sonda"": ""250 mm / 6 mm""}",
1062202,KTM-MB31111P,KTM,KTM Core,product,Sensores de registro (Registration/contrast sensors),G,G-138,137,1,,Sensor de contraste,www.mysick.com/es/KTM,12.5,12.5,,,,0.05,,,,,,PNP/NPN,,Conector macho M8 de 4 polos,,,,LED blanco,2 mm x 2 mm,"Potenciómetro, destornillador",,ABS (plástico),,,"{""Vida útil media"": ""100.000 h con TU = +25 °C""}",product_name;response_time_ms;housing_material;other_specs
1062203,KTM-MB31191P,KTM,KTM Core,product,Sensores de registro (Registration/contrast sensors),G,G-138,137,1,,Sensor de contraste,www.mysick.com/es/KTM,12.5,12.5,,,,0.05,,,,,,PNP/NPN,,Conector macho M8 de 4 polos,,,,LED blanco,2 mm x 2 mm,"Potenciómetro, manual",,ABS (plástico),,,"{""Vida útil media"": ""100.000 h con TU = +25 °C""}",product_name;response_time_ms;housing_material;other_specs
1066885,KTM-MB8A191P,KTM,KTM Core,product,Sensores de registro (Registration/contrast sensors),G,G-138,137,1,,Sensor de contraste,www.mysick.com/es/KTM,12.5,12.5,,,,0.05,,,,,,PNP/NPN,,Conector macho M8 de 4 polos,,,,LED blanco,1 mm x 1 mm,"Potenciómetro, manual",,ABS (plástico),,,"{""Vida útil media"": ""100.000 h con TU = +25 °C""}",product_name;response_time_ms;housing_material;other_specs
1052956,KTM-WP1A182V,KTM,KTM Inox,product,Sensores de registro (Registration/contrast sensors),G,G-139,138,1,,,,,,,,,0.035,,,,,,PNP,,Cable con conector macho M12 de 4 polos,,,,"LED rojo, verde, azul","1,5 mm x 6,5 mm",Aprendizaje de 2 puntos estático/dinámico + proximidad a la marca,,acero inoxidable 316L,,,"{""Distancia de detección"": ""11,5 mm""}",
1061770,KTM-WP117A1P,KTM,KTM Prime,product,Sensores de registro (Registration/contrast sensors),G,G-139,138,1,,,,,,,,,0.035,,,,,,"PNP, IO-Link",,Conector macho M8 de 4 polos,,,,"LED rojo, verde, azul","1,5 mm x 6,5 mm",Aprendizaje de 2 puntos estático/dinámico + proximidad a la marca,,ABS (plástico),IO-Link,,"{""Distancia de detección"": ""12,5 mm""}",
1061787,KTM-WN117A1P,KTM,KTM Prime,product,Sensores de registro (Registration/contrast sensors),G,G-139,138,1,,,,,,,,,0.035,,,,,,"NPN, IO-Link",,Conector macho M8 de 4 polos,,,,"LED rojo, verde, azul","1,5 mm x 6,5 mm",Aprendizaje de 2 puntos estático/dinámico + proximidad a la marca,,ABS (plástico),IO-Link,,"{""Distancia de detección"": ""12,5 mm""}",
1062147,KTM-WP1A7A2V,KTM,KTM Inox,product,Sensores de registro (Registration/contrast sensors),G,G-139,138,1,,,,,,,,,0.035,,,,,,"PNP, IO-Link",,Cable con conector macho M12 de 4 polos,,,,"LED rojo, verde, azul","1,5 mm x 6,5 mm",Aprendizaje de 2 puntos estático/dinámico + proximidad a la marca,,acero inoxidable 316L,IO-Link,,"{""Distancia de detección"": ""11,5 mm""}",
1062148,KTM-WN1A182V,KTM,KTM Inox,product,Sensores de registro (Registration/contrast sensors),G,G-139,138,1,,,,,,,,,0.035,,,,,,NPN,,Cable con conector macho M12 de 4 polos,,,,"LED rojo, verde, azul","1,5 mm x 6,5 mm",Aprendizaje de 2 puntos estático/dinámico + proximidad a la marca,,acero inoxidable 316L,,,"{""Distancia de detección"": ""11,5 mm""}",
1062150,KTM-WN11182P,KTM,KTM Prime,product,Sensores de registro (Registration/contrast sensors),G,G-139,138,1,,,,,,,,,0.035,,,,,,NPN,,Cable con conector macho M12 de 4 polos,,,,"LED rojo, verde, azul","1,5 mm x 6,5 mm",Aprendizaje de 2 puntos estático/dinámico + proximidad a la marca,,ABS (plástico),,,"{""Distancia de detección"": ""12,5 mm""}",
1062199,KTM-WP11181P,KTM,KTM Prime,product,Sensores de registro (Registration/contrast sensors),G,G-139,138,1,,,,,,,,,0.035,,,,,,PNP,,Conector macho M8 de 4 polos,,,,LED blanco,2 mm x 2 mm,Aprendizaje de 2 puntos estático/dinámico + proximidad a la marca,,ABS (plástico),,,"{""Distancia de detección"": ""12,5 mm""}",
1062200,KTM-WN11181P,KTM,KTM Prime,product,Sensores de registro (Registration/contrast sensors),G,G-139,138,1,,,,,,,,,0.035,,,,,,NPN,,Conector macho M8 de 4 polos,,,,"LED rojo, verde, azul","1,5 mm x 6,5 mm",Aprendizaje de 2 puntos estático/dinámico + proximidad a la marca,,ABS (plástico),,,"{""Distancia de detección"": ""12,5 mm""}",
1062201,KTM-WP11182P,KTM,KTM Prime,product,Sensores de registro (Registration/contrast sensors),G,G-139,138,1,,,,,,,,,0.035,,,,,,PNP,,Cable con conector macho M12 de 4 polos,,,,"LED rojo, verde, azul","1,5 mm x 6,5 mm",Aprendizaje de 2 puntos estático/dinámico + proximidad a la marca,,ABS (plástico),,,"{""Distancia de detección"": ""12,5 mm""}",
1065756,KTM-MP31181P,KTM,KTM Prime,product,Sensores de registro (Registration/contrast sensors),G,G-139,138,1,,,,,,,,,0.035,,,,,,PNP,,Conector macho M8 de 4 polos,,,,LED blanco,2 mm x 2 mm,Aprendizaje de 2 puntos estático/dinámico + proximidad a la marca,,ABS (plástico),,,"{""Distancia de detección"": ""12,5 mm""}",
6009871,DOL-0804-W02M,KTM,,accessory,Sensores de registro (Registration/contrast sensors),G,G-140,139,4,G-147;G-149;H-158,,,,,,,,,,,,,,,,,,,,,,,,,,"Cabezal A: conector hembra M8 de 4 polos, acodado Cabezal B: cable Cable: PVC, sin apantallar, 2 m",,
1015981,KT5G-2N1111,KT5,KT5G,product,Sensores de registro (Registration/contrast sensors),G,G-141,140,1,,Sensor de contraste KT5,www.mysick.com/es/KT5,,10,,,,,10000,,,,,NPN,,,,,,LED verde,"1,2 mm x 4,2 mm","Ajuste manual, potenciómetro",,,,,"{""Posición del punto de luz"": ""Longitudinal"", ""Longitud de onda"": ""520 nm""}",product_name;switching_frequency_hz;other_specs
1015985,KT5G-2N1211,KT5,KT5G,product,Sensores de registro (Registration/contrast sensors),G,G-141,140,1,,Sensor de contraste KT5,www.mysick.com/es/KT5,,20,,,,,10000,,,,,NPN,,,,,,LED verde,"1,5 mm x 5,5 mm","Ajuste manual, potenciómetro",,,,,"{""Posición del punto de luz"": ""Longitudinal"", ""Longitud de onda"": ""520 nm""}",product_name;switching_frequency_hz;other_specs
1015988,KT5G-2N1311,KT5,KT5G,product,Sensores de registro (Registration/contrast sensors),G,G-141,140,1,,Sensor de contraste KT5,www.mysick.com/es/KT5,,40,,,,,10000,,,,,NPN,,,,,,LED verde,"1,1 mm x 4,2 mm","Ajuste manual, potenciómetro",,,,,"{""Posición del punto de luz"": ""Longitudinal"", ""Longitud de onda"": ""520 nm""}",product_name;switching_frequency_hz;other_specs
1015990,KT5G-2N2111,KT5,KT5G,product,Sensores de registro (Registration/contrast sensors),G,G-141,140,1,,Sensor de contraste KT5,www.mysick.com/es/KT5,,10,,,,,10000,,,,,NPN,,,,,,LED verde,"1,2 mm x 4,2 mm","Ajuste manual, potenciómetro",,,,,"{""Posición del punto de luz"": ""Transversal"", ""Longitud de onda"": ""520 nm""}",product_name;switching_frequency_hz;other_specs
1015993,KT5G-2P1111,KT5,KT5G,product,Sensores de registro (Registration/contrast sensors),G,G-141,140,1,,Sensor de contraste KT5,www.mysick.com/es/KT5,,10,,,,,10000,,,,,PNP,,,,,,LED verde,"1,2 mm x 4,2 mm","Ajuste manual, potenciómetro",,,,,"{""Posición del punto de luz"": ""Longitudinal"", ""Longitud de onda"": ""520 nm""}",product_name;switching_frequency_hz;other_specs
1015999,KT5G-2P1211,KT5,KT5G,product,Sensores de registro (Registration/contrast sensors),G,G-141,140,1,,Sensor de contraste KT5,www.mysick.com/es/KT5,,20,,,,,10000,,,,,PNP,,,,,,LED verde,"1,5 mm x 5,5 mm","Ajuste manual, potenciómetro",,,,,"{""Posición del punto de luz"": ""Longitudinal"", ""Longitud de onda"": ""520 nm""}",product_name;switching_frequency_hz;other_specs
1016003,KT5G-2P1311,KT5,KT5G,product,Sensores de registro (Registration/contrast sensors),G,G-141,140,1,,Sensor de contraste KT5,www.mysick.com/es/KT5,,40,,,,,10000,,,,,PNP,,,,,,LED verde,"1,1 mm x 4,2 mm","Ajuste manual, potenciómetro",,,,,"{""Posición del punto de luz"": ""Longitudinal"", ""Longitud de onda"": ""520 nm""}",product_name;switching_frequency_hz;other_specs
1016008,KT5G-2P2111,KT5,KT5G,product,Sensores de registro (Registration/contrast sensors),G,G-141,140,1,,Sensor de contraste KT5,www.mysick.com/es/KT5,,10,,,,,10000,,,,,PNP,,,,,,LED verde,"1,2 mm x 4,2 mm","Ajuste manual, potenciómetro",,,,,"{""Posición del punto de luz"": ""Transversal"", ""Longitud de onda"": ""520 nm""}",product_name;switching_frequency_hz;other_specs
1027393,KT5RG-2P1116,KT5,KT5RG,product,Sensores de registro (Registration/contrast sensors),G,G-141,140,1,,Sensor de contraste KT5,www.mysick.com/es/KT5,,10,,,,,10000,,,,,PNP,,,,,,"LED rojo, verde","1,2 mm x 4,2 mm",Aprendizaje de 2 puntos estático,,,,,"{""Posición del punto de luz"": ""Longitudinal"", ""Longitud de onda"": ""525 nm, 640 nm""}",product_name;switching_frequency_hz;other_specs
1027396,KT5RG-2P1126,KT5,KT5RG,product,Sensores de registro (Registration/contrast sensors),G,G-141,140,1,,Sensor de contraste KT5,www.mysick.com/es/KT5,,10,,,,,10000,,,,,PNP,,,,,,"LED rojo, verde","1,2 mm x 4,2 mm",Aprendizaje de 2 puntos estático,,,,,"{""Posición del punto de luz"": ""Longitudinal"", ""Longitud de onda"": ""525 nm, 640 nm""}",product_name;switching_frequency_hz;other_specs
1016629,KT5W-2P1113,KT5,KT5W,product,Sensores de registro (Registration/contrast sensors),G,G-142,141,1,,Sensores de contraste,,,,,,,,,,,,,PNP,,,,,,"LED rojo, verde, azul","1,2 mm x 4,2 mm",Aprendizaje dinámico,,,,,"{""Distancia de detección"": ""10 mm"", ""Posición del punto de luz"": ""Longitudinal""}",light_type;adjustment
1016630,KT5W-2N1113,KT5,KT5W,product,Sensores de registro (Registration/contrast sensors),G,G-142,141,1,,Sensores de contraste,,,,,,,,,,,,,NPN,,,,,,"LED rojo, verde, azul","1,2 mm x 4,2 mm",Aprendizaje dinámico,,,,,"{""Distancia de detección"": ""10 mm"", ""Posición del punto de luz"": ""Longitudinal""}",light_type;adjustment
1016715,KT5W-2P1213,KT5,KT5W,product,Sensores de registro (Registration/contrast sensors),G,G-142,141,1,,Sensores de contraste,,,,,,,,,,,,,PNP,,,,,,"LED rojo, verde, azul","1,5 mm x 5,5 mm",Aprendizaje dinámico,,,,,"{""Distancia de detección"": ""20 mm"", ""Posición del punto de luz"": ""Longitudinal""}",light_type;adjustment
1018044,KT5W-2P1116,KT5,KT5W,product,Sensores de registro (Registration/contrast sensors),G,G-142,141,1,,Sensores de contraste,,,,,,,,,,,,,PNP,,,,,,"LED rojo, verde, azul","1,2 mm x 4,2 mm",Aprendizaje dinámico,,,,,"{""Distancia de detección"": ""10 mm"", ""Posición del punto de luz"": ""Longitudinal""}",light_type;adjustment;light_spot;Distancia de detección;Posición del punto de luz
1018045,KT5W-2N1116,KT5,KT5W,product,Sensores de registro (Registration/contrast sensors),G,G-142,141,1,,Sensores de contraste,,,,,,,,,,,,,NPN,,,,,,"LED rojo, verde, azul","1,2 mm x 4,2 mm",Aprendizaje dinámico,,,,,"{""Distancia de detección"": ""10 mm"", ""Posición del punto de luz"": ""Longitudinal""}",light_type;adjustment;light_spot;Distancia de detección;Posición del punto de luz
1018586,KT5W-2P1216,KT5,KT5W,product,Sensores de registro (Registration/contrast sensors),G,G-142,141,1,,Sensores de contraste,,,,,,,,,,,,,PNP,,,,,,"LED rojo, verde, azul","1,5 mm x 5,5 mm",Aprendizaje de 2 puntos estático,,,,,"{""Distancia de detección"": ""20 mm"", ""Posición del punto de luz"": ""Longitudinal""}",light_type;adjustment
1018587,KT5W-2P1126,KT5,KT5W,product,Sensores de registro (Registration/contrast sensors),G,G-142,141,1,,Sensores de contraste,,,,,,,,,,,,,PNP,,,,,,"LED rojo, verde, azul",,Aprendizaje de 2 puntos estático,,,,,,light_type;adjustment
1018961,KT5W-2P1316,KT5,KT5W,product,Sensores de registro (Registration/contrast sensors),G,G-142,141,1,,Sensores de contraste,,,,,,,,,,,,,PNP,,,,,,"LED rojo, verde, azul","1,1 mm x 4,2 mm",Aprendizaje de 2 puntos estático,,,,,"{""Distancia de detección"": ""40 mm"", ""Posición del punto de luz"": ""Longitudinal""}",light_type;adjustment
1019022,KT5W-2N1216,KT5,KT5W,product,Sensores de registro (Registration/contrast sensors),G,G-142,141,1,,Sensores de contraste,,,,,,,,,,,,,NPN,,,,,,"LED rojo, verde, azul","1,5 mm x 5,5 mm",Aprendizaje de 2 puntos estático,,,,,"{""Distancia de detección"": ""20 mm"", ""Posición del punto de luz"": ""Longitudinal""}",light_type;adjustment
1022312,KT5W-2P2116,KT5,KT5W,product,Sensores de registro (Registration/contrast sensors),G,G-142,141,1,,Sensores de contraste,,,,,,,,,,,,,PNP,,,,,,"LED rojo, verde, azul","1,5 mm x 5,5 mm",Aprendizaje de 2 puntos estático,,,,,"{""Distancia de detección"": ""10 mm"", ""Posición del punto de luz"": ""Transversal""}",light_type;adjustment;Distancia de detección
1026538,KT5W-2P1116D,KT5,KT5W,product,Sensores de registro (Registration/contrast sensors),G,G-142,141,1,,Sensores de contraste,,,,,,,,,,,,,PNP,,,,,,"LED rojo, verde, azul","1,2 mm x 4,2 mm",Aprendizaje de 2 puntos estático con ajuste de precisión manual,,,,,"{""Distancia de detección"": ""10 mm"", ""Posición del punto de luz"": ""Longitudinal""}",light_type;adjustment
1026540,KT5W-2N1116D,KT5,KT5W,product,Sensores de registro (Registration/contrast sensors),G,G-142,141,1,,Sensores de contraste,,,,,,,,,,,,,NPN,,,,,,"LED rojo, verde, azul","1,2 mm x 4,2 mm",Aprendizaje de 2 puntos estático con ajuste de precisión manual,,,,,"{""Distancia de detección"": ""10 mm"", ""Posición del punto de luz"": ""Longitudinal""}",light_type;adjustment
1026577,KT5W-2P1216D,KT5,KT5W,product,Sensores de registro (Registration/contrast sensors),G,G-142,141,1,,Sensores de contraste,,,,,,,,,,,,,PNP,,,,,,"LED rojo, verde, azul","1,5 mm x 5,5 mm",Aprendizaje de 2 puntos estático con ajuste de precisión manual,,,,,"{""Distancia de detección"": ""20 mm"", ""Posición del punto de luz"": ""Longitudinal""}",light_type;adjustment
1026578,KT5W-2P1316D,KT5,KT5W,product,Sensores de registro (Registration/contrast sensors),G,G-142,141,1,,Sensores de contraste,,,,,,,,,,,,,PNP,,,,,,"LED rojo, verde, azul","1,1 mm x 4,2 mm",Aprendizaje de 2 puntos estático con ajuste de precisión manual,,,,,"{""Distancia de detección"": ""40 mm"", ""Posición del punto de luz"": ""Longitudinal""}",light_type;adjustment
1026580,KT5W-2N1216D,KT5,KT5W,product,Sensores de registro (Registration/contrast sensors),G,G-142,141,1,,Sensores de contraste,,,,,,,,,,,,,NPN,,,,,,"LED rojo, verde, azul","1,5 mm x 5,5 mm",Aprendizaje de 2 puntos estático con ajuste de precisión manual,,,,,"{""Distancia de detección"": ""20 mm"", ""Posición del punto de luz"": ""Longitudinal""}",light_type;adjustment
1026581,KT5W-2N1316D,KT5,KT5W,product,Sensores de registro (Registration/contrast sensors),G,G-142,141,1,,Sensores de contraste,,,,,,,,,,,,,NPN,,,,,,"LED rojo, verde, azul","1,1 mm x 4,2 mm",Aprendizaje de 2 puntos estático con ajuste de precisión manual,,,,,"{""Distancia de detección"": ""40 mm"", ""Posición del punto de luz"": ""Longitudinal""}",light_type;adjustment
1026583,KT5W-2N2116D,KT5,KT5W,product,Sensores de registro (Registration/contrast sensors),G,G-142,141,1,,Sensores de contraste,,,,,,,,,,,,,NPN,,,,,,"LED rojo, verde, azul","1,2 mm x 4,2 mm",Aprendizaje de 2 puntos estático con ajuste de precisión manual,,,,,"{""Distancia de detección"": ""10 mm"", ""Posición del punto de luz"": ""Transversal""}",light_type;adjustment
1026584,KT5W-2P2116D,KT5,KT5W,product,Sensores de registro (Registration/contrast sensors),G,G-142,141,1,,Sensores de contraste,,,,,,,,,,,,,PNP,,,,,,"LED rojo, verde, azul","1,2 mm x 4,2 mm",Aprendizaje de 2 puntos estático con ajuste de precisión manual,,,,,"{""Distancia de detección"": ""10 mm"", ""Posición del punto de luz"": ""Transversal""}",light_type;adjustment
1043006,KT5W-2B1116,KT5,KT5W,product,Sensores de registro (Registration/contrast sensors),G,G-142,141,1,,Sensores de contraste,,,,,,,,,,,,,PNP/NPN,,,,,,"LED rojo, verde, azul","1,2 mm x 4,2 mm",Aprendizaje dinámico,,,,,"{""Distancia de detección"": ""10 mm"", ""Posición del punto de luz"": ""Longitudinal""}",light_type;adjustment;light_spot
1067291,CSM-WP11122P,CSM,CSM,product,Sensores de registro (Registration/contrast sensors),G,G-143,142,1,,Sensor de color con fuente de luz RGB,www.mysick.com/es/CSM,,,,,,0.25,2000,,,,,PNP,,conector macho M12 de 4 polos,,,,"LED rojo, verde, azul","1,5 mm x 6,5 mm",,,,,,"{""Distancia de detección"": ""12,5 mm"", ""Tolerancia de distancia de detección"": ""± 3 mm"", ""Posición del punto de luz"": ""Longitudinal"", ""Tipo de conmutación"": ""PNP""}",product_name;light_type
1067293,CSM-WN11122P,CSM,CSM,product,Sensores de registro (Registration/contrast sensors),G,G-143,142,1,,Sensor de color con fuente de luz RGB,www.mysick.com/es/CSM,,,,,,0.25,2000,,,,,NPN,,conector macho M12 de 4 polos,,,,"LED rojo, verde, azul","1,5 mm x 6,5 mm",,,,,,"{""Distancia de detección"": ""12,5 mm"", ""Tolerancia de distancia de detección"": ""± 3 mm"", ""Posición del punto de luz"": ""Longitudinal"", ""Tipo de conmutación"": ""NPN""}",product_name;light_type
1067294,CSM-WP117A2P,CSM,CSM,product,Sensores de registro (Registration/contrast sensors),G,G-143,142,1,,Sensor de color con fuente de luz RGB,www.mysick.com/es/CSM,,,,,,0.25,2000,,,,,"PNP, IO-Link",,conector macho M12 de 4 polos,,,,"LED rojo, verde, azul","1,5 mm x 6,5 mm",,,,IO-Link,,"{""Distancia de detección"": ""12,5 mm"", ""Tolerancia de distancia de detección"": ""± 3 mm"", ""Posición del punto de luz"": ""Longitudinal"", ""Tipo de conmutación"": ""PNP, IO-Link""}",product_name;light_type;interface
2068786,BEF-AP-KTMS01,CSM,,accessory,Sensores de registro (Registration/contrast sensors),G,G-144,143,3,G-139;G-145,,,,,,,,,,,,,,,,,,,,,,,,,,"Placa adaptadora KT3 a KTM, acero inoxidable, con tornillos de fijación",,
1067295,LUTM-UP11162P,LUTM,,product,Sensores de registro (Registration/contrast sensors),G,G-145,144,1,,Sensor de luminiscencia en carcasa miniatura,www.mysick.com/es/LUTM,8,20,,,,,4000,,,,,PNP,,,,,,,"2 mm x 2,5 mm",,,,,,"{""Distancia de detección"": ""12,5 mm"", ""Zona de recepción"": ""450 nm ... 750 nm""}",product_name;switching_frequency_hz
1067296,LUTM-UN11162P,LUTM,,product,Sensores de registro (Registration/contrast sensors),G,G-145,144,1,,Sensor de luminiscencia en carcasa miniatura,www.mysick.com/es/LUTM,8,20,,,,,4000,,,,,NPN,,,,,,,"2 mm x 2,5 mm",,,,,,"{""Distancia de detección"": ""12,5 mm"", ""Zona de recepción"": ""450 nm ... 750 nm""}",product_name;switching_frequency_hz
1067297,LUTM-UP117A2P,LUTM,,product,Sensores de registro (Registration/contrast sensors),G,G-145,144,1,,Sensor de luminiscencia en carcasa miniatura,www.mysick.com/es/LUTM,8,20,,,,,4000,,,,,PNP,,,,,,,"2 mm x 2,5 mm",,,,IO-Link,,"{""Distancia de detección"": ""12,5 mm"", ""Zona de recepción"": ""450 nm ... 750 nm""}",product_name;switching_frequency_hz
6049678,UFN3-70B413,UF,UFN3,product,Sensores de registro (Registration/contrast sensors),G,G-147,146,1,,"Detección de etiquetas transparentes, opacas o estampadas",www.mysick.com/es/UF,,,,,,0.25,,,,,,PNP/NPN,,Conector macho M8 de 4 polos,,tecnología de ultrasonidos,,,,"Aprendizaje dinámico, aprendizaje estático",IP 65,aluminio,,,"{""Ancho de horquilla"": ""3 mm"", ""Profundidad de horquilla"": ""69 mm"", ""MDO - Espacios entre etiquetas"": ""2 mm"", ""MDO - Tamaño de etiquetas"": ""2 mm""}",product_name;sensor_principle;enclosure_rating;housing_material
6049679,UFN3-70P415,UF,UFN3,product,Sensores de registro (Registration/contrast sensors),G,G-147,146,1,,"Detección de etiquetas transparentes, opacas o estampadas",www.mysick.com/es/UF,,,,,,0.25,,,,,,PNP,,Conector macho M8 de 4 polos,,tecnología de ultrasonidos,,,,"Aprendizaje dinámico, aprendizaje estático",IP 65,aluminio,,,"{""Ancho de horquilla"": ""3 mm"", ""Profundidad de horquilla"": ""69 mm"", ""MDO - Espacios entre etiquetas"": ""2 mm"", ""MDO - Tamaño de etiquetas"": ""2 mm""}",product_name;sensor_principle;enclosure_rating;housing_material
6049680,UFN3-70N415,UF,UFN3,product,Sensores de registro (Registration/contrast sensors),G,G-147,146,1,,"Detección de etiquetas transparentes, opacas o estampadas",www.mysick.com/es/UF,,,,,,0.25,,,,,,NPN,,Conector macho M8 de 4 polos,,tecnología de ultrasonidos,,,,"Aprendizaje dinámico, aprendizaje estático",IP 65,aluminio,,,"{""Ancho de horquilla"": ""3 mm"", ""Profundidad de horquilla"": ""69 mm"", ""MDO - Espacios entre etiquetas"": ""2 mm"", ""MDO - Tamaño de etiquetas"": ""2 mm""}",product_name;sensor_principle;enclosure_rating;housing_material
6028428,WF2-40B410,WF,WF2,product,Sensores de registro (Registration/contrast sensors),G,G-148,147,1,,Sensores de horquilla,www.mysick.com/es/WF,,,,,,0.1,,,,,,PNP y NPN,claro/oscuro programable,,,,,infrarrojos,,manual (teclas “+” y “–”),IP 65,aluminio,,,"{""Ancho de horquilla"": ""2 mm"", ""Profundidad de horquilla"": ""42 mm"", ""MDO"": ""0,2 mm"", ""Tipo de conexión"": ""PNP/NPN""}",product_name;response_time_ms;switching_output;output_function;light_type;enclosure_rating;housing_material
6028429,WF5-40B410,WF,WF5,product,Sensores de registro (Registration/contrast sensors),G,G-148,147,1,,Sensores de horquilla,www.mysick.com/es/WF,,,,,,0.1,,,,,,PNP y NPN,claro/oscuro programable,,,,,infrarrojos,,manual (teclas “+” y “–”),IP 65,aluminio,,,"{""Ancho de horquilla"": ""5 mm"", ""Profundidad de horquilla"": ""42 mm"", ""MDO"": ""0,2 mm"", ""Tipo de conexión"": ""PNP/NPN""}",product_name;response_time_ms;switching_output;output_function;light_type;enclosure_rating;housing_material
6028430,WF15-40B410,WF,WF15,product,Sensores de registro (Registration/contrast sensors),G,G-148,147,1,,Sensores de horquilla,www.mysick.com/es/WF,,,,,,0.1,,,,,,PNP y NPN,claro/oscuro programable,,,,,infrarrojos,,manual (teclas “+” y “–”),IP 65,aluminio,,,"{""Ancho de horquilla"": ""15 mm"", ""Profundidad de horquilla"": ""42 mm"", ""MDO"": ""0,2 mm"", ""Tipo de conexión"": ""PNP/NPN""}",product_name;response_time_ms;switching_output;output_function;light_type;enclosure_rating;housing_material
6028431,WF30-40B410,WF,WF30,product,Sensores de registro (Registration/contrast sensors),G,G-148,147,1,,Sensores de horquilla,www.mysick.com/es/WF,,,,,,0.1,,,,,,PNP y NPN,claro/oscuro programable,,,,,infrarrojos,,manual (teclas “+” y “–”),IP 65,aluminio,,,"{""Ancho de horquilla"": ""30 mm"", ""Profundidad de horquilla"": ""42 mm"", ""MDO"": ""0,2 mm"", ""Tipo de conexión"": ""PNP/NPN""}",product_name;response_time_ms;switching_output;output_function;light_type;enclosure_rating;housing_material
6028436,WF2-60B410,WF,WF2,product,Sensores de registro (Registration/contrast sensors),G,G-148,147,1,,Sensores de horquilla,www.mysick.com/es/WF,,,,,,0.1,,,,,,PNP y NPN,claro/oscuro programable,,,,,infrarrojos,,manual (teclas “+” y “–”),IP 65,aluminio,,,"{""Ancho de horquilla"": ""2 mm"", ""Profundidad de horquilla"": ""59 mm"", ""MDO"": ""0,2 mm"", ""Tipo de conexión"": ""PNP/NPN""}",product_name;response_time_ms;switching_output;output_function;light_type;enclosure_rating;housing_material
6028438,WF15-60B410,WF,WF15,product,Sensores de registro (Registration/contrast sensors),G,G-148,147,1,,Sensores de horquilla,www.mysick.com/es/WF,,,,,,0.1,,,,,,PNP y NPN,claro/oscuro programable,,,,,infrarrojos,,manual (teclas “+” y “–”),IP 65,aluminio,,,"{""Ancho de horquilla"": ""15 mm"", ""Profundidad de horquilla"": ""59 mm"", ""MDO"": ""0,2 mm"", ""Tipo de conexión"": ""PNP/NPN""}",product_name;response_time_ms;switching_output;output_function;light_type;enclosure_rating;housing_material
6028439,WF30-60B410,WF,WF30,product,Sensores de registro (Registration/contrast sensors),G,G-148,147,1,,Sensores de horquilla,www.mysick.com/es/WF,,,,,,0.1,,,,,,PNP y NPN,claro/oscuro programable,,,,,infrarrojos,,manual (teclas “+” y “–”),IP 65,aluminio,,,"{""Ancho de horquilla"": ""30 mm"", ""Profundidad de horquilla"": ""59 mm"", ""MDO"": ""0,2 mm"", ""Tipo de conexión"": ""PNP/NPN""}",product_name;response_time_ms;switching_output;output_function;light_type;enclosure_rating;housing_material
6028443,WF2-95B410,WF,WF2,product,Sensores de registro (Registration/contrast sensors),G,G-148,147,1,,Sensores de horquilla,www.mysick.com/es/WF,,,,,,0.1,,,,,,PNP y NPN,claro/oscuro programable,,,,,infrarrojos,,manual (teclas “+” y “–”),IP 65,aluminio,,,"{""Ancho de horquilla"": ""2 mm"", ""Profundidad de horquilla"": ""95 mm"", ""MDO"": ""0,2 mm"", ""Tipo de conexión"": ""PNP/NPN""}",product_name;response_time_ms;switching_output;output_function;light_type;enclosure_rating;housing_material
6028450,WF2-40B416,WF,WF2,product,Sensores de registro (Registration/contrast sensors),G,G-148,147,1,,Sensores de horquilla,www.mysick.com/es/WF,,,,,,0.1,,,,,,PNP y NPN,claro/oscuro programable,,,,,infrarrojos,,Aprendizaje,IP 65,aluminio,,,"{""Ancho de horquilla"": ""2 mm"", ""Profundidad de horquilla"": ""42 mm"", ""MDO"": ""0,2 mm"", ""Tipo de conexión"": ""PNP/NPN""}",product_name;response_time_ms;switching_output;output_function;light_type;enclosure_rating;housing_material
6028451,WF5-40B416,WF,WF5,product,Sensores de registro (Registration/contrast sensors),G,G-148,147,1,,Sensores de horquilla,www.mysick.com/es/WF,,,,,,0.1,,,,,,PNP y NPN,claro/oscuro programable,,,,,infrarrojos,,Aprendizaje,IP 65,aluminio,,,"{""Ancho de horquilla"": ""5 mm"", ""Profundidad de horquilla"": ""42 mm"", ""MDO"": ""0,2 mm"", ""Tipo de conexión"": ""PNP/NPN""}",product_name;response_time_ms;switching_output;output_function;light_type;enclosure_rating;housing_material
6028452,WF15-40B416,WF,WF15,product,Sensores de registro (Registration/contrast sensors),G,G-148,147,1,,Sensores de horquilla,www.mysick.com/es/WF,,,,,,0.1,,,,,,PNP y NPN,claro/oscuro programable,,,,,infrarrojos,,Aprendizaje,IP 65,aluminio,,,"{""Ancho de horquilla"": ""15 mm"", ""Profundidad de horquilla"": ""42 mm"", ""MDO"": ""0,2 mm"", ""Tipo de conexión"": ""PNP/NPN""}",product_name;response_time_ms;switching_output;output_function;light_type;enclosure_rating;housing_material
6028453,WF30-40B416,WF,WF30,product,Sensores de registro (Registration/contrast sensors),G,G-148,147,1,,Sensores de horquilla,www.mysick.com/es/WF,,,,,,0.1,,,,,,PNP y NPN,claro/oscuro programable,,,,,infrarrojos,,Aprendizaje,IP 65,aluminio,,,"{""Ancho de horquilla"": ""30 mm"", ""Profundidad de horquilla"": ""42 mm"", ""MDO"": ""0,2 mm"", ""Tipo de conexión"": ""PNP/NPN""}",product_name;response_time_ms;switching_output;output_function;light_type;enclosure_rating;housing_material
6028457,WF2-60B416,WF,WF2,product,Sensores de registro (Registration/contrast sensors),G,G-148,147,1,,Sensores de horquilla,www.mysick.com/es/WF,,,,,,0.1,,,,,,PNP y NPN,claro/oscuro programable,,,,,infrarrojos,,Aprendizaje,IP 65,aluminio,,,"{""Ancho de horquilla"": ""2 mm"", ""Profundidad de horquilla"": ""59 mm"", ""MDO"": ""0,2 mm"", ""Tipo de conexión"": ""PNP/NPN""}",product_name;response_time_ms;switching_output;output_function;light_type;enclosure_rating;housing_material
6028458,WF5-60B416,WF,WF5,product,Sensores de registro (Registration/contrast sensors),G,G-148,147,1,,Sensores de horquilla,www.mysick.com/es/WF,,,,,,0.1,,,,,,PNP y NPN,claro/oscuro programable,,,,,infrarrojos,,Aprendizaje,IP 65,aluminio,,,"{""Ancho de horquilla"": ""5 mm"", ""Profundidad de horquilla"": ""59 mm"", ""MDO"": ""0,2 mm"", ""Tipo de conexión"": ""PNP/NPN""}",product_name;response_time_ms;switching_output;output_function;light_type;enclosure_rating;housing_material
6028459,WF15-60B416,WF,WF15,product,Sensores de registro (Registration/contrast sensors),G,G-148,147,1,,Sensores de horquilla,www.mysick.com/es/WF,,,,,,0.1,,,,,,PNP y NPN,claro/oscuro programable,,,,,infrarrojos,,Aprendizaje,IP 65,aluminio,,,"{""Ancho de horquilla"": ""15 mm"", ""Profundidad de horquilla"": ""59 mm"", ""MDO"": ""0,2 mm"", ""Tipo de conexión"": ""PNP/NPN""}",product_name;response_time_ms;switching_output;output_function;light_type;enclosure_rating;housing_material
6028460,WF30-60B416,WF,WF30,product,Sensores de registro (Registration/contrast sensors),G,G-148,147,1,,Sensores de horquilla,www.mysick.com/es/WF,,,,,,0.1,,,,,,PNP y NPN,claro/oscuro programable,,,,,infrarrojos,,Aprendizaje,IP 65,aluminio,,,"{""Ancho de horquilla"": ""30 mm"", ""Profundidad de horquilla"": ""59 mm"", ""MDO"": ""0,2 mm"", ""Tipo de conexión"": ""PNP/NPN""}",product_name;response_time_ms;switching_output;output_function;light_type;enclosure_rating;housing_material
6028464,WF2-95B416,WF,WF2,product,Sensores de registro (Registration/contrast sensors),G,G-148,147,1,,Sensores de horquilla,www.mysick.com/es/WF,,,,,,0.1,,,,,,PNP y NPN,claro/oscuro programable,,,,,infrarrojos,,Aprendizaje,IP 65,aluminio,,,"{""Ancho de horquilla"": ""2 mm"", ""Profundidad de horquilla"": ""95 mm"", ""MDO"": ""0,2 mm"", ""Tipo de conexión"": ""PNP/NPN""}",product_name;response_time_ms;switching_output;output_function;light_type;enclosure_rating;housing_material
6028432,WF50-40B410,WF,WF50,product,Sensores de registro (Registration/contrast sensors),G,G-149,148,1,,,,,,,,,,,,,,,,,,,,,,,manual (teclas “+” y “–”),,,,,"{""Ancho de horquilla"": ""50 mm"", ""Profundidad de horquilla"": ""42 mm""}",
6028433,WF80-40B410,WF,WF80,product,Sensores de registro (Registration/contrast sensors),G,G-149,148,1,,,,,,,,,,,,,,,,,,,,,,,manual (teclas “+” y “–”),,,,,"{""Ancho de horquilla"": ""80 mm"", ""Profundidad de horquilla"": ""42 mm""}",
6028435,WF120-40B410,WF,WF120,product,Sensores de registro (Registration/contrast sensors),G,G-149,148,1,,,,,,,,,,,,,,,,,,,,,,,manual (teclas “+” y “–”),,,,,"{""Ancho de horquilla"": ""120 mm"", ""Profundidad de horquilla"": ""42 mm""}",
6028440,WF50-60B410,WF,WF50,product,Sensores de registro (Registration/contrast sensors),G,G-149,148,1,,,,,,,,,,,,,,,,,,,,,,,manual (teclas “+” y “–”),,,,,"{""Ancho de horquilla"": ""50 mm"", ""Profundidad de horquilla"": ""59 mm""}",
6028441,WF80-60B410,WF,WF80,product,Sensores de registro (Registration/contrast sensors),G,G-149,148,1,,,,,,,,,,,,,,,,,,,,,,,manual (teclas “+” y “–”),,,,,"{""Ancho de horquilla"": ""80 mm"", ""Profundidad de horquilla"": ""59 mm""}",
6028442,WF120-60B410,WF,WF120,product,Sensores de registro (Registration/contrast sensors),G,G-149,148,1,,,,,,,,,,,,,,,,,,,,,,,manual (teclas “+” y “–”),,,,,"{""Ancho de horquilla"": ""120 mm"", ""Profundidad de horquilla"": ""59 mm""}",
6028454,WF50-40B416,WF,WF50,product,Sensores de registro (Registration/contrast sensors),G,G-149,148,1,,,,,,,,,,,,,,,,,,,,,,,Aprendizaje,,,,,"{""Ancho de horquilla"": ""50 mm"", ""Profundidad de horquilla"": ""42 mm""}",
6028455,WF80-40B416,WF,WF80,product,Sensores de registro (Registration/contrast sensors),G,G-149,148,1,,,,,,,,,,,,,,,,,,,,,,,Aprendizaje,,,,,"{""Ancho de horquilla"": ""80 mm"", ""Profundidad de horquilla"": ""42 mm""}",
6028456,WF120-40B416,WF,WF120,product,Sensores de registro (Registration/contrast sensors),G,G-149,148,1,,,,,,,,,,,,,,,,,,,,,,,Aprendizaje,,,,,"{""Ancho de horquilla"": ""120 mm"", ""Profundidad de horquilla"": ""42 mm""}",
6028461,WF50-60B416,WF,WF50,product,Sensores de registro (Registration/contrast sensors),G,G-149,148,1,,,,,,,,,,,,,,,,,,,,,,,Aprendizaje,,,,,"{""Ancho de horquilla"": ""50 mm"", ""Profundidad de horquilla"": ""59 mm""}",
6028462,WF80-60B416,WF,WF80,product,Sensores de registro (Registration/contrast sensors),G,G-149,148,1,,,,,,,,,,,,,,,,,,,,,,,Aprendizaje,,,,,"{""Ancho de horquilla"": ""80 mm"", ""Profundidad de horquilla"": ""59 mm""}",
6037819,WFM30-40P321,WFM,WFM30-40,product,Sensores de registro (Registration/contrast sensors),G,G-150,149,1,,Luz emisora roja claramente visible,www.mysick.com/es/WFM,,,,,,0.125,,,,,,PNP,Conmutación en oscuro,Conector macho M8 de 3 polos,,,,Luz emisora roja,,,IP 67,Carcasa de aluminio,,,"{""Ancho de horquilla"": ""30 mm"", ""Profundidad de horquilla"": ""42 mm"", ""MDO"": ""0,8 mm""}",product_name;light_type;enclosure_rating;housing_material;MDO
6037820,WFM30-40P311,WFM,WFM30-40,product,Sensores de registro (Registration/contrast sensors),G,G-150,149,1,,Luz emisora roja claramente visible,www.mysick.com/es/WFM,,,,,,0.125,,,,,,PNP,Conmutación en claro,Conector macho M8 de 3 polos,,,,Luz emisora roja,,,IP 67,Carcasa de aluminio,,,"{""Ancho de horquilla"": ""30 mm"", ""Profundidad de horquilla"": ""42 mm"", ""MDO"": ""0,8 mm""}",product_name;light_type;enclosure_rating;housing_material;MDO
6037821,WFM30-40N321,WFM,WFM30-40,product,Sensores de registro (Registration/contrast sensors),G,G-150,149,1,,Luz emisora roja claramente visible,www.mysick.com/es/WFM,,,,,,0.125,,,,,,NPN,Conmutación en oscuro,Conector macho M8 de 3 polos,,,,Luz emisora roja,,,IP 67,Carcasa de aluminio,,,"{""Ancho de horquilla"": ""30 mm"", ""Profundidad de horquilla"": ""42 mm"", ""MDO"": ""0,8 mm""}",product_name;light_type;enclosure_rating;housing_material;MDO
6037823,WFM30-40P121,WFM,WFM30-40,product,Sensores de registro (Registration/contrast sensors),G,G-150,149,1,,Luz emisora roja claramente visible,www.mysick.com/es/WFM,,,,,,0.125,,,,,,PNP,Conmutación en oscuro,"Cable 2 m, 3 polos",,,,Luz emisora roja,,,IP 67,Carcasa de aluminio,,,"{""Ancho de horquilla"": ""30 mm"", ""Profundidad de horquilla"": ""42 mm"", ""MDO"": ""0,8 mm""}",product_name;light_type;enclosure_rating;housing_material;MDO
6037824,WFM50-60P321,WFM,WFM50-60,product,Sensores de registro (Registration/contrast sensors),G,G-151,150,1,,Sensores de horquilla WFM,,,,,,,0.125,,,,,,PNP,Conmutación en oscuro,Conector macho M8 de 3 polos,,,,,,,,,,,"{""Ancho de horquilla"": ""50 mm"", ""Profundidad de horquilla"": ""60 mm"", ""MDO"": ""0,8 mm""}",product_name;other_specs
6037825,WFM50-60P311,WFM,WFM50-60,product,Sensores de registro (Registration/contrast sensors),G,G-151,150,1,,Sensores de horquilla WFM,,,,,,,0.125,,,,,,PNP,Conmutación en claro,Conector macho M8 de 3 polos,,,,,,,,,,,"{""Ancho de horquilla"": ""50 mm"", ""Profundidad de horquilla"": ""60 mm"", ""MDO"": ""0,8 mm""}",product_name;other_specs
6037826,WFM50-60N321,WFM,WFM50-60,product,Sensores de registro (Registration/contrast sensors),G,G-151,150,1,,Sensores de horquilla WFM,,,,,,,0.125,,,,,,NPN,Conmutación en oscuro,Conector macho M8 de 3 polos,,,,,,,,,,,"{""Ancho de horquilla"": ""50 mm"", ""Profundidad de horquilla"": ""60 mm"", ""MDO"": ""0,8 mm""}",product_name;other_specs
6037828,WFM80-60P321,WFM,WFM80-60,product,Sensores de registro (Registration/contrast sensors),G,G-151,150,1,,Sensores de horquilla WFM,,,,,,,0.125,,,,,,PNP,Conmutación en oscuro,Conector macho M8 de 3 polos,,,,,,,,,,,"{""Ancho de horquilla"": ""80 mm"", ""Profundidad de horquilla"": ""60 mm"", ""MDO"": ""0,8 mm""}",product_name;other_specs
6037829,WFM80-60P311,WFM,WFM80-60,product,Sensores de registro (Registration/contrast sensors),G,G-151,150,1,,Sensores de horquilla WFM,,,,,,,0.125,,,,,,PNP,Conmutación en claro,Conector macho M8 de 3 polos,,,,,,,,,,,"{""Ancho de horquilla"": ""80 mm"", ""Profundidad de horquilla"": ""60 mm"", ""MDO"": ""0,8 mm""}",product_name;other_specs
6037830,WFM80-60N321,WFM,WFM80-60,product,Sensores de registro (Registration/contrast sensors),G,G-151,150,1,,Sensores de horquilla WFM,,,,,,,0.125,,,,,,NPN,Conmutación en oscuro,Conector macho M8 de 3 polos,,,,,,,,,,,"{""Ancho de horquilla"": ""80 mm"", ""Profundidad de horquilla"": ""60 mm"", ""MDO"": ""0,8 mm""}",product_name;other_specs
6037832,WFM120-120P321,WFM,WFM120-120,product,Sensores de registro (Registration/contrast sensors),G,G-151,150,1,,Sensores de horquilla WFM,,,,,,,0.125,,,,,,PNP,Conmutación en oscuro,Conector macho M8 de 3 polos,,,,,,,,,,,"{""Ancho de horquilla"": ""120 mm"", ""Profundidad de horquilla"": ""124 mm"", ""MDO"": ""0,8 mm""}",product_name;other_specs
6037833,WFM120-120P311,WFM,WFM120-120,product,Sensores de registro (Registration/contrast sensors),G,G-151,150,1,,Sensores de horquilla WFM,,,,,,,0.125,,,,,,PNP,Conmutación en claro,Conector macho M8 de 3 polos,,,,,,,,,,,"{""Ancho de horquilla"": ""120 mm"", ""Profundidad de horquilla"": ""124 mm"", ""MDO"": ""0,8 mm""}",product_name;other_specs
6037834,WFM120-120N321,WFM,WFM120-120,product,Sensores de registro (Registration/contrast sensors),G,G-151,150,1,,Sensores de horquilla WFM,,,,,,,0.125,,,,,,NPN,Conmutación en oscuro,Conector macho M8 de 3 polos,,,,,,,,,,,"{""Ancho de horquilla"": ""120 mm"", ""Profundidad de horquilla"": ""124 mm"", ""MDO"": ""0,8 mm""}",product_name;other_specs
6037836,WFM180-120P321,WFM,WFM180-120,product,Sensores de registro (Registration/contrast sensors),G,G-151,150,1,,Sensores de horquilla WFM,,,,,,,0.125,,,,,,PNP,Conmutación en oscuro,Conector macho M8 de 3 polos,,,,,,,,,,,"{""Ancho de horquilla"": ""180 mm"", ""Profundidad de horquilla"": ""124 mm"", ""MDO"": ""1 mm""}",product_name;other_specs
6037837,WFM180-120P311,WFM,WFM180-120,product,Sensores de registro (Registration/contrast sensors),G,G-151,150,1,,Sensores de horquilla WFM,,,,,,,0.125,,,,,,PNP,Conmutación en claro,Conector macho M8 de 3 polos,,,,,,,,,,,"{""Ancho de horquilla"": ""180 mm"", ""Profundidad de horquilla"": ""124 mm"", ""MDO"": ""1 mm""}",product_name;other_specs
6037839,WFM180-120N311,WFM,WFM180-120,product,Sensores de registro (Registration/contrast sensors),G,G-151,150,1,,Sensores de horquilla WFM,,,,,,,0.125,,,,,,NPN,Conmutación en claro,Conector macho M8 de 3 polos,,,,,,,,,,,"{""Ancho de horquilla"": ""180 mm"", ""Profundidad de horquilla"": ""124 mm"", ""MDO"": ""1 mm""}",product_name;other_specs
6052308,OD1-B035C15Q14,OD Mini,OD1,product,Sensores de distancia (Distance sensors),H,H-156,155,1,,Sensores de distancia de corto alcance (desplazamiento),www.mysick.com/es/OD_Mini,20,50,,,,,,,,,,"1 x PNP/NPN, seleccionable",,Conector macho M8 de 4 polos,,,,,,,,Carcasa de aluminio con lente PPSU,,,"{""Subgama de productos"": ""OD Mini Core""}",product_name
6052309,OD1-B035C15Q15,OD Mini,OD1,product,Sensores de distancia (Distance sensors),H,H-156,155,1,,Sensores de distancia de corto alcance (desplazamiento),www.mysick.com/es/OD_Mini,20,50,,,,,,,,,,"1 x PNP/NPN, seleccionable",,"Cable con conector macho M12 de 5 polos, 30 cm",,,,,,,,Carcasa de aluminio con lente PPSU,,,"{""Subgama de productos"": ""OD Mini Core""}",product_name
6052326,OD1-B150F0AQ14,OD Mini,OD1,product,Sensores de distancia (Distance sensors),H,H-156,155,1,,Sensores de distancia de corto alcance (desplazamiento),www.mysick.com/es/OD_Mini,50,250,,,,,,,,,,"1 x PNP/NPN, seleccionable",,Conector macho M8 de 4 polos,,,,,,,,Carcasa de aluminio con lente PPSU,,,"{""Subgama de productos"": ""OD Mini Core""}",product_name
6052327,OD1-B150F0AQ15,OD Mini,OD1,product,Sensores de distancia (Distance sensors),H,H-156,155,1,,Sensores de distancia de corto alcance (desplazamiento),www.mysick.com/es/OD_Mini,50,250,,,,,,,,,,"1 x PNP/NPN, seleccionable",,"Cable con conector macho M12 de 5 polos, 30 cm",,,,,,,,Carcasa de aluminio con lente PPSU,,,"{""Subgama de productos"": ""OD Mini Core""}",product_name
6050495,OD1-B015H05I14,OD Mini,OD Mini Prime,product,Sensores de distancia (Distance sensors),H,H-157,156,1,,Sensores de distancia de corto alcance (desplazamiento),,10,20,,,,,,,,,,,,Conector macho M8 de 4 polos,,,,,,,,Carcasa de acero inoxidable con lente PPSU,1 x 4 mA ... 20 mA (< 300 Ω),,,subfamily;product_name
6050496,OD1-B015H05I25,OD Mini,OD Mini Prime,product,Sensores de distancia (Distance sensors),H,H-157,156,1,,Sensores de distancia de corto alcance (desplazamiento),,10,20,,,,,,,,,,"1 x PNP/NPN, seleccionable",,"Cable con conector macho M12 de 5 polos, 30 cm",,,,,,,,Carcasa de acero inoxidable con lente PPSU,1 x 4 mA ... 20 mA (< 300 Ω),,,subfamily;product_name
6050497,OD1-B015H05U14,OD Mini,OD Mini Prime,product,Sensores de distancia (Distance sensors),H,H-157,156,1,,Sensores de distancia de corto alcance (desplazamiento),,10,20,,,,,,,,,,,,Conector macho M8 de 4 polos,,,,,,,,Carcasa de acero inoxidable con lente PPSU,1 x 0 V ... 10 V (> 10 kΩ),,,subfamily;product_name
6050498,OD1-B015H05U25,OD Mini,OD Mini Prime,product,Sensores de distancia (Distance sensors),H,H-157,156,1,,Sensores de distancia de corto alcance (desplazamiento),,10,20,,,,,,,,,,"1 x PNP/NPN, seleccionable",,"Cable con conector macho M12 de 5 polos, 30 cm",,,,,,,,Carcasa de acero inoxidable con lente PPSU,1 x 0 V ... 10 V (> 10 kΩ),,,subfamily;product_name
6050503,OD1-B035H15I14,OD Mini,OD Mini Prime,product,Sensores de distancia (Distance sensors),H,H-157,156,1,,Sensores de distancia de corto alcance (desplazamiento),,20,50,,,,,,,,,,,,Conector macho M8 de 4 polos,,,,,,,,Carcasa de acero inoxidable con lente PPSU,1 x 4 mA ... 20 mA (< 300 Ω),,,subfamily;product_name
6050504,OD1-B035H15I25,OD Mini,OD Mini Prime,product,Sensores de distancia (Distance sensors),H,H-157,156,1,,Sensores de distancia de corto alcance (desplazamiento),,20,50,,,,,,,,,,"1 x PNP/NPN, seleccionable",,"Cable con conector macho M12 de 5 polos, 30 cm",,,,,,,,Carcasa de acero inoxidable con lente PPSU,1 x 4 mA ... 20 mA (< 300 Ω),,,subfamily;product_name
6050505,OD1-B035H15U14,OD Mini,OD Mini Prime,product,Sensores de distancia (Distance sensors),H,H-157,156,1,,Sensores de distancia de corto alcance (desplazamiento),,20,50,,,,,,,,,,,,Conector macho M8 de 4 polos,,,,,,,,Carcasa de acero inoxidable con lente PPSU,1 x 0 V ... 10 V (> 10 kΩ),,,subfamily;product_name
6050506,OD1-B035H15U25,OD Mini,OD Mini Prime,product,Sensores de distancia (Distance sensors),H,H-157,156,1,,Sensores de distancia de corto alcance (desplazamiento),,20,50,,,,,,,,,,"1 x PNP/NPN, seleccionable",,"Cable con conector macho M12 de 5 polos, 30 cm",,,,,,,,Carcasa de acero inoxidable con lente PPSU,1 x 0 V ... 10 V (> 10 kΩ),,,subfamily;product_name
6050511,OD1-B100H50I14,OD Mini,OD Mini Prime,product,Sensores de distancia (Distance sensors),H,H-157,156,1,,Sensores de distancia de corto alcance (desplazamiento),,50,150,,,,,,,,,,,,Conector macho M8 de 4 polos,,,,,,,,Carcasa de acero inoxidable con lente PPSU,1 x 4 mA ... 20 mA (< 300 Ω),,,subfamily;product_name
6050512,OD1-B100H50I25,OD Mini,OD Mini Prime,product,Sensores de distancia (Distance sensors),H,H-157,156,1,,Sensores de distancia de corto alcance (desplazamiento),,50,150,,,,,,,,,,"1 x PNP/NPN, seleccionable",,"Cable con conector macho M12 de 5 polos, 30 cm",,,,,,,,Carcasa de acero inoxidable con lente PPSU,1 x 4 mA ... 20 mA (< 300 Ω),,,subfamily;product_name
6050513,OD1-B100H50U14,OD Mini,OD Mini Prime,product,Sensores de distancia (Distance sensors),H,H-157,156,1,,Sensores de distancia de corto alcance (desplazamiento),,50,150,,,,,,,,,,,,Conector macho M8 de 4 polos,,,,,,,,Carcasa de acero inoxidable con lente PPSU,1 x 0 V ... 10 V (> 10 kΩ),,,subfamily;product_name
6050514,OD1-B100H50U25,OD Mini,OD Mini Prime,product,Sensores de distancia (Distance sensors),H,H-157,156,1,,Sensores de distancia de corto alcance (desplazamiento),,50,150,,,,,,,,,,"1 x PNP/NPN, seleccionable",,"Cable con conector macho M12 de 5 polos, 30 cm",,,,,,,,Carcasa de acero inoxidable con lente PPSU,1 x 0 V ... 10 V (> 10 kΩ),,,subfamily;product_name
6050519,OD1-B015C05I14,OD Mini,OD Mini Prime,product,Sensores de distancia (Distance sensors),H,H-157,156,1,,Sensores de distancia de corto alcance (desplazamiento),,10,20,,,,,,,,,,,,Conector macho M8 de 4 polos,,,,,,,,Carcasa de aluminio con lente PPSU,1 x 4 mA ... 20 mA (< 300 Ω),,,subfamily;product_name
6050520,OD1-B015C05I25,OD Mini,OD Mini Prime,product,Sensores de distancia (Distance sensors),H,H-157,156,1,,Sensores de distancia de corto alcance (desplazamiento),,10,20,,,,,,,,,,"1 x PNP/NPN, seleccionable",,"Cable con conector macho M12 de 5 polos, 30 cm",,,,,,,,Carcasa de aluminio con lente PPSU,1 x 4 mA ... 20 mA (< 300 Ω),,,subfamily;product_name
6050523,OD1-B035C15I14,OD Mini,OD Mini Prime,product,Sensores de distancia (Distance sensors),H,H-157,156,1,,Sensores de distancia de corto alcance (desplazamiento),,20,50,,,,,,,,,,,,Conector macho M8 de 4 polos,,,,,,,,Carcasa de aluminio con lente PPSU,1 x 4 mA ... 20 mA (< 300 Ω),,,subfamily;product_name
6050524,OD1-B035C15I25,OD Mini,OD Mini Prime,product,Sensores de distancia (Distance sensors),H,H-157,156,1,,Sensores de distancia de corto alcance (desplazamiento),,20,50,,,,,,,,,,"1 x PNP/NPN, seleccionable",,"Cable con conector macho M12 de 5 polos, 30 cm",,,,,,,,Carcasa de aluminio con lente PPSU,1 x 4 mA ... 20 mA (< 300 Ω),,,subfamily;product_name
6050527,OD1-B100C50I14,OD Mini,OD Mini Prime,product,Sensores de distancia (Distance sensors),H,H-157,156,1,,Sensores de distancia de corto alcance (desplazamiento),,50,150,,,,,,,,,,,,Conector macho M8 de 4 polos,,,,,,,,Carcasa de aluminio con lente PPSU,1 x 4 mA ... 20 mA (< 300 Ω),,,subfamily;product_name
6050528,OD1-B100C50I25,OD Mini,OD Mini Prime,product,Sensores de distancia (Distance sensors),H,H-157,156,1,,Sensores de distancia de corto alcance (desplazamiento),,50,150,,,,,,,,,,"1 x PNP/NPN, seleccionable",,"Cable con conector macho M12 de 5 polos, 30 cm",,,,,,,,Carcasa de aluminio con lente PPSU,1 x 4 mA ... 20 mA (< 300 Ω),,,subfamily;product_name
6036637,OD2-N250W150I0,OD Value,OD2,product,Sensores de distancia (Distance sensors),H,H-159,158,1,,Sensores de distancia de corto alcance (desplazamiento),www.mysick.com/es/OD_Value,100,400,,,100,,,,,75,µm,2 NPN (100 mA),,Conector macho M12 de 8 polos,,,,láser,"1,8 mm x 3,5 mm (250 mm)",,,,4 mA ... 20 mA (≤ 300 Ω),,"{""Frecuencia de medición"": ""1,3 kHz"", ""Reproducibilidad"": ""225 µm"", ""Linealidad"": ""± 750 µm"", ""Tiempo de respuesta"": ""2 ms / 15 ms / 50 ms""}",light_type;product_name
6036638,OD2-N250W150U0,OD Value,OD2,product,Sensores de distancia (Distance sensors),H,H-159,158,1,,Sensores de distancia de corto alcance (desplazamiento),www.mysick.com/es/OD_Value,100,400,,,100,,,,,75,µm,2 NPN (100 mA),,Conector macho M12 de 8 polos,,,,láser,"1,8 mm x 3,5 mm (250 mm)",,,,,,"{""Frecuencia de medición"": ""1,3 kHz"", ""Reproducibilidad"": ""225 µm"", ""Linealidad"": ""± 750 µm"", ""Tiempo de respuesta"": ""2 ms / 15 ms / 50 ms""}",light_type;product_name
6036644,OD2-P250W150A2,OD Value,OD2,product,Sensores de distancia (Distance sensors),H,H-159,158,1,,Sensores de distancia de corto alcance (desplazamiento),www.mysick.com/es/OD_Value,100,400,,,100,,,,,75,µm,1 PNP (100 mA),,Cable de 2 m,,,,láser,"1,8 mm x 3,5 mm (250 mm)",,,,RS-422,,"{""Frecuencia de medición"": ""1,3 kHz"", ""Reproducibilidad"": ""225 µm"", ""Linealidad"": ""± 750 µm"", ""Tiempo de respuesta"": ""2 ms / 15 ms / 50 ms""}",light_type;product_name
6036645,OD2-P250W150I0,OD Value,OD2,product,Sensores de distancia (Distance sensors),H,H-159,158,1,,Sensores de distancia de corto alcance (desplazamiento),www.mysick.com/es/OD_Value,100,400,,,100,,,,,75,µm,2 PNP (100 mA),,Conector macho M12 de 8 polos,,,,láser,"1,8 mm x 3,5 mm (250 mm)",,,,4 mA ... 20 mA (≤ 300 Ω),,"{""Frecuencia de medición"": ""1,3 kHz"", ""Reproducibilidad"": ""225 µm"", ""Linealidad"": ""± 750 µm"", ""Tiempo de respuesta"": ""2 ms / 15 ms / 50 ms""}",light_type;product_name
6036646,OD2-P250W150U0,OD Value,OD2,product,Sensores de distancia (Distance sensors),H,H-159,158,1,,Sensores de distancia de corto alcance (desplazamiento),www.mysick.com/es/OD_Value,100,400,,,100,,,,,75,µm,2 PNP (100 mA),,Conector macho M12 de 8 polos,,,,láser,"1,8 mm x 3,5 mm (250 mm)",,,,0 V ... 10 V (≥ 10 kΩ),,"{""Frecuencia de medición"": ""1,3 kHz"", ""Reproducibilidad"": ""225 µm"", ""Linealidad"": ""± 750 µm"", ""Tiempo de respuesta"": ""2 ms / 15 ms / 50 ms""}",light_type;product_name
6036647,OD2-P250W150C0,OD Value,OD2,product,Sensores de distancia (Distance sensors),H,H-159,158,1,,Sensores de distancia de corto alcance (desplazamiento),www.mysick.com/es/OD_Value,100,400,,,100,,,,,75,µm,2 PNP (100 mA),,Conector macho M12 de 8 polos,,,,láser,"1,8 mm x 3,5 mm (250 mm)",,,,,,"{""Frecuencia de medición"": ""1,3 kHz"", ""Reproducibilidad"": ""225 µm"", ""Linealidad"": ""± 750 µm"", ""Tiempo de respuesta"": ""2 ms / 15 ms / 50 ms""}",light_type;product_name
6036576,OD2-P30W04I2,OD Value,OD2,product,Sensores de distancia (Distance sensors),H,H-160,159,1,,Sensores de distancia de corto alcance (desplazamiento),,26,34,,,100,,,,,,,2 PNP (100 mA),,Cable de 2 m,,,,,"0,1 mm x 0,1 mm (30 mm)",,,,4 mA ... 20 mA (≤ 300 Ω),,"{""Resolución"": ""2 µm ... 2 µm"", ""Reproducibilidad"": ""6 µm"", ""Linealidad"": ""± 8 µm"", ""Reflexión"": ""6% ... 90% de reflexión"", ""Frecuencia de medición"": ""2 kHz"", ""Tiempo de respuesta"": ""1 ms / 10 ms / 35 ms"", ""Resolución de la salida analógica"": ""16 bits""}",Tiempo de respuesta;Resolución de la salida analógica
6036580,OD2-P30W04I0,OD Value,OD2,product,Sensores de distancia (Distance sensors),H,H-160,159,1,,Sensores de distancia de corto alcance (desplazamiento),,26,34,,,100,,,,,,,2 PNP (100 mA),,Conector macho M12 de 8 polos,,,,,"0,1 mm x 0,1 mm (30 mm)",,,,4 mA ... 20 mA (≤ 300 Ω),,"{""Resolución"": ""2 µm ... 2 µm"", ""Reproducibilidad"": ""6 µm"", ""Linealidad"": ""± 8 µm"", ""Reflexión"": ""6% ... 90% de reflexión"", ""Frecuencia de medición"": ""2 kHz"", ""Tiempo de respuesta"": ""1 ms / 10 ms / 35 ms"", ""Resolución de la salida analógica"": ""16 bits""}",Tiempo de respuesta;Resolución de la salida analógica
6036581,OD2-P30W04U0,OD Value,OD2,product,Sensores de distancia (Distance sensors),H,H-160,159,1,,Sensores de distancia de corto alcance (desplazamiento),,26,34,,,100,,,,,,,2 PNP (100 mA),,Conector macho M12 de 8 polos,,,,,"0,1 mm x 0,1 mm (30 mm)",,,,0 V ... 10 V (≥ 10 kΩ),,"{""Resolución"": ""2 µm ... 2 µm"", ""Reproducibilidad"": ""6 µm"", ""Linealidad"": ""± 8 µm"", ""Reflexión"": ""6% ... 90% de reflexión"", ""Frecuencia de medición"": ""2 kHz"", ""Tiempo de respuesta"": ""1 ms / 10 ms / 35 ms"", ""Resolución de la salida analógica"": ""16 bits""}",Tiempo de respuesta;Resolución de la salida analógica
6036584,OD2-N50W10I2,OD Value,OD2,product,Sensores de distancia (Distance sensors),H,H-160,159,1,,Sensores de distancia de corto alcance (desplazamiento),,40,60,,,100,,,,,,,2 NPN (100 mA),,Cable de 2 m,,,,,"0,5 mm x 1 mm (50 mm)",,,,4 mA ... 20 mA (≤ 300 Ω),,"{""Resolución"": ""5 µm ... 5 µm"", ""Reproducibilidad"": ""15 µm"", ""Linealidad"": ""± 20 µm"", ""Reflexión"": ""6% ... 90% de reflexión"", ""Frecuencia de medición"": ""2 kHz"", ""Tiempo de respuesta"": ""1 ms / 10 ms / 35 ms"", ""Resolución de la salida analógica"": ""16 bits""}",Tiempo de respuesta;Resolución de la salida analógica
6036585,OD2-N50W10U2,OD Value,OD2,product,Sensores de distancia (Distance sensors),H,H-160,159,1,,Sensores de distancia de corto alcance (desplazamiento),,40,60,,,100,,,,,,,2 NPN (100 mA),,Cable de 2 m,,,,,"0,5 mm x 1 mm (50 mm)",,,,0 V ... 10 V (≥ 10 kΩ),,"{""Resolución"": ""5 µm ... 5 µm"", ""Reproducibilidad"": ""15 µm"", ""Linealidad"": ""± 20 µm"", ""Reflexión"": ""6% ... 90% de reflexión"", ""Frecuencia de medición"": ""2 kHz"", ""Tiempo de respuesta"": ""1 ms / 10 ms / 35 ms"", ""Resolución de la salida analógica"": ""16 bits""}",Tiempo de respuesta;Resolución de la salida analógica
6036592,OD2-P50W10I2,OD Value,OD2,product,Sensores de distancia (Distance sensors),H,H-160,159,1,,Sensores de distancia de corto alcance (desplazamiento),,40,60,,,100,,,,,,,2 PNP (100 mA),,Cable de 2 m,,,,,"0,5 mm x 1 mm (50 mm)",,,,4 mA ... 20 mA (≤ 300 Ω),,"{""Resolución"": ""5 µm ... 5 µm"", ""Reproducibilidad"": ""15 µm"", ""Linealidad"": ""± 20 µm"", ""Reflexión"": ""6% ... 90% de reflexión"", ""Frecuencia de medición"": ""2 kHz"", ""Tiempo de respuesta"": ""1 ms / 10 ms / 35 ms"", ""Resolución de la salida analógica"": ""16 bits""}",Tiempo de respuesta;Resolución de la salida analógica
6036597,OD2-P50W10I0,OD Value,OD2,product,Sensores de distancia (Distance sensors),H,H-160,159,1,,Sensores de distancia de corto alcance (desplazamiento),,40,60,,,100,,,,,,,2 PNP (100 mA),,Conector macho M12 de 8 polos,,,,,"0,5 mm x 1 mm (50 mm)",,,,4 mA ... 20 mA (≤ 300 Ω),,"{""Resolución"": ""5 µm ... 5 µm"", ""Reproducibilidad"": ""15 µm"", ""Linealidad"": ""± 20 µm"", ""Reflexión"": ""6% ... 90% de reflexión"", ""Frecuencia de medición"": ""2 kHz"", ""Tiempo de respuesta"": ""1 ms / 10 ms / 35 ms"", ""Resolución de la salida analógica"": ""16 bits""}",Tiempo de respuesta;Resolución de la salida analógica
6036598,OD2-P50W10U0,OD Value,OD2,product,Sensores de distancia (Distance sensors),H,H-160,159,1,,Sensores de distancia de corto alcance (desplazamiento),,40,60,,,100,,,,,,,2 PNP (100 mA),,Conector macho M12 de 8 polos,,,,,"0,5 mm x 1 mm (50 mm)",,,,0 V ... 10 V (≥ 10 kΩ),,"{""Resolución"": ""5 µm ... 5 µm"", ""Reproducibilidad"": ""15 µm"", ""Linealidad"": ""± 20 µm"", ""Reflexión"": ""6% ... 90% de reflexión"", ""Frecuencia de medición"": ""2 kHz"", ""Tiempo de respuesta"": ""1 ms / 10 ms / 35 ms"", ""Resolución de la salida analógica"": ""16 bits""}",Tiempo de respuesta;Resolución de la salida analógica
6036610,OD2-P85W20U2,OD Value,OD2,product,Sensores de distancia (Distance sensors),H,H-160,159,1,,Sensores de distancia de corto alcance (desplazamiento),,65,105,,,100,,,,,,,2 PNP (100 mA),,Cable de 2 m,,,,,"0,8 mm x 1,3 mm (85 mm)",,,,0 V ... 10 V (≥ 10 kΩ),,"{""Resolución"": ""10 µm ... 10 µm"", ""Reproducibilidad"": ""30 µm"", ""Linealidad"": ""± 40 µm"", ""Reflexión"": ""6% ... 90% de reflexión"", ""Frecuencia de medición"": ""2 kHz"", ""Tiempo de respuesta"": ""1 ms / 10 ms / 35 ms"", ""Resolución de la salida analógica"": ""16 bits""}",Tiempo de respuesta;Resolución de la salida analógica
6036614,OD2-P85W20U0,OD Value,OD2,product,Sensores de distancia (Distance sensors),H,H-160,159,1,,Sensores de distancia de corto alcance (desplazamiento),,65,105,,,100,,,,,,,2 PNP (100 mA),,Conector macho M12 de 8 polos,,,,,"0,8 mm x 1,3 mm (85 mm)",,,,0 V ... 10 V (≥ 10 kΩ),,"{""Resolución"": ""10 µm ... 10 µm"", ""Reproducibilidad"": ""30 µm"", ""Linealidad"": ""± 40 µm"", ""Reflexión"": ""6% ... 90% de reflexión"", ""Frecuencia de medición"": ""2 kHz"", ""Tiempo de respuesta"": ""1 ms / 10 ms / 35 ms"", ""Resolución de la salida analógica"": ""16 bits""}",Tiempo de respuesta;Resolución de la salida analógica
6036618,OD2-N120W60U2,OD Value,OD2,product,Sensores de distancia (Distance sensors),H,H-160,159,1,,Sensores de distancia de corto alcance (desplazamiento),,60,180,,,100,,,,,,,2 NPN (100 mA),,Cable de 2 m,,,,,"1 mm x 1,5 mm (120 mm)",,,,0 V ... 10 V (≥ 10 kΩ),,"{""Resolución"": ""30 µm ... 30 µm"", ""Reproducibilidad"": ""90 µm"", ""Linealidad"": ""± 120 µm"", ""Reflexión"": ""6% ... 90% de reflexión"", ""Frecuencia de medición"": ""2 kHz"", ""Tiempo de respuesta"": ""1 ms / 10 ms / 35 ms"", ""Resolución de la salida analógica"": ""16 bits""}",Tiempo de respuesta;Resolución de la salida analógica
6036625,OD2-P120W60I2,OD Value,OD2,product,Sensores de distancia (Distance sensors),H,H-160,159,1,,Sensores de distancia de corto alcance (desplazamiento),,60,180,,,100,,,,,,,2 PNP (100 mA),,Cable de 2 m,,,,,"1 mm x 1,5 mm (120 mm)",,,,4 mA ... 20 mA (≤ 300 Ω),,"{""Resolución"": ""30 µm ... 30 µm"", ""Reproducibilidad"": ""90 µm"", ""Linealidad"": ""± 120 µm"", ""Reflexión"": ""6% ... 90% de reflexión"", ""Frecuencia de medición"": ""2 kHz"", ""Tiempo de respuesta"": ""1 ms / 10 ms / 35 ms"", ""Resolución de la salida analógica"": ""16 bits""}",Tiempo de respuesta;Resolución de la salida analógica
6036629,OD2-P120W60I0,OD Value,OD2,product,Sensores de distancia (Distance sensors),H,H-160,159,1,,Sensores de distancia de corto alcance (desplazamiento),,60,180,,,100,,,,,,,2 PNP (100 mA),,Conector macho M12 de 8 polos,,,,,"1 mm x 1,5 mm (120 mm)",,,,4 mA ... 20 mA (≤ 300 Ω),,"{""Resolución"": ""30 µm ... 30 µm"", ""Reproducibilidad"": ""90 µm"", ""Linealidad"": ""± 120 µm"", ""Reflexión"": ""6% ... 90% de reflexión"", ""Frecuencia de medición"": ""2 kHz"", ""Tiempo de respuesta"": ""1 ms / 10 ms / 35 ms"", ""Resolución de la salida analógica"": ""16 bits""}",Tiempo de respuesta;Resolución de la salida analógica
6036630,OD2-P120W60U0,OD Value,OD2,product,Sensores de distancia (Distance sensors),H,H-160,159,1,,Sensores de distancia de corto alcance (desplazamiento),,60,180,,,100,,,,,,,2 PNP (100 mA),,Conector macho M12 de 8 polos,,,,,"1 mm x 1,5 mm (120 mm)",,,,0 V ... 10 V (≥ 10 kΩ),,"{""Resolución"": ""30 µm ... 30 µm"", ""Reproducibilidad"": ""90 µm"", ""Linealidad"": ""± 120 µm"", ""Reflexión"": ""6% ... 90% de reflexión"", ""Frecuencia de medición"": ""2 kHz"", ""Tiempo de respuesta"": ""1 ms / 10 ms / 35 ms"", ""Resolución de la salida analógica"": ""16 bits""}",Tiempo de respuesta;Resolución de la salida analógica
6036632,OD2-P120W60A0,OD Value,OD2,product,Sensores de distancia (Distance sensors),H,H-160,159,1,,Sensores de distancia de corto alcance (desplazamiento),,60,180,,,100,,,,,,,1 PNP (100 mA),,Conector macho M12 de 8 polos,,,,,"1 mm x 1,5 mm (120 mm)",,,,RS-422,,"{""Resolución"": ""30 µm ... 30 µm"", ""Reproducibilidad"": ""90 µm"", ""Linealidad"": ""± 120 µm"", ""Reflexión"": ""6% ... 90% de reflexión"", ""Frecuencia de medición"": ""2 kHz"", ""Tiempo de respuesta"": ""1 ms / 10 ms / 35 ms"", ""Resolución de la salida analógica"": ""16 bits""}",Tiempo de respuesta;Resolución de la salida analógica
6020663,DOL-1208-G02MF,OD Value,,accessory,Sensores de distancia (Distance sensors),H,H-161,160,1,,,,,,,,,,,,,,,,,,,,,,,,,,,"Cabezal A: conector hembra M12 de 8 polos, recto Cabezal B: cable Cable: código de color especial, PVC, apantallado, 2 m","{""Accesorios"": ""Conectores y cables""}",
1057651,DT35-B15551,Dx35,DT35,product,Sensores de distancia (Distance sensors),H,H-162,161,1,,Sensores de distancia de medio alcance,www.mysick.com/es/Dx35,50,12000,,,,,,,,,,"1 x / 2 x en contrafase: PNP/ NPN (100 mA), IO-Link 3)",,,,,,"Láser rojo, clase 1",,,,,,,"{""Salida analógica"": ""1 x 4 mA ... 20 mA (≤ 450 Ω) / 1 x 0 V ... 10 V (≥ 50 kΩ) / –"", ""Tiempo de respuesta"": ""4,5 ms / 12,5 ms / 24,5 ms / 48,5 ms / 192,5 ms""}",product_name;sensing_range_min_mm;sensing_range_max_mm
1057652,DT35-B15251,Dx35,DT35,product,Sensores de distancia (Distance sensors),H,H-162,161,1,,Sensores de distancia de medio alcance,www.mysick.com/es/Dx35,50,12000,,,,,,,,,,"1 x / 2 x en contrafase: PNP/ NPN (100 mA), IO-Link 3)",,,,,,"Láser rojo, clase 2",,,,,,,"{""Salida analógica"": ""1 x 4 mA ... 20 mA (≤ 450 Ω) / 1 x 0 V ... 10 V (≥ 50 kΩ) / –"", ""Tiempo de respuesta"": ""2,5 ms / 6,5 ms / 12,5 ms / 24,5 ms / 96,5 ms""}",product_name;sensing_range_min_mm;sensing_range_max_mm
1057653,DT35-B15851,Dx35,DT35,product,Sensores de distancia (Distance sensors),H,H-162,161,1,,Sensores de distancia de medio alcance,www.mysick.com/es/Dx35,50,12000,,,,,,,,,,"1 x / 2 x en contrafase: PNP/ NPN (100 mA), IO-Link 3)",,,,,,"Láser infrarrojo, clase 1",,,,,,,"{""Salida analógica"": ""1 x 4 mA ... 20 mA (≤ 450 Ω) / 1 x 0 V ... 10 V (≥ 50 kΩ) / –"", ""Tiempo de respuesta"": ""2,5 ms / 6,5 ms / 12,5 ms / 24,5 ms / 96,5 ms""}",product_name;sensing_range_min_mm;sensing_range_max_mm
1057654,DS35-B15521,Dx35,DS35,product,Sensores de distancia (Distance sensors),H,H-162,161,1,,Sensores de distancia de medio alcance,www.mysick.com/es/Dx35,50,12000,,,,,,,,,,"2 x en contrafase: PNP/ NPN (100 mA), IO-Link 8)",,,,,,"Láser rojo, clase 1",,,,,,,"{""Salida analógica"": ""–"", ""Tiempo de respuesta"": ""4,5 ms / 12,5 ms / 24,5 ms / 48,5 ms / 192,5 ms""}",product_name;sensing_range_min_mm;sensing_range_max_mm
1057655,DS35-B15221,Dx35,DS35,product,Sensores de distancia (Distance sensors),H,H-162,161,1,,Sensores de distancia de medio alcance,www.mysick.com/es/Dx35,50,12000,,,,,,,,,,"2 x en contrafase: PNP/ NPN (100 mA), IO-Link 8)",,,,,,"Láser rojo, clase 2",,,,,,,"{""Salida analógica"": ""–"", ""Tiempo de respuesta"": ""2,5 ms / 6,5 ms / 12,5 ms / 24,5 ms / 96,5 ms""}",product_name;sensing_range_min_mm;sensing_range_max_mm
1057656,DS35-B15821,Dx35,DS35,product,Sensores de distancia (Distance sensors),H,H-162,161,1,,Sensores de distancia de medio alcance,www.mysick.com/es/Dx35,50,12000,,,,,,,,,,"2 x en contrafase: PNP/ NPN (100 mA), IO-Link 8)",,,,,,"Láser infrarrojo, clase 1",,,,,,,"{""Salida analógica"": ""–"", ""Tiempo de respuesta"": ""2,5 ms / 6,5 ms / 12,5 ms / 24,5 ms / 96,5 ms""}",product_name;sensing_range_min_mm;sensing_range_max_mm
1057657,DL35-B15552,Dx35,DL35,product,Sensores de distancia (Distance sensors),H,H-162,161,1,,Sensores de distancia de medio alcance,www.mysick.com/es/Dx35,200,35000,,,,,,,,,,"1 x / 2 x en contrafase: PNP/ NPN (100 mA), IO-Link 8)",,,,,,"Láser rojo, clase 1",,,,,,,"{""Salida analógica"": ""1 x 4 mA ... 20 mA (≤ 450 Ω) / 1 x 0 V ... 10 V (≥ 50 kΩ) / –"", ""Tiempo de respuesta"": ""2,5 ms / 6,5 ms / 12,5 ms / 24,5 ms / 96,5 ms""}",product_name;sensing_range_min_mm;sensing_range_max_mm
1057658,DL35-B15852,Dx35,DL35,product,Sensores de distancia (Distance sensors),H,H-162,161,1,,Sensores de distancia de medio alcance,www.mysick.com/es/Dx35,200,35000,,,,,,,,,,"1 x / 2 x en contrafase: PNP/ NPN (100 mA), IO-Link 8)",,,,,,"Láser infrarrojo, clase 1",,,,,,,"{""Salida analógica"": ""1 x 4 mA ... 20 mA (≤ 450 Ω) / 1 x 0 V ... 10 V (≥ 50 kΩ) / –"", ""Tiempo de respuesta"": ""2,5 ms / 6,5 ms / 12,5 ms / 24,5 ms / 96,5 ms""}",product_name;sensing_range_min_mm;sensing_range_max_mm
1057659,DR35-B15522,Dx35,DR35,product,Sensores de distancia (Distance sensors),H,H-162,161,1,,Sensores de distancia de medio alcance,www.mysick.com/es/Dx35,200,35000,,,,,,,,,,"2 x en contrafase: PNP/ NPN (100 mA), IO-Link 8)",,,,,,"Láser rojo, clase 1",,,,,,,"{""Salida analógica"": ""–"", ""Tiempo de respuesta"": ""2,5 ms / 6,5 ms / 12,5 ms / 24,5 ms / 96,5 ms""}",product_name;sensing_range_min_mm;sensing_range_max_mm
1057660,DR35-B15822,Dx35,DR35,product,Sensores de distancia (Distance sensors),H,H-162,161,1,,Sensores de distancia de medio alcance,www.mysick.com/es/Dx35,200,35000,,,,,,,,,,"2 x en contrafase: PNP/ NPN (100 mA), IO-Link 8)",,,,,,"Láser infrarrojo, clase 1",,,,,,,"{""Salida analógica"": ""–"", ""Tiempo de respuesta"": ""2,5 ms / 6,5 ms / 12,5 ms / 24,5 ms / 96,5 ms""}",product_name;sensing_range_min_mm;sensing_range_max_mm
2048370,BEF-WN-DX50,Dx35,,accessory,Sensores de distancia (Distance sensors),H,H-163,162,1,,,,,,,,,,,,,,,,,,,,,,,,,,,"Escuadra de fijación, acero galvanizado, con material de fijación para el sensor",,
4019634,REF-DG-K,Dx35,,accessory,Sensores de distancia (Distance sensors),H,H-163,162,1,,,,,,,,,,,,,,,,,,,,,,,,,,,"Lámina reflectora “Diamond Grade”, autoadhesiva, configurable a partir de hojas, 74,9 cm x 91,4 cm, autoadhesiva",,
6008899,DOL-1205-G02M,Dx35,,accessory,Sensores de distancia (Distance sensors),H,H-163,162,6,B-51;B-60;G-142;H-158;H-165,,,,,,,,,,,,,,,,"Cabezal A: conector hembra M12 de 5 polos, recto",,,,,,,,,,"Cabezal A: conector hembra M12 de 5 polos, recto; Cabezal B: cable; Cable: PVC, sin apantallar, 2 m",,
6008900,DOL-1205-W02M,Dx35,,accessory,Sensores de distancia (Distance sensors),H,H-163,162,3,G-142;H-165,,,,,,,,,,,,,,,,"Cabezal A: conector hembra M12 de 5 polos, acodado",,,,,,,,,,"Cabezal A: conector hembra M12 de 5 polos, acodado; Cabezal B: cable; Cable: PVC, sin apantallar, 2 m",,
1044369,DT50-P1113,Dx50,DT50,product,Sensores de distancia (Distance sensors),H,H-164,163,1,,Sensor de distancia de medio alcance con tecnología HDDM™,www.mysick.com/es/Dx50,200,10000,,,100,20,,-30,65,,,PNP,,,,,,Láser,,,,fundición de cinc,,,"{""Salida analógica"": ""1 x 4 mA ... 20 mA (≤ 300 Ω)"", ""Campo de medición (18% de reflexión)"": ""200 mm ... 6.500 mm"", ""Campo de medición (6% de reflexión)"": ""200 mm ... 4.000 mm"", ""Tiempo de respuesta"": ""20 ms / 30 ms"", ""Salida de conmutación"": ""1 PNP (100 mA)""}",product_name;operating_temp_min_c;operating_temp_max_c;housing_material;light_type;response_time_ms;Salida analógica
1047118,DT50-P1123,Dx50,DT50,product,Sensores de distancia (Distance sensors),H,H-164,163,1,,Sensor de distancia de medio alcance con tecnología HDDM™,www.mysick.com/es/Dx50,200,10000,,,100,20,,-30,65,,,PNP,,,,,,Láser,,,,fundición de cinc,,,"{""Salida analógica"": ""1 x 4 mA ... 20 mA (≤ 300 Ω)"", ""Campo de medición (18% de reflexión)"": ""200 mm ... 5.000 mm"", ""Campo de medición (6% de reflexión)"": ""200 mm ... 2.500 mm"", ""Tiempo de respuesta"": ""20 ms / 30 ms"", ""Salida de conmutación"": ""1 PNP (100 mA)""}",product_name;operating_temp_min_c;operating_temp_max_c;housing_material;light_type;response_time_ms;Salida analógica
1047314,DT50-P2113,Dx50,DT50,product,Sensores de distancia (Distance sensors),H,H-164,163,1,,Sensor de distancia de medio alcance con tecnología HDDM™,www.mysick.com/es/Dx50,200,20000,,,100,15,,-30,65,,,PNP,,,,,,Láser,,,,fundición de cinc,,,"{""Salida analógica"": ""1 x 4 mA ... 20 mA (≤ 300 Ω)"", ""Campo de medición (18% de reflexión)"": ""200 mm ... 8.500 mm"", ""Campo de medición (6% de reflexión)"": ""200 mm ... 5.000 mm"", ""Tiempo de respuesta"": ""15 ms / 30 ms / 80 ms"", ""Salida de conmutación"": ""1 PNP (100 mA)""}",product_name;operating_temp_min_c;operating_temp_max_c;housing_material;light_type;response_time_ms;Salida analógica
1047396,DT50-N1113,Dx50,DT50,product,Sensores de distancia (Distance sensors),H,H-164,163,1,,Sensor de distancia de medio alcance con tecnología HDDM™,www.mysick.com/es/Dx50,200,10000,,,100,20,,-30,65,,,NPN,,,,,,Láser,,,,fundición de cinc,,,"{""Salida analógica"": ""1 x 4 mA ... 20 mA (≤ 300 Ω)"", ""Campo de medición (18% de reflexión)"": ""200 mm ... 6.500 mm"", ""Campo de medición (6% de reflexión)"": ""200 mm ... 4.000 mm"", ""Tiempo de respuesta"": ""20 ms / 30 ms"", ""Salida de conmutación"": ""1 NPN (100 mA)""}",product_name;operating_temp_min_c;operating_temp_max_c;housing_material;light_type;response_time_ms;Salida analógica
1047397,DT50-N1123,Dx50,DT50,product,Sensores de distancia (Distance sensors),H,H-164,163,1,,Sensor de distancia de medio alcance con tecnología HDDM™,www.mysick.com/es/Dx50,200,10000,,,100,20,,-30,65,,,NPN,,,,,,Láser,,,,fundición de cinc,,,"{""Salida analógica"": ""1 x 4 mA ... 20 mA (≤ 300 Ω)"", ""Campo de medición (18% de reflexión)"": ""200 mm ... 5.000 mm"", ""Campo de medición (6% de reflexión)"": ""200 mm ... 2.500 mm"", ""Tiempo de respuesta"": ""20 ms / 30 ms"", ""Salida de conmutación"": ""1 NPN (100 mA)""}",product_name;operating_temp_min_c;operating_temp_max_c;housing_material;light_type;response_time_ms;Salida analógica
1047398,DT50-N2113,Dx50,DT50,product,Sensores de distancia (Distance sensors),H,H-164,163,1,,Sensor de distancia de medio alcance con tecnología HDDM™,www.mysick.com/es/Dx50,200,20000,,,100,15,,-30,65,,,NPN,,,,,,Láser,,,,fundición de cinc,,,"{""Salida analógica"": ""1 x 4 mA ... 20 mA (≤ 300 Ω)"", ""Campo de medición (18% de reflexión)"": ""200 mm ... 8.500 mm"", ""Campo de medición (6% de reflexión)"": ""200 mm ... 5.000 mm"", ""Tiempo de respuesta"": ""15 ms / 30 ms / 80 ms"", ""Salida de conmutación"": ""1 NPN (100 mA)""}",product_name;operating_temp_min_c;operating_temp_max_c;housing_material;light_type;response_time_ms;Salida analógica
1047581,DT50-P1114,Dx50,DT50,product,Sensores de distancia (Distance sensors),H,H-164,163,1,,Sensor de distancia de medio alcance con tecnología HDDM™,www.mysick.com/es/Dx50,200,10000,,,100,20,,-30,65,,,PNP,,,,,,Láser,,,,fundición de cinc,,,"{""Salida analógica"": ""1 x 0 V ... 10 V (≥ 5 kΩ)"", ""Campo de medición (18% de reflexión)"": ""200 mm ... 6.500 mm"", ""Campo de medición (6% de reflexión)"": ""200 mm ... 4.000 mm"", ""Tiempo de respuesta"": ""20 ms / 30 ms"", ""Salida de conmutación"": ""1 PNP (100 mA)""}",product_name;operating_temp_min_c;operating_temp_max_c;housing_material;light_type;response_time_ms;Salida analógica
1047582,DT50-N1114,Dx50,DT50,product,Sensores de distancia (Distance sensors),H,H-164,163,1,,Sensor de distancia de medio alcance con tecnología HDDM™,www.mysick.com/es/Dx50,200,10000,,,100,20,,-30,65,,,NPN,,,,,,Láser,,,,fundición de cinc,,,"{""Salida analógica"": ""1 x 0 V ... 10 V (≥ 5 kΩ)"", ""Campo de medición (18% de reflexión)"": ""200 mm ... 6.500 mm"", ""Campo de medición (6% de reflexión)"": ""200 mm ... 4.000 mm"", ""Tiempo de respuesta"": ""20 ms / 30 ms"", ""Salida de conmutación"": ""1 NPN (100 mA)""}",product_name;operating_temp_min_c;operating_temp_max_c;housing_material;light_type;response_time_ms;Salida analógica
1047616,DT50-P1124,Dx50,DT50,product,Sensores de distancia (Distance sensors),H,H-164,163,1,,Sensor de distancia de medio alcance con tecnología HDDM™,www.mysick.com/es/Dx50,200,10000,,,100,20,,-30,65,,,PNP,,,,,,Láser,,,,fundición de cinc,,,"{""Salida analógica"": ""1 x 0 V ... 10 V (≥ 5 kΩ)"", ""Campo de medición (18% de reflexión)"": ""200 mm ... 5.000 mm"", ""Campo de medición (6% de reflexión)"": ""200 mm ... 2.500 mm"", ""Tiempo de respuesta"": ""20 ms / 30 ms"", ""Salida de conmutación"": ""1 PNP (100 mA)""}",product_name;operating_temp_min_c;operating_temp_max_c;housing_material;light_type;response_time_ms;Salida analógica
1047617,DT50-N1124,Dx50,DT50,product,Sensores de distancia (Distance sensors),H,H-164,163,1,,Sensor de distancia de medio alcance con tecnología HDDM™,www.mysick.com/es/Dx50,200,10000,,,100,20,,-30,65,,,NPN,,,,,,Láser,,,,fundición de cinc,,,"{""Salida analógica"": ""1 x 0 V ... 10 V (≥ 5 kΩ)"", ""Campo de medición (18% de reflexión)"": ""200 mm ... 5.000 mm"", ""Campo de medición (6% de reflexión)"": ""200 mm ... 2.500 mm"", ""Tiempo de respuesta"": ""20 ms / 30 ms"", ""Salida de conmutación"": ""1 NPN (100 mA)""}",product_name;operating_temp_min_c;operating_temp_max_c;housing_material;light_type;response_time_ms;Salida analógica
1017910,PL240DG,Dx50,,accessory,Sensores de distancia (Distance sensors),H,H-165,164,2,H-163,,,,,,,,,,,,,,,,,,,,,,,,,,"Placa del reflector, lámina reflectora “Diamond Grade”, 330 mm x 330 mm, material de la placa base: aluminio, atornillable y enroscable, fijación de 4 orificios","{""Categoría de accesorio"": ""Reflectores""}",
1047361,DL50-P1123,Dx50,DL50,product,Sensores de distancia (Distance sensors),H,H-165,164,1,,,,200,50000,,,100,,,,,,,1 PNP (100 mA),,,,,,,,,,,,,"{""Salida analógica"": ""1 x 4 mA ... 20 mA (≤ 300 Ω)"", ""Campo de medición (nota)"": ""sobre láminas de reflexión “Diamond Grade”"", ""Tiempo de respuesta"": ""15 ms / 30 ms""}",
1047399,DT50-P2123,Dx50,DT50,product,Sensores de distancia (Distance sensors),H,H-165,164,1,,,,200,13000,,,100,,,,,,,1 PNP (100 mA),,,,,,,,,,,,,"{""Salida analógica"": ""1 x 4 mA ... 20 mA (≤ 300 Ω)"", ""Campo de medición (18% de reflexión)"": ""200 mm ... 5.800 mm"", ""Campo de medición (6% de reflexión)"": ""200 mm ... 3.400 mm"", ""Tiempo de respuesta"": ""15 ms / 30 ms / 80 ms""}",
1047400,DT50-N2123,Dx50,DT50,product,Sensores de distancia (Distance sensors),H,H-165,164,1,,,,200,13000,,,100,,,,,,,1 NPN (100 mA),,,,,,,,,,,,,"{""Salida analógica"": ""1 x 4 mA ... 20 mA (≤ 300 Ω)"", ""Campo de medición (18% de reflexión)"": ""200 mm ... 5.800 mm"", ""Campo de medición (6% de reflexión)"": ""200 mm ... 3.400 mm"", ""Tiempo de respuesta"": ""15 ms / 30 ms / 80 ms""}",
1047401,DL50-N1123,Dx50,DL50,product,Sensores de distancia (Distance sensors),H,H-165,164,1,,,,200,50000,,,100,,,,,,,1 NPN (100 mA),,,,,,,,,,,,,"{""Salida analógica"": ""1 x 4 mA ... 20 mA (≤ 300 Ω)"", ""Campo de medición (nota)"": ""sobre láminas de reflexión “Diamond Grade”"", ""Tiempo de respuesta"": ""15 ms / 30 ms""}",
1047402,DS50-P1112,Dx50,DS50,product,Sensores de distancia (Distance sensors),H,H-165,164,1,,,,200,10000,,,100,,,,,,,2 PNP (100 mA),,,,,,,,,,,,,"{""Salida analógica"": ""1 x 4 mA ... 20 mA (≤ 300 Ω)"", ""Campo de medición (18% de reflexión)"": ""200 mm ... 6.000 mm"", ""Campo de medición (6% de reflexión)"": ""200 mm ... 4.000 mm"", ""Tiempo de respuesta"": ""10 ms / 50 ms""}",
1047404,DS50-N1112,Dx50,DS50,product,Sensores de distancia (Distance sensors),H,H-165,164,1,,,,200,10000,,,100,,,,,,,2 NPN (100 mA),,,,,,,,,,,,,"{""Salida analógica"": ""1 x 4 mA ... 20 mA (≤ 300 Ω)"", ""Campo de medición (18% de reflexión)"": ""200 mm ... 6.000 mm"", ""Campo de medición (6% de reflexión)"": ""200 mm ... 4.000 mm"", ""Tiempo de respuesta"": ""10 ms / 50 ms""}",
1047405,DS50-P1122,Dx50,DS50,product,Sensores de distancia (Distance sensors),H,H-165,164,1,,,,200,10000,,,100,,,,,,,2 PNP (100 mA),,,,,,,,,,,,,"{""Campo de medición (18% de reflexión)"": ""200 mm ... 6.000 mm"", ""Campo de medición (6% de reflexión)"": ""200 mm ... 4.000 mm"", ""Tiempo de respuesta"": ""20 ms / 100 ms""}",
1047406,DS50-N1122,Dx50,DS50,product,Sensores de distancia (Distance sensors),H,H-165,164,1,,,,200,10000,,,100,,,,,,,2 NPN (100 mA),,,,,,,,,,,,,"{""Campo de medición (18% de reflexión)"": ""200 mm ... 6.000 mm"", ""Campo de medición (6% de reflexión)"": ""200 mm ... 4.000 mm"", ""Tiempo de respuesta"": ""20 ms / 100 ms""}",
1048418,DL50-P2225,Dx50,DL50,product,Sensores de distancia (Distance sensors),H,H-165,164,1,,,,200,50000,,,100,,,,,,,2 x / 1 PNP (100 mA),,,,,,,,,,,,,"{""Campo de medición (nota)"": ""sobre láminas de reflexión “Diamond Grade”"", ""Tiempo de respuesta"": ""10 ms / 40 ms / 160 ms""}",
1048419,DL50-N2225,Dx50,DL50,product,Sensores de distancia (Distance sensors),H,H-165,164,1,,,,200,50000,,,100,,,,,,,2 x / 1 NPN (100 mA),,,,,,,,,,,,,"{""Campo de medición (nota)"": ""sobre láminas de reflexión “Diamond Grade”"", ""Tiempo de respuesta"": ""10 ms / 40 ms / 160 ms""}",
1058986,DL50-P2228,Dx50,DL50,product,Sensores de distancia (Distance sensors),H,H-165,164,1,,,,200,50000,,,100,,,,,,,2 x / 1 PNP (100 mA),,,,,,,,,,,,,"{""Campo de medición (nota)"": ""sobre láminas de reflexión “Diamond Grade”"", ""Tiempo de respuesta"": ""10 ms / 40 ms / 160 ms""}",
1058987,DL50-N2228,Dx50,DL50,product,Sensores de distancia (Distance sensors),H,H-165,164,1,,,,200,50000,,,100,,,,,,,2 x / 1 NPN (100 mA),,,,,,,,,,,,,"{""Campo de medición (nota)"": ""sobre láminas de reflexión “Diamond Grade”"", ""Tiempo de respuesta"": ""10 ms / 40 ms / 160 ms""}",
2048397,BEF-AH-DX50,Dx50,,accessory,Sensores de distancia (Distance sensors),H,H-165,164,2,H-163,,,,,,,,,,,,,,,,,,,,,,,,,,"Unidad de alineación, acero galvanizado, acero galvanizado, con material de fijación para el sensor","{""Categoría de accesorio"": ""Soportes de fijación y alineación""}",
6032448,DOL-1208-G02MAH1,Dx50,,accessory,Sensores de distancia (Distance sensors),H,H-165,164,1,,,,,,,,,,,,,,,,,,,,,,,,,,,"Cabezal A: conector hembra M12 de 8 polos, recto; Cabezal B: cable; Cable: TPU, sin halógenos, no apantallado, 2 m","{""Categoría de accesorio"": ""Conectores y cables""}",
6036916,UM30-211113,UM30,UM30-2,product,Sensores de distancia (Distance sensors),H,H-166,165,1,,,www.mysick.com/es/UM30,30,250,,,,50,,,,,,,,,,Ultrasonidos,,,,,,,,,"{""alcance límite"": ""350 mm"", ""Velocidad de salida"": ""8 ms"", ""Salida de emisión"": ""recta"", ""salida analógica"": ""1 x 0 V ... 10 V (≥ 100 kΩ)""}",sensor_principle;alcance límite
6036921,UM30-211118,UM30,UM30-2,product,Sensores de distancia (Distance sensors),H,H-166,165,1,,,www.mysick.com/es/UM30,30,250,,,200,50,,,,,,1 PNP (200 mA),,,,Ultrasonidos,,,,,,,,,"{""alcance límite"": ""350 mm"", ""Velocidad de salida"": ""8 ms"", ""Salida de emisión"": ""recta"", ""salida analógica"": ""1 x 4 mA ... 20 mA (≤ 500 Ω)""}",sensor_principle;output_current_max_ma;alcance límite
6037660,UM30-211111,UM30,UM30-2,product,Sensores de distancia (Distance sensors),H,H-166,165,1,,,www.mysick.com/es/UM30,30,250,,,200,50,,,,,,1 PNP (200 mA),,,,Ultrasonidos,,,,,,,,,"{""alcance límite"": ""350 mm"", ""Velocidad de salida"": ""8 ms"", ""Salida de emisión"": ""recta""}",sensor_principle;output_current_max_ma;alcance límite
6037664,UM30-211112,UM30,UM30-2,product,Sensores de distancia (Distance sensors),H,H-166,165,1,,,www.mysick.com/es/UM30,30,250,,,200,50,,,,,,2 PNP (200 mA),,,,Ultrasonidos,,,,,,,,,"{""alcance límite"": ""350 mm"", ""Velocidad de salida"": ""8 ms"", ""Salida de emisión"": ""recta""}",sensor_principle;output_current_max_ma;alcance límite
6036917,UM30-212113,UM30,,product,Sensores de distancia (Distance sensors),H,H-167,166,1,,,,65,350,,,,70,,,,,,,,,,Ultrasonidos,,,,,,,,,"{""Velocidad de salida"": ""16 ms"", ""Alcance límite"": ""600 mm"", ""Salida analógica"": ""1 x 0 V ... 10 V (≥ 100 kΩ) / 1 x 4 mA ... 20 mA (≤ 500 Ω)""}",sensor_principle
6036918,UM30-213113,UM30,,product,Sensores de distancia (Distance sensors),H,H-167,166,1,,,,200,1300,,,,110,,,,,,,,,,Ultrasonidos,,,,,,,,,"{""Velocidad de salida"": ""23 ms"", ""Alcance límite"": ""2.000 mm"", ""Salida analógica"": ""1 x 0 V ... 10 V (≥ 100 kΩ) / 1 x 4 mA ... 20 mA (≤ 500 Ω)""}",sensor_principle
6036919,UM30-214113,UM30,,product,Sensores de distancia (Distance sensors),H,H-167,166,1,,,,350,3400,,,,180,,,,,,,,,,Ultrasonidos,,,,,,,,,"{""Velocidad de salida"": ""43 ms"", ""Alcance límite"": ""5.000 mm"", ""Salida analógica"": ""1 x 0 V ... 10 V (≥ 100 kΩ) / 1 x 4 mA ... 20 mA (≤ 500 Ω)""}",sensor_principle
6036920,UM30-215113,UM30,,product,Sensores de distancia (Distance sensors),H,H-167,166,1,,,,600,6000,,,,240,,,,,,,,,,Ultrasonidos,,,,,,,,,"{""Velocidad de salida"": ""60 ms"", ""Alcance límite"": ""8.000 mm"", ""Salida analógica"": ""1 x 0 V ... 10 V (≥ 100 kΩ)""}",sensor_principle
6036922,UM30-212118,UM30,,product,Sensores de distancia (Distance sensors),H,H-167,166,1,,,,65,350,,,200,70,,,,,,1 PNP (200 mA),,,,Ultrasonidos,,,,,,,,,"{""Velocidad de salida"": ""16 ms"", ""Alcance límite"": ""600 mm"", ""Salida analógica"": ""1 x 0 V ... 10 V (≥ 100 kΩ) / 1 x 4 mA ... 20 mA (≤ 500 Ω)""}",sensor_principle;output_current_max_ma
6036923,UM30-213118,UM30,,product,Sensores de distancia (Distance sensors),H,H-167,166,1,,,,200,1300,,,200,110,,,,,,1 PNP (200 mA),,,,Ultrasonidos,,,,,,,,,"{""Velocidad de salida"": ""23 ms"", ""Alcance límite"": ""2.000 mm"", ""Salida analógica"": ""1 x 0 V ... 10 V (≥ 100 kΩ) / 1 x 4 mA ... 20 mA (≤ 500 Ω)""}",sensor_principle;output_current_max_ma
6036924,UM30-214118,UM30,,product,Sensores de distancia (Distance sensors),H,H-167,166,1,,,,350,3400,,,200,180,,,,,,1 PNP (200 mA),,,,Ultrasonidos,,,,,,,,,"{""Velocidad de salida"": ""43 ms"", ""Alcance límite"": ""5.000 mm"", ""Salida analógica"": ""1 x 0 V ... 10 V (≥ 100 kΩ) / 1 x 4 mA ... 20 mA (≤ 500 Ω)""}",sensor_principle;output_current_max_ma
6036925,UM30-215118,UM30,,product,Sensores de distancia (Distance sensors),H,H-167,166,1,,,,600,6000,,,200,240,,,,,,1 PNP (200 mA),,,,Ultrasonidos,,,,,,,,,"{""Velocidad de salida"": ""60 ms"", ""Alcance límite"": ""8.000 mm"", ""Salida analógica"": ""1 x 4 mA ... 20 mA (≤ 500 Ω)""}",sensor_principle;output_current_max_ma
6037537,UM30-213111,UM30,,product,Sensores de distancia (Distance sensors),H,H-167,166,1,,,,200,1300,,,200,110,,,,,,1 PNP (200 mA),,,,Ultrasonidos,,,,,,,,,"{""Velocidad de salida"": ""23 ms"", ""Alcance límite"": ""2.000 mm""}",sensor_principle;output_current_max_ma
6037661,UM30-212111,UM30,,product,Sensores de distancia (Distance sensors),H,H-167,166,1,,,,65,350,,,200,70,,,,,,1 PNP (200 mA),,,,Ultrasonidos,,,,,,,,,"{""Velocidad de salida"": ""16 ms"", ""Alcance límite"": ""600 mm""}",sensor_principle;output_current_max_ma
6037662,UM30-214111,UM30,,product,Sensores de distancia (Distance sensors),H,H-167,166,1,,,,350,3400,,,200,180,,,,,,1 PNP (200 mA),,,,Ultrasonidos,,,,,,,,,"{""Velocidad de salida"": ""43 ms"", ""Alcance límite"": ""5.000 mm""}",sensor_principle;output_current_max_ma
6037663,UM30-215111,UM30,,product,Sensores de distancia (Distance sensors),H,H-167,166,1,,,,600,6000,,,200,240,,,,,,1 PNP (200 mA),,,,Ultrasonidos,,,,,,,,,"{""Velocidad de salida"": ""60 ms"", ""Alcance límite"": ""8.000 mm""}",sensor_principle;output_current_max_ma
6037665,UM30-212112,UM30,,product,Sensores de distancia (Distance sensors),H,H-167,166,1,,,,65,350,,,200,70,,,,,,2 PNP (200 mA),,,,Ultrasonidos,,,,,,,,,"{""Velocidad de salida"": ""16 ms"", ""Alcance límite"": ""600 mm""}",sensor_principle;output_current_max_ma
6037666,UM30-213112,UM30,,product,Sensores de distancia (Distance sensors),H,H-167,166,1,,,,200,1300,,,200,110,,,,,,2 PNP (200 mA),,,,Ultrasonidos,,,,,,,,,"{""Velocidad de salida"": ""23 ms"", ""Alcance límite"": ""2.000 mm""}",sensor_principle;output_current_max_ma
6037667,UM30-214112,UM30,,product,Sensores de distancia (Distance sensors),H,H-167,166,1,,,,350,3400,,,200,180,,,,,,2 PNP (200 mA),,,,Ultrasonidos,,,,,,,,,"{""Velocidad de salida"": ""43 ms"", ""Alcance límite"": ""5.000 mm""}",sensor_principle;output_current_max_ma
6037668,UM30-215112,UM30,,product,Sensores de distancia (Distance sensors),H,H-167,166,1,,,,600,6000,,,200,240,,,,,,2 PNP (200 mA),,,,Ultrasonidos,,,,,,,,,"{""Velocidad de salida"": ""60 ms"", ""Alcance límite"": ""8.000 mm""}",sensor_principle;output_current_max_ma
6037670,UM30-212115,UM30,,product,Sensores de distancia (Distance sensors),H,H-167,166,1,,,,65,350,,,200,70,,,,,,1 NPN (200 mA),,,,Ultrasonidos,,,,,,,,,"{""Velocidad de salida"": ""16 ms"", ""Alcance límite"": ""600 mm""}",sensor_principle;output_current_max_ma
6037671,UM30-213115,UM30,,product,Sensores de distancia (Distance sensors),H,H-167,166,1,,,,200,1300,,,200,110,,,,,,1 NPN (200 mA),,,,Ultrasonidos,,,,,,,,,"{""Velocidad de salida"": ""23 ms"", ""Alcance límite"": ""2.000 mm""}",sensor_principle;output_current_max_ma
6037672,UM30-214115,UM30,,product,Sensores de distancia (Distance sensors),H,H-167,166,1,,,,350,3400,,,200,180,,,,,,1 NPN (200 mA),,,,Ultrasonidos,,,,,,,,,"{""Velocidad de salida"": ""43 ms"", ""Alcance límite"": ""5.000 mm""}",sensor_principle;output_current_max_ma
6037676,UM30-213114,UM30,,product,Sensores de distancia (Distance sensors),H,H-167,166,1,,,,200,1300,,,200,110,,,,,,2 NPN (200 mA),,,,Ultrasonidos,,,,,,,,,"{""Velocidad de salida"": ""23 ms"", ""Alcance límite"": ""2.000 mm""}",sensor_principle;output_current_max_ma
6034667,UC4-11341,UC4,,product,Sensores de distancia (Distance sensors),H,H-168,167,1,,Sensor de distancia por ultrasonidos,www.mysick.com/es/UC4,13,100,,,200,30,,,,,,PNP,,,,,,,,,,,,,"{""Alcance límite"": ""150 mm"", ""Velocidad de salida"": ""8 ms"", ""Salida de emisión"": ""recta""}",product_name
6034668,UC4-11345,UC4,,product,Sensores de distancia (Distance sensors),H,H-168,167,1,,Sensor de distancia por ultrasonidos,www.mysick.com/es/UC4,13,100,,,200,30,,,,,,NPN,,,,,,,,,,,,,"{""Alcance límite"": ""150 mm"", ""Velocidad de salida"": ""8 ms"", ""Salida de emisión"": ""recta""}",product_name
6034669,UC4-13341,UC4,,product,Sensores de distancia (Distance sensors),H,H-168,167,1,,Sensor de distancia por ultrasonidos,www.mysick.com/es/UC4,13,150,,,200,30,,,,,,PNP,,,,,,,,,,,,,"{""Alcance límite"": ""250 mm"", ""Velocidad de salida"": ""8 ms"", ""Salida de emisión"": ""recta""}",product_name
6034670,UC4-13345,UC4,,product,Sensores de distancia (Distance sensors),H,H-168,167,1,,Sensor de distancia por ultrasonidos,www.mysick.com/es/UC4,13,150,,,200,30,,,,,,NPN,,,,,,,,,,,,,"{""Alcance límite"": ""250 mm"", ""Velocidad de salida"": ""8 ms"", ""Salida de emisión"": ""recta""}",product_name
2022465,BEF-KHS-H01,UC4,,accessory,Sensores de distancia (Distance sensors),H,H-169,168,1,,,,,,,,,,,,,,,,,,,,,,,,,,,"Placa H para soporte de fijación universal, acero galvanizado, con soporte de fijación universal y material de fijación",,
2027128,BEF-GH-MINI02,UC4,,accessory,Sensores de distancia (Distance sensors),H,H-169,168,1,,,,,,,,,,,,,,,,,,,,,,,,,,,"Soporte de apriete de rótula, plástico, con material de fijación",,
6029831,UC12-11231,UC12,,product,Sensores de distancia (Distance sensors),H,H-170,169,1,,,www.mysick.com/es/UC12,20,150,,,500,30,,,,,,PNP,,,,Ultrasonidos,,,,,,,,,"{""Velocidad de salida"": ""8 ms"", ""Salida de emisión"": ""recta"", ""Alcance límite"": ""250 mm"", ""Número de salidas de conmutación"": ""2""}",sensor_principle;switching_output;output_current_max_ma;Alcance límite
6029832,UC12-12231,UC12,,product,Sensores de distancia (Distance sensors),H,H-170,169,1,,,www.mysick.com/es/UC12,55,250,,,500,30,,,,,,PNP,,,,Ultrasonidos,,,,,,,,,"{""Velocidad de salida"": ""8 ms"", ""Salida de emisión"": ""recta"", ""Alcance límite"": ""350 mm"", ""Número de salidas de conmutación"": ""2""}",sensor_principle;switching_output;output_current_max_ma;Alcance límite
6029833,UC12-11235,UC12,,product,Sensores de distancia (Distance sensors),H,H-170,169,1,,,www.mysick.com/es/UC12,20,150,,,500,30,,,,,,NPN,,,,Ultrasonidos,,,,,,,,,"{""Velocidad de salida"": ""8 ms"", ""Salida de emisión"": ""recta"", ""Alcance límite"": ""250 mm"", ""Número de salidas de conmutación"": ""2""}",sensor_principle;switching_output;output_current_max_ma;Alcance límite
6029834,UC12-12235,UC12,,product,Sensores de distancia (Distance sensors),H,H-170,169,1,,,www.mysick.com/es/UC12,55,250,,,500,30,,,,,,NPN,,,,Ultrasonidos,,,,,,,,,"{""Velocidad de salida"": ""8 ms"", ""Salida de emisión"": ""recta"", ""Alcance límite"": ""350 mm"", ""Número de salidas de conmutación"": ""2""}",sensor_principle;switching_output;output_current_max_ma;Alcance límite
2012938,BEF-WK-W12,UC12,,accessory,Sensores de distancia (Distance sensors),H,H-171,170,1,,,,,,,,,,,,,,,,,,,,,,,,,,,"Escuadra de fijación, pequeña, acero inoxidable, con material de fijación",,
2022461,BEF-KHS-D01,UC12,,accessory,Sensores de distancia (Distance sensors),H,H-171,170,1,,,,,,,,,,,,,,,,,,,,,,,,,,,"Placa D para soporte de fijación universal, acero galvanizado, con soporte de fijación universal y material de fijación",,
2023057,BEF-KHS-L01,UC12,,accessory,Sensores de distancia (Distance sensors),H,H-171,170,1,,,,,,,,,,,,,,,,,,,,,,,,,,,"Placa L para soporte de fijación universal, acero galvanizado, con soporte de fijación universal y material de fijación",,
1024268,ELG3-0450R221,ELG,ELG3,product,Rejillas fotoelectricas (Light grids),I,I-174,173,1,,Rejillas fotoeléctricas conmutables,www.mysick.com/es/ELG,,12000,,,,,,,,,,"Relé (CC 60 V, CA 25 V)",,,,,,,,,,aluminio,,,"{""Distancia de haces"": ""30 mm"", ""Evaluación de haces"": ""Haces paralelos"", ""Altura de supervisión"": ""450 mm""}",product_name;housing_material;sensing_range_max_mm
1024290,ELG3-0090P511,ELG,ELG3,product,Rejillas fotoelectricas (Light grids),I,I-174,173,1,,Rejillas fotoeléctricas conmutables,www.mysick.com/es/ELG,,5000,,,,,,,,,,2 PNP (Q y /Q),,,,,,,,,,aluminio,,,"{""Distancia de haces"": ""10 mm"", ""Evaluación de haces"": ""Haces paralelos"", ""Altura de supervisión"": ""90 mm""}",product_name;housing_material;sensing_range_max_mm
1025449,ELG3-0930R521,ELG,ELG3,product,Rejillas fotoelectricas (Light grids),I,I-174,173,1,,Rejillas fotoeléctricas conmutables,www.mysick.com/es/ELG,,12000,,,,,,,,,,"Relé (CC 60 V, CA 25 V)",,,,,,,,,,aluminio,,,"{""Distancia de haces"": ""30 mm"", ""Evaluación de haces"": ""Haces paralelos"", ""Altura de supervisión"": ""930 mm""}",product_name;housing_material;sensing_range_max_mm
1025501,ELG3-0570P511,ELG,ELG3,product,Rejillas fotoelectricas (Light grids),I,I-174,173,1,,Rejillas fotoeléctricas conmutables,www.mysick.com/es/ELG,,2000,,,,,,,,,,2 PNP (Q y /Q),,,,,,,,,,aluminio,,,"{""Distancia de haces"": ""30 mm"", ""Evaluación de haces"": ""Haces paralelos"", ""Altura de supervisión"": ""570 mm""}",product_name;housing_material;sensing_range_max_mm
1025510,ELG3-0210P511,ELG,ELG3,product,Rejillas fotoelectricas (Light grids),I,I-174,173,1,,Rejillas fotoeléctricas conmutables,www.mysick.com/es/ELG,,5000,,,,,,,,,,2 PNP (Q y /Q),,,,,,,,,,aluminio,,,"{""Distancia de haces"": ""10 mm"", ""Evaluación de haces"": ""Haces paralelos"", ""Altura de supervisión"": ""210 mm""}",product_name;housing_material;sensing_range_max_mm
1025570,ELG3-1050P521,ELG,ELG3,product,Rejillas fotoelectricas (Light grids),I,I-174,173,1,,Rejillas fotoeléctricas conmutables,www.mysick.com/es/ELG,,12000,,,,,,,,,,2 PNP (Q y /Q),,,,,,,,,,aluminio,,,"{""Distancia de haces"": ""30 mm"", ""Evaluación de haces"": ""Haces paralelos"", ""Altura de supervisión"": ""1.050 mm""}",product_name;housing_material;sensing_range_max_mm
1025573,ELG3-2370P521,ELG,ELG3,product,Rejillas fotoelectricas (Light grids),I,I-174,173,1,,Rejillas fotoeléctricas conmutables,www.mysick.com/es/ELG,,12000,,,,,,,,,,2 PNP (Q y /Q),,,,,,,,,,aluminio,,,"{""Distancia de haces"": ""30 mm"", ""Evaluación de haces"": ""Haces paralelos"", ""Altura de supervisión"": ""2.370 mm""}",product_name;housing_material;sensing_range_max_mm
1025574,ELG3-0210P521,ELG,ELG3,product,Rejillas fotoelectricas (Light grids),I,I-174,173,1,,Rejillas fotoeléctricas conmutables,www.mysick.com/es/ELG,,2000,,,,,,,,,,2 PNP (Q y /Q),,,,,,,,,,aluminio,,,"{""Distancia de haces"": ""30 mm"", ""Evaluación de haces"": ""Haces paralelos"", ""Altura de supervisión"": ""210 mm""}",product_name;housing_material;sensing_range_max_mm
1025578,ELG3-0150P513,ELG,ELG3,product,Rejillas fotoelectricas (Light grids),I,I-174,173,1,,Rejillas fotoeléctricas conmutables,www.mysick.com/es/ELG,,2000,,,,,,,,,,2 PNP (Q y /Q),,,,,,,,,,aluminio,,,"{""Distancia de haces"": ""30 mm"", ""Evaluación de haces"": ""Haces cruzados"", ""Altura de supervisión"": ""150 mm""}",product_name;housing_material;sensing_range_max_mm
1025615,ELG3-0690N521,ELG,ELG3,product,Rejillas fotoelectricas (Light grids),I,I-174,173,1,,Rejillas fotoeléctricas conmutables,www.mysick.com/es/ELG,,12000,,,,,,,,,,2 NPN (Q y /Q),,,,,,,,,,aluminio,,,"{""Distancia de haces"": ""30 mm"", ""Evaluación de haces"": ""Haces paralelos"", ""Altura de supervisión"": ""690 mm""}",product_name;housing_material;sensing_range_max_mm
1026537,ELG3-0930R523,ELG,ELG3,product,Rejillas fotoelectricas (Light grids),I,I-174,173,1,,Rejillas fotoeléctricas conmutables,www.mysick.com/es/ELG,,12000,,,,,,,,,,"Relé (CC 60 V, CA 25 V)",,,,,,,,,,aluminio,,,"{""Distancia de haces"": ""30 mm"", ""Evaluación de haces"": ""Haces cruzados"", ""Altura de supervisión"": ""930 mm""}",product_name;housing_material;sensing_range_max_mm
1026741,ELG1-0150P531,ELG,ELG1,product,Rejillas fotoelectricas (Light grids),I,I-174,173,1,,Rejillas fotoeléctricas conmutables,www.mysick.com/es/ELG,,3000,,,,,,,,,,2 PNP (Q y /Q),,,,,,,,,,aluminio,,,"{""Distancia de haces"": ""10 mm"", ""Evaluación de haces"": ""Haces paralelos"", ""Altura de supervisión"": ""150 mm""}",product_name;housing_material;sensing_range_max_mm
1026808,ELG1-0100P533,ELG,ELG1,product,Rejillas fotoelectricas (Light grids),I,I-174,173,1,,Rejillas fotoeléctricas conmutables,www.mysick.com/es/ELG,,3000,,,,,,,,,,2 PNP (Q y /Q),,,,,,,,,,aluminio,,,"{""Distancia de haces"": ""10 mm"", ""Evaluación de haces"": ""Haces cruzados"", ""Altura de supervisión"": ""100 mm""}",product_name;housing_material;sensing_range_max_mm
1026809,ELG1-0150P533,ELG,ELG1,product,Rejillas fotoelectricas (Light grids),I,I-174,173,1,,Rejillas fotoeléctricas conmutables,www.mysick.com/es/ELG,,3000,,,,,,,,,,2 PNP (Q y /Q),,,,,,,,,,aluminio,,,"{""Distancia de haces"": ""10 mm"", ""Evaluación de haces"": ""Haces cruzados"", ""Altura de supervisión"": ""150 mm""}",product_name;housing_material;sensing_range_max_mm
1028333,ELG1-0150P571,ELG,ELG1,product,Rejillas fotoelectricas (Light grids),I,I-174,173,1,,Rejillas fotoeléctricas conmutables,www.mysick.com/es/ELG,,5000,,,,,,,,,,2 PNP (Q y /Q),,,,,,,,,,aluminio,,,"{""Distancia de haces"": ""10 mm"", ""Evaluación de haces"": ""Haces paralelos"", ""Altura de supervisión"": ""150 mm""}",product_name;housing_material;sensing_range_max_mm
1040580,ELG3-1170P523,ELG,ELG3,product,Rejillas fotoelectricas (Light grids),I,I-174,173,1,,Rejillas fotoeléctricas conmutables,www.mysick.com/es/ELG,,12000,,,,,,,,,,2 PNP (Q y /Q),,,,,,,,,,aluminio,,,"{""Distancia de haces"": ""30 mm"", ""Evaluación de haces"": ""Haces cruzados"", ""Altura de supervisión"": ""1.170 mm""}",product_name;housing_material;sensing_range_max_mm
1041956,ELG3-0690N511,ELG,ELG3,product,Rejillas fotoelectricas (Light grids),I,I-174,173,1,,Rejillas fotoeléctricas conmutables,www.mysick.com/es/ELG,,2000,,,,,,,,,,2 NPN (Q y /Q),,,,,,,,,,aluminio,,,"{""Distancia de haces"": ""30 mm"", ""Evaluación de haces"": ""Haces paralelos"", ""Altura de supervisión"": ""690 mm""}",product_name;housing_material;sensing_range_max_mm
1042615,ELG3-0390P591,ELG,ELG3,product,Rejillas fotoelectricas (Light grids),I,I-174,173,1,,Rejillas fotoeléctricas conmutables,www.mysick.com/es/ELG,,2000,,,,,,,,,,2 PNP (Q y /Q),,,,,,,,,,aluminio,,,"{""Distancia de haces"": ""30 mm"", ""Evaluación de haces"": ""Haces paralelos"", ""Altura de supervisión"": ""390 mm""}",product_name;housing_material;sensing_range_max_mm
1052378,ELG3-0210N513,ELG,ELG3,product,Rejillas fotoelectricas (Light grids),I,I-174,173,1,,Rejillas fotoeléctricas conmutables,www.mysick.com/es/ELG,,2000,,,,,,,,,,2 NPN (Q y /Q),,,,,,,,,,aluminio,,,"{""Distancia de haces"": ""30 mm"", ""Evaluación de haces"": ""Haces cruzados"", ""Altura de supervisión"": ""210 mm""}",product_name;housing_material;sensing_range_max_mm
1025586,ELG6-1080P521,ELG,ELG6,product,Rejillas fotoelectricas (Light grids),I,I-175,174,1,,Rejillas fotoeléctricas conmutables ELG,,,12000,,,,,,,,,,2 PNP (Q y /Q),,,,,,,,,,,,,"{""Distancia de haces"": ""60 mm"", ""Evaluación de haces"": ""Haces paralelos"", ""Altura de supervisión"": ""1.080 mm""}",
1025587,ELG6-1380P521,ELG,ELG6,product,Rejillas fotoelectricas (Light grids),I,I-175,174,1,,Rejillas fotoeléctricas conmutables ELG,,,12000,,,,,,,,,,1 PNP (Q y /Q),,,,,,,,,,,,,"{""Distancia de haces"": ""60 mm"", ""Evaluación de haces"": ""Haces paralelos"", ""Altura de supervisión"": ""1.380 mm""}",
1025593,ELG6-1860P523,ELG,ELG6,product,Rejillas fotoelectricas (Light grids),I,I-175,174,1,,Rejillas fotoeléctricas conmutables ELG,,,12000,,,,,,,,,,2 PNP (Q y /Q),,,,,,,,,,,,,"{""Distancia de haces"": ""60 mm"", ""Evaluación de haces"": ""Haces cruzados"", ""Altura de supervisión"": ""1.860 mm""}",
1025594,ELG6-2040P523,ELG,ELG6,product,Rejillas fotoelectricas (Light grids),I,I-175,174,1,,Rejillas fotoeléctricas conmutables ELG,,,12000,,,,,,,,,,2 PNP (Q y /Q),,,,,,,,,,,,,"{""Distancia de haces"": ""60 mm"", ""Evaluación de haces"": ""Haces cruzados"", ""Altura de supervisión"": ""2.040 mm""}",
1025596,ELG6-2340P521,ELG,ELG6,product,Rejillas fotoelectricas (Light grids),I,I-175,174,1,,Rejillas fotoeléctricas conmutables ELG,,,12000,,,,,,,,,,2 PNP (Q y /Q),,,,,,,,,,,,,"{""Distancia de haces"": ""60 mm"", ""Evaluación de haces"": ""Haces paralelos"", ""Altura de supervisión"": ""2.340 mm""}",
1026183,ELG6-2460R521,ELG,ELG6,product,Rejillas fotoelectricas (Light grids),I,I-175,174,1,,Rejillas fotoeléctricas conmutables ELG,,,12000,,,,,,,,,,"Relé (CC 60 V, CA 25 V)",,,,,,,,,,,,,"{""Distancia de haces"": ""60 mm"", ""Evaluación de haces"": ""Haces paralelos"", ""Altura de supervisión"": ""2.460 mm""}",
1047475,ELG6-3120P521,ELG,ELG6,product,Rejillas fotoelectricas (Light grids),I,I-175,174,1,,Rejillas fotoeléctricas conmutables ELG,,,12000,,,,,,,,,,1 PNP (Q y /Q),,,,,,,,,,,,,"{""Distancia de haces"": ""60 mm"", ""Evaluación de haces"": ""Haces paralelos"", ""Altura de supervisión"": ""3.120 mm""}",
2019649,BEF-2SMKEAKU4,BEF,,accessory,Rejillas fotoelectricas (Light grids),I,I-175,174,1,,,,,,,,,,,,,,,,,,,,,,,,,,,"4 unidades, kit de fijación 1, orientable, montura giratoria, plástico","{""Grupo de accesorios"": ""Soportes de fijación y alineación""}",
1042779,VSPI-1R111,Inspector,Inspector I series,product,Vision (Vision),J,J-178,177,1,,Inspector I10 Standard,www.mysick.com/es/Inspector,,,,,,,,,,,,,,,,,,Blanco,,,,,,,"{""Resolución del sensor"": ""384 px x 384 px"", ""Objetivo"": ""6 mm, integrado"", ""Material de la pantalla frontal"": ""PMMA""}",Material de la pantalla frontal
1046732,VSPI-2F111,Inspector,Inspector I series,product,Vision (Vision),J,J-178,177,1,,Inspector I20,www.mysick.com/es/Inspector,,,,,,,,,,,,,,,,,,Blanco,,,,,,,"{""Resolución del sensor"": ""384 px x 384 px"", ""Objetivo"": ""6 mm, intercambiable (montura M12)"", ""Material de la pantalla frontal"": ""PMMA""}",
1047913,VSPI-4F2111,Inspector,Inspector I series,product,Vision (Vision),J,J-178,177,1,,Inspector I40,www.mysick.com/es/Inspector,,,,,,,,,,,,,,,,,,Blanco,,,,,,,"{""Resolución del sensor"": ""640 px x 480 px"", ""Objetivo"": ""10 mm, intercambiable (montura M12)"", ""Material de la pantalla frontal"": ""PMMA""}",Material de la pantalla frontal
1051982,VSPP-3F1122,Inspector,Inspector P series,product,Vision (Vision),J,J-178,177,1,,Inspector P30,www.mysick.com/es/Inspector,,,,,,,,,,,,,,,,,,Blanco,,,,,,,"{""Resolución del sensor"": ""384 px x 384 px"", ""Objetivo"": ""6 mm, intercambiable (montura M12)"", ""Material de la pantalla frontal"": ""PMMA""}",
1054704,VSPI-2F141,Inspector,Inspector I series,product,Vision (Vision),J,J-178,177,1,,Inspector I20-IR,www.mysick.com/es/Inspector,,,,,,,,,,,,,,,,,,Infrarrojos,,,,,,,"{""Resolución del sensor"": ""384 px x 384 px"", ""Objetivo"": ""6 mm, intercambiable (montura M12)"", ""Material de la pantalla frontal"": ""PMMA""}",
1054705,VSPI-4F2411,Inspector,Inspector I series,product,Vision (Vision),J,J-178,177,1,,Inspector I40-IR,www.mysick.com/es/Inspector,,,,,,,,,,,,,,,,,,Infrarrojos,,,,,,,"{""Resolución del sensor"": ""640 px x 480 px"", ""Objetivo"": ""10 mm, intercambiable (montura M12)"", ""Material de la pantalla frontal"": ""PMMA""}",Material de la pantalla frontal
1056082,VSPP-5F2113,Inspector,Inspector PI series,product,Vision (Vision),J,J-178,177,1,,Inspector PI50,www.mysick.com/es/Inspector,,,,,,,,,,,,,,,,,,Blanco,,,,,,,"{""Resolución del sensor"": ""640 px x 480 px"", ""Objetivo"": ""10 mm, intercambiable (montura M12)"", ""Material de la pantalla frontal"": ""PMMA""}",
1056394,VSPP-5F2134,Inspector,Inspector PI series,product,Vision (Vision),J,J-178,177,1,,Inspector PI50 EtherCAT,www.mysick.com/es/Inspector,,,,,,,,,,,,,,,,,,Blanco,,,,,,,"{""Resolución del sensor"": ""640 px x 480 px"", ""Objetivo"": ""10 mm, intercambiable (montura M12)"", ""Material de la pantalla frontal"": ""PMMA""}",
1057303,VSPP-5F2413,Inspector,Inspector PI series,product,Vision (Vision),J,J-178,177,1,,Inspector PI50-IR,www.mysick.com/es/Inspector,,,,,,,,,,,,,,,,,,Infrarrojos,,,,,,,"{""Resolución del sensor"": ""640 px x 480 px"", ""Objetivo"": ""10 mm, intercambiable (montura M12)"", ""Material de la pantalla frontal"": ""PMMA""}",
1062407,VSPM-6F2113,Inspector PIM series,,product,Vision (Vision),J,J-179,178,1,,Inspector PIM60,,,,,,,,,,,,,,,,,,,Blanco,,,,,,,"{""Resolución del sensor"": ""640 px x 480 px"", ""Objetivo"": ""10 mm, intercambiable (montura M12)"", ""Material de la pantalla frontal"": ""PMMA""}",light_type
1062408,VSPM-6F2413,Inspector PIM series,,product,Vision (Vision),J,J-179,178,1,,Inspector PIM60-IR,,,,,,,,,,,,,,,,,,,Infrarrojos,,,,,,,"{""Resolución del sensor"": ""640 px x 480 px"", ""Objetivo"": ""10 mm, intercambiable (montura M12)"", ""Material de la pantalla frontal"": ""PMMA""}",light_type
1062409,VSPM-6F2313,Inspector PIM series,,product,Vision (Vision),J,J-179,178,1,,Inspector PIM60-LUT,,,,,,,,,,,,,,,,,,,UV,,,,,,,"{""Resolución del sensor"": ""640 px x 480 px"", ""Objetivo"": ""10 mm, intercambiable (montura M12)"", ""Material de la pantalla frontal"": ""Vidrio""}",light_type
1064565,VSPM-6B2113,Inspector PIM series,,product,Vision (Vision),J,J-179,178,1,,Inspector PIM60 Base,,,,,,,,,,,,,,,,,,,Blanco,,,,,,,"{""Resolución del sensor"": ""640 px x 480 px"", ""Objetivo"": ""No incluido en el envío (montura M12)"", ""Material de la pantalla frontal"": ""La pantalla frontal no está incluida en el volumen de suministro""}",light_type
1064566,VSPM-6B2413,Inspector PIM series,,product,Vision (Vision),J,J-179,178,1,,Inspector PIM60-IR Base,,,,,,,,,,,,,,,,,,,Infrarrojos,,,,,,,"{""Resolución del sensor"": ""640 px x 480 px"", ""Objetivo"": ""No incluido en el envío (montura M12)"", ""Material de la pantalla frontal"": ""La pantalla frontal no está incluida en el volumen de suministro""}",light_type
2049418,OBJ-B16018BA,Inspector PIM series,,accessory,Vision (Vision),J,J-179,178,1,,,,,,,,,,,,,,,,,,,,,,,,,,,"Objetivo intercambiable, distancia focal 16 mm, con anillo distanciador, conector circular M12 x 0,5",,
2049668,OBJ-B06025BA,Inspector PIM series,,accessory,Vision (Vision),J,J-179,178,1,,,,,,,,,,,,,,,,,,,,,,,,,,,"Objetivo intercambiable, distancia focal 6 mm, conector circular M12 x 0,5",,
2050675,,Inspector PIM series,,accessory,Vision (Vision),J,J-179,178,1,,Inspector Flex filtro de color rojo,,,,,,,,,,,,,,,,,,,,,,,,,"Filtro de color rojo (> 548 nm) para variantes con objetivo y pantalla frontal intercambiables, PMMA",,
2050676,,Inspector PIM series,,accessory,Vision (Vision),J,J-179,178,1,,Inspector Flex filtro de color azul,,,,,,,,,,,,,,,,,,,,,,,,,"Filtro de color azul (468 nm ± 62 nm) para variantes con objetivo y pantalla frontal intercambiables, PMMA",,
2050677,,Inspector PIM series,,accessory,Vision (Vision),J,J-179,178,1,,Inspector Flex filtro de color verde,,,,,,,,,,,,,,,,,,,,,,,,,"Filtro de color verde (544 nm ± 53 nm) para variantes con objetivo y pantalla frontal intercambiables, PMMA",,
2050678,,Inspector PIM series,,accessory,Vision (Vision),J,J-179,178,1,,Cúpula flexible para Inspector,,,,,,,,,,,,,,,,,,,,,,,,,"Sustituye la pantalla frontal, generando una iluminación uniforme y homogénea, para superficies brillantes",,
2057556,VSPV-22222,Inspector PIM series,,accessory,Vision (Vision),J,J-179,178,1,,,,,,,,,,,,,,,,,,,,,,,,,,,Inspector Viewer para Inspector I/P/PI series,,
2061248,,Inspector PIM series,,accessory,Vision (Vision),J,J-179,178,1,,Inspector Flex filtro de bloqueo de luz visible,,,,,,,,,,,,,,,,,,,,,,,,,"Filtro de bloqueo de luz visible (> 730 nm) para variantes con objetivo y pantalla frontal intercambiables, PMMA",,
2073707,,Inspector PIM series,,accessory,Vision (Vision),J,J-179,178,1,,Inspector Flex filtro de bloqueo de luz visible,,,,,,,,,,,,,,,,,,,,,,,,,"Filtro de luz (> 770 nm) para variantes con objetivo y pantalla frontal intercambiables, PMMA",,
6036556,DOL-1212-G05MAS01,Inspector PIM series,,accessory,Vision (Vision),J,J-179,178,1,,,,,,,,,,,,,,,,,,,,,,,,,,,"Cabezal A: conector hembra M12 de 12 polos, recto; Cabezal B: cable; Cable: PUR, apantallado, 5 m",,
1050932,S32B-2011BA,S300 Mini Standard,,product,Dispositivos de proteccion optoelectronicos (Optoelectronic protective devices),K,K-184,183,1,,Escáneres láser de seguridad,www.mysick.com/es/S300_Mini_Standard,,2000,,,,,,,,,,,,,,,,,,,,,,,,product_name;sensing_range_max_mm
1056430,S32B-3011BA,S300 Mini Standard,,product,Dispositivos de proteccion optoelectronicos (Optoelectronic protective devices),K,K-184,183,1,,Escáneres láser de seguridad,www.mysick.com/es/S300_Mini_Standard,,3000,,,,,,,,,,,,,,,,,,,,,,,,product_name;sensing_range_max_mm
2034324,Kit de fijación 1a,S300 Mini Standard,,accessory,Dispositivos de proteccion optoelectronicos (Optoelectronic protective devices),K,K-184,183,1,,,,,,,,,,,,,,,,,,,,,,,,,,,1 escuadra de fijación para el montaje en la pared o en la máquina,,
2034325,Kit de fijación 1b,S300 Mini Standard,,accessory,Dispositivos de proteccion optoelectronicos (Optoelectronic protective devices),K,K-184,183,1,,,,,,,,,,,,,,,,,,,,,,,,,,,"1 escuadra de fijación para el montaje en la pared o en la máquina, con cubierta de protección de la óptica",,
2039302,Kit de fijación 2,S300 Mini Standard,,accessory,Dispositivos de proteccion optoelectronicos (Optoelectronic protective devices),K,K-184,183,1,,,,,,,,,,,,,,,,,,,,,,,,,,,"1 escuadra de fijación, puede ajustarse en torno al eje transversal, solo puede usarse con el kit de fijación 1a (2034324) o 1b (2034325)",,
2039303,Kit de fijación 3,S300 Mini Standard,,accessory,Dispositivos de proteccion optoelectronicos (Optoelectronic protective devices),K,K-184,183,1,,,,,,,,,,,,,,,,,,,,,,,,,,,"1 placa de soporte, para ajuste del eje longitudinal, solo puede usarse con el kit de fijación 2 (2039302)",,
2039248,,S300,,accessory,Dispositivos de proteccion optoelectronicos (Optoelectronic protective devices),K,K-185,184,1,,,,,,,,,,,,,,,,,,,,,,,,,,,Juego de piezas de repuesto para la óptica con junta y tornillos,,
6020352,DOL-127SG10ME25KM0,S300,,accessory,Dispositivos de proteccion optoelectronicos (Optoelectronic protective devices),K,K-185,184,2,K-199,,,,,,,,,,,,,,,,"conector hembra M12 de 8 polos, recto",,,,,,,,,,"Conexión A: conector hembra M12 de 8 polos, recto, Conexión B: cable, Cable: TPU, sin halógenos, apantallado, 10 m",,
6020354,DOL-127SG05ME25KM0,S300,,accessory,Dispositivos de proteccion optoelectronicos (Optoelectronic protective devices),K,K-185,184,3,K-197;K-199,,,,,,,,,,,,,,,,"conector hembra M12 de 8 polos, recto",,,,,,,,,,"Cabezal A: conector hembra M12 de 8 polos, recto, Cabezal B: cable, Cable: TPU, sin halógenos, apantallado, 5 m",,
6020537,DOL-127SG2M5E25KM0,S300,,accessory,Dispositivos de proteccion optoelectronicos (Optoelectronic protective devices),K,K-185,184,2,K-197,,,,,,,,,,,,,,,,"conector hembra M12 de 8 polos, recto",,,,,,,,,,"Conexión A: conector hembra M12 de 8 polos, recto, Conexión B: cable, Cable: TPU, sin halógenos, apantallado, 2,5 m",,
6021342,DOL-127SW05ME25KM0,S300,,accessory,Dispositivos de proteccion optoelectronicos (Optoelectronic protective devices),K,K-185,184,1,,,,,,,,,,,,,,,,,"conector hembra M12 de 8 polos, acodado",,,,,,,,,,"Conexión A: conector hembra M12 de 8 polos, acodado, Conexión B: cable, Cable: TPU, sin halógenos, apantallado, 5 m",,
6021343,DOL-127SW15ME25KM0,S300,,accessory,Dispositivos de proteccion optoelectronicos (Optoelectronic protective devices),K,K-185,184,1,,,,,,,,,,,,,,,,,"conector hembra M12 de 8 polos, acodado",,,,,,,,,,"Conexión A: conector hembra M12 de 8 polos, acodado, Conexión B: cable, Cable: TPU, sin halógenos, apantallado, 15 m",,
6033096,DOL-127SG20ME25KM0,S300,,accessory,Dispositivos de proteccion optoelectronicos (Optoelectronic protective devices),K,K-185,184,1,,,,,,,,,,,,,,,,,"conector hembra M12 de 8 polos, recto",,,,,,,,,,"Conexión A: conector hembra M12 de 8 polos, recto, Conexión B: cable, Cable: TPU, sin halógenos, apantallado, 20 m",,
6034574,DSL-8U04G02M025KM1,S300,,accessory,Dispositivos de proteccion optoelectronicos (Optoelectronic protective devices),K,K-185,184,3,K-187;M-223,,,,,,,,,,,,,,,,"conector macho M8 de 4 polos, recto",,,,,,,,,,"Conexión A: conector macho M8 de 4 polos, recto, Conexión B: conector macho, USB-A, recto, Cable: PVC, sin apantallar, 2 m. Para conectar el conector de configuración con el puerto USB del PC",,
6035566,DOL-127SW10ME25KM0,S300,,accessory,Dispositivos de proteccion optoelectronicos (Optoelectronic protective devices),K,K-185,184,1,,,,,,,,,,,,,,,,,"conector hembra M12 de 8 polos, acodado",,,,,,,,,,"Conexión A: conector hembra M12 de 8 polos, acodado, Conexión B: cable, Cable: TPU, sin halógenos, apantallado, 10 m",,
1023546,S30A-6011BA,S3000 Standard,,product,Dispositivos de proteccion optoelectronicos (Optoelectronic protective devices),K,K-186,185,1,,Escáneres láser de seguridad,www.mysick.com/es/S3000_Standard,,5500,,,,,,,,,,,,,,,,,,,,,,,"{""Componente del sistema"": ""conexión sensor con módulo de E/S""}",product_name;sensing_range_max_mm
1023890,S30A-7011BA,S3000 Standard,,product,Dispositivos de proteccion optoelectronicos (Optoelectronic protective devices),K,K-186,185,1,,Escáneres láser de seguridad,www.mysick.com/es/S3000_Standard,,7000,,,,,,,,,,,,,,,,,,,,,,,"{""Componente del sistema"": ""conexión sensor con módulo de E/S""}",product_name;sensing_range_max_mm
1028934,S30A-4011BA,S3000 Standard,,product,Dispositivos de proteccion optoelectronicos (Optoelectronic protective devices),K,K-186,185,1,,Escáneres láser de seguridad,www.mysick.com/es/S3000_Standard,,4000,,,,,,,,,,,,,,,,,,,,,,,"{""Componente del sistema"": ""conexión sensor con módulo de E/S""}",product_name;sensing_range_max_mm
2015623,Kit de fijación 1,S3000,,accessory,Dispositivos de proteccion optoelectronicos (Optoelectronic protective devices),K,K-187,186,1,,,,,,,,,,,,,,,,,,,,,,,,,,,"1 escuadra de fijación para el montaje directo hacia atrás en la pared o en la máquina, sin posibilidad de ajuste",,
2015624,Kit de fijación 2,S3000,,accessory,Dispositivos de proteccion optoelectronicos (Optoelectronic protective devices),K,K-187,186,1,,,,,,,,,,,,,,,,,,,,,,,,,,,"1 escuadra de fijación para el montaje en la pared o en la máquina, puede ajustarse en torno al eje longitudinal o transversal, solo puede usarse con el kit de fijación 1 (2015623)",,
2015625,Kit de fijación 3,S3000,,accessory,Dispositivos de proteccion optoelectronicos (Optoelectronic protective devices),K,K-187,186,1,,,,,,,,,,,,,,,,,,,,,,,,,,,"1 escuadra de fijación para el montaje hacia atrás o hacia abajo en la pared, el suelo o la máquina, puede ajustarse en torno al eje longitudinal o transversal, solo puede usarse con el kit de fijación 1 (2015623) y 2 (2015624)",,
2023797,SX0A-A0000B,S3000,,accessory,Dispositivos de proteccion optoelectronicos (Optoelectronic protective devices),K,K-187,186,1,,,,,,,,,,,,,,,,,Conexión A: conector macho del sistema,,,,,,,,,,"Cable: sin cable. No para uso con encoders incrementales, memoria de configuración integrada",,
2027170,SX0A-B0905B,S3000,,accessory,Dispositivos de proteccion optoelectronicos (Optoelectronic protective devices),K,K-187,186,1,,,,,,,,,,,,,,,,,Conexión A: conector macho del sistema,,,,,,,,,,"Cable: preconfeccionado, PVC, sin apantallar, 5 m. No para uso con encoders incrementales, memoria de configuración integrada",,
2027171,SX0A-B0910B,S3000,,accessory,Dispositivos de proteccion optoelectronicos (Optoelectronic protective devices),K,K-187,186,1,,,,,,,,,,,,,,,,,Conexión A: conector macho del sistema,,,,,,,,,,"Cable: preconfeccionado, PVC, sin apantallar, 10 m. No para uso con encoders incrementales, memoria de configuración integrada",,
2027180,Juego de piezas de repuesto para pantalla frontal,S3000,,accessory,Dispositivos de proteccion optoelectronicos (Optoelectronic protective devices),K,K-187,186,1,,,,,,,,,,,,,,,,,,,,,,,,,,,Juego de piezas de repuesto para pantalla frontal con junta y tornillos,,
2027814,SX0A-B0920B,S3000,,accessory,Dispositivos de proteccion optoelectronicos (Optoelectronic protective devices),K,K-187,186,1,,,,,,,,,,,,,,,,,Conexión A: conector macho del sistema,,,,,,,,,,"Cable: preconfeccionado, PVC, sin apantallar, 20 m. No para uso con encoders incrementales, memoria de configuración integrada",,
1062896,deTec4 Core Set 14/300,deTec4 Core,,product,Dispositivos de proteccion optoelectronicos (Optoelectronic protective devices),K,K-189,188,1,,Cortinas fotoeléctricas de seguridad,www.mysick.com/es/deTec4_Core,0,7000,,,,,,,,14,mm,,,,"deTec4 Core, emisor y receptor; 1 relé de seguridad UE48-2OS (6024915); 4 soportes FlexFix (2066614); 2 cables de conexión, 5 m (6025907)",,,,,,,,,,"{""Altura del campo de protección"": ""300 mm""}",product_name;sensing_range_min_mm;sensing_range_max_mm;resolution_value;resolution_unit;scope_of_delivery
1062897,deTec4 Core Set 14/450,deTec4 Core,,product,Dispositivos de proteccion optoelectronicos (Optoelectronic protective devices),K,K-189,188,1,,Cortinas fotoeléctricas de seguridad,www.mysick.com/es/deTec4_Core,0,7000,,,,,,,,14,mm,,,,"deTec4 Core, emisor y receptor; 1 relé de seguridad UE48-2OS (6024915); 4 soportes FlexFix (2066614); 2 cables de conexión, 5 m (6025907)",,,,,,,,,,"{""Altura del campo de protección"": ""450 mm""}",product_name;sensing_range_min_mm;sensing_range_max_mm;resolution_value;resolution_unit;scope_of_delivery
1062898,deTec4 Core Set 14/600,deTec4 Core,,product,Dispositivos de proteccion optoelectronicos (Optoelectronic protective devices),K,K-189,188,1,,Cortinas fotoeléctricas de seguridad,www.mysick.com/es/deTec4_Core,0,7000,,,,,,,,14,mm,,,,"deTec4 Core, emisor y receptor; 1 relé de seguridad UE48-2OS (6024915); 4 soportes FlexFix (2066614); 2 cables de conexión, 5 m (6025907)",,,,,,,,,,"{""Altura del campo de protección"": ""600 mm""}",product_name;sensing_range_min_mm;sensing_range_max_mm;resolution_value;resolution_unit;scope_of_delivery
1062899,deTec4 Core Set 14/750,deTec4 Core,,product,Dispositivos de proteccion optoelectronicos (Optoelectronic protective devices),K,K-189,188,1,,Cortinas fotoeléctricas de seguridad,www.mysick.com/es/deTec4_Core,0,7000,,,,,,,,14,mm,,,,"deTec4 Core, emisor y receptor; 1 relé de seguridad UE48-2OS (6024915); 4 soportes FlexFix (2066614); 2 cables de conexión, 5 m (6025907)",,,,,,,,,,"{""Altura del campo de protección"": ""750 mm""}",product_name;sensing_range_min_mm;sensing_range_max_mm;resolution_value;resolution_unit;scope_of_delivery
1062900,deTec4 Core Set 14/900,deTec4 Core,,product,Dispositivos de proteccion optoelectronicos (Optoelectronic protective devices),K,K-189,188,1,,Cortinas fotoeléctricas de seguridad,www.mysick.com/es/deTec4_Core,0,7000,,,,,,,,14,mm,,,,"deTec4 Core, emisor y receptor; 1 relé de seguridad UE48-2OS (6024915); 4 soportes FlexFix (2066614); 2 cables de conexión, 5 m (6025907)",,,,,,,,,,"{""Altura del campo de protección"": ""900 mm""}",product_name;sensing_range_min_mm;sensing_range_max_mm;resolution_value;resolution_unit;scope_of_delivery
1062901,deTec4 Core Set 14/1050,deTec4 Core,,product,Dispositivos de proteccion optoelectronicos (Optoelectronic protective devices),K,K-189,188,1,,Cortinas fotoeléctricas de seguridad,www.mysick.com/es/deTec4_Core,0,7000,,,,,,,,14,mm,,,,"deTec4 Core, emisor y receptor; 1 relé de seguridad UE48-2OS (6024915); 4 soportes FlexFix (2066614); 2 cables de conexión, 5 m (6025907)",,,,,,,,,,"{""Altura del campo de protección"": ""1.050 mm""}",product_name;sensing_range_min_mm;sensing_range_max_mm;resolution_value;resolution_unit;scope_of_delivery
1062902,deTec4 Core Set 14/1200,deTec4 Core,,product,Dispositivos de proteccion optoelectronicos (Optoelectronic protective devices),K,K-189,188,1,,Cortinas fotoeléctricas de seguridad,www.mysick.com/es/deTec4_Core,0,7000,,,,,,,,14,mm,,,,"deTec4 Core, emisor y receptor; 1 relé de seguridad UE48-2OS (6024915); 4 soportes FlexFix (2066614); 2 cables de conexión, 5 m (6025907)",,,,,,,,,,"{""Altura del campo de protección"": ""1.200 mm""}",product_name;sensing_range_min_mm;sensing_range_max_mm;resolution_value;resolution_unit;scope_of_delivery
1062903,deTec4 Core Set 14/1350,deTec4 Core,,product,Dispositivos de proteccion optoelectronicos (Optoelectronic protective devices),K,K-189,188,1,,Cortinas fotoeléctricas de seguridad,www.mysick.com/es/deTec4_Core,0,7000,,,,,,,,14,mm,,,,"deTec4 Core, emisor y receptor; 1 relé de seguridad UE48-2OS (6024915); 4 soportes FlexFix (2066614); 2 cables de conexión, 5 m (6025907)",,,,,,,,,,"{""Altura del campo de protección"": ""1.350 mm""}",product_name;sensing_range_min_mm;sensing_range_max_mm;resolution_value;resolution_unit;scope_of_delivery
1062904,deTec4 Core Set 14/1500,deTec4 Core,,product,Dispositivos de proteccion optoelectronicos (Optoelectronic protective devices),K,K-189,188,1,,Cortinas fotoeléctricas de seguridad,www.mysick.com/es/deTec4_Core,0,7000,,,,,,,,14,mm,,,,"deTec4 Core, emisor y receptor; 1 relé de seguridad UE48-2OS (6024915); 4 soportes FlexFix (2066614); 2 cables de conexión, 5 m (6025907)",,,,,,,,,,"{""Altura del campo de protección"": ""1.500 mm""}",product_name;sensing_range_min_mm;sensing_range_max_mm;resolution_value;resolution_unit;scope_of_delivery
1062905,deTec4 Core Set 14/1650,deTec4 Core,,product,Dispositivos de proteccion optoelectronicos (Optoelectronic protective devices),K,K-189,188,1,,Cortinas fotoeléctricas de seguridad,www.mysick.com/es/deTec4_Core,0,7000,,,,,,,,14,mm,,,,"deTec4 Core, emisor y receptor; 1 relé de seguridad UE48-2OS (6024915); 4 soportes FlexFix (2066614); 2 cables de conexión, 5 m (6025907)",,,,,,,,,,"{""Altura del campo de protección"": ""1.650 mm""}",product_name;sensing_range_min_mm;sensing_range_max_mm;resolution_value;resolution_unit;scope_of_delivery
1062906,deTec4 Core Set 14/1800,deTec4 Core,,product,Dispositivos de proteccion optoelectronicos (Optoelectronic protective devices),K,K-189,188,1,,Cortinas fotoeléctricas de seguridad,www.mysick.com/es/deTec4_Core,0,7000,,,,,,,,14,mm,,,,"deTec4 Core, emisor y receptor; 1 relé de seguridad UE48-2OS (6024915); 4 soportes FlexFix (2066614); 2 cables de conexión, 5 m (6025907)",,,,,,,,,,"{""Altura del campo de protección"": ""1.800 mm""}",product_name;sensing_range_min_mm;sensing_range_max_mm;resolution_value;resolution_unit;scope_of_delivery
1062907,deTec4 Core Set 14/1950,deTec4 Core,,product,Dispositivos de proteccion optoelectronicos (Optoelectronic protective devices),K,K-189,188,1,,Cortinas fotoeléctricas de seguridad,www.mysick.com/es/deTec4_Core,0,7000,,,,,,,,14,mm,,,,"deTec4 Core, emisor y receptor; 1 relé de seguridad UE48-2OS (6024915); 4 soportes FlexFix (2066614); 2 cables de conexión, 5 m (6025907)",,,,,,,,,,"{""Altura del campo de protección"": ""1.950 mm""}",product_name;sensing_range_min_mm;sensing_range_max_mm;resolution_value;resolution_unit;scope_of_delivery
1062908,deTec4 Core Set 14/2100,deTec4 Core,,product,Dispositivos de proteccion optoelectronicos (Optoelectronic protective devices),K,K-189,188,1,,Cortinas fotoeléctricas de seguridad,www.mysick.com/es/deTec4_Core,0,7000,,,,,,,,14,mm,,,,"deTec4 Core, emisor y receptor; 1 relé de seguridad UE48-2OS (6024915); 4 soportes FlexFix (2066614); 2 cables de conexión, 5 m (6025907)",,,,,,,,,,"{""Altura del campo de protección"": ""2.100 mm""}",product_name;sensing_range_min_mm;sensing_range_max_mm;resolution_value;resolution_unit;scope_of_delivery
1062909,deTec4 Core Set 30/300,deTec4 Core,,product,Dispositivos de proteccion optoelectronicos (Optoelectronic protective devices),K,K-189,188,1,,Cortinas fotoeléctricas de seguridad,www.mysick.com/es/deTec4_Core,0,10000,,,,,,,,30,mm,,,,"deTec4 Core, emisor y receptor; 1 relé de seguridad UE48-2OS (6024915); 4 soportes FlexFix (2066614); 2 cables de conexión, 5 m (6025907)",,,,,,,,,,"{""Altura del campo de protección"": ""300 mm""}",product_name;sensing_range_min_mm;sensing_range_max_mm;resolution_value;resolution_unit;scope_of_delivery
1062910,deTec4 Core Set 30/450,deTec4 Core,,product,Dispositivos de proteccion optoelectronicos (Optoelectronic protective devices),K,K-189,188,1,,Cortinas fotoeléctricas de seguridad,www.mysick.com/es/deTec4_Core,0,10000,,,,,,,,30,mm,,,,"deTec4 Core, emisor y receptor; 1 relé de seguridad UE48-2OS (6024915); 4 soportes FlexFix (2066614); 2 cables de conexión, 5 m (6025907)",,,,,,,,,,"{""Altura del campo de protección"": ""450 mm""}",product_name;sensing_range_min_mm;sensing_range_max_mm;resolution_value;resolution_unit;scope_of_delivery
1062911,deTec4 Core Set 30/600,deTec4 Core,,product,Dispositivos de proteccion optoelectronicos (Optoelectronic protective devices),K,K-189,188,1,,Cortinas fotoeléctricas de seguridad,www.mysick.com/es/deTec4_Core,0,10000,,,,,,,,30,mm,,,,"deTec4 Core, emisor y receptor; 1 relé de seguridad UE48-2OS (6024915); 4 soportes FlexFix (2066614); 2 cables de conexión, 5 m (6025907)",,,,,,,,,,"{""Altura del campo de protección"": ""600 mm""}",product_name;sensing_range_min_mm;sensing_range_max_mm;resolution_value;resolution_unit;scope_of_delivery
1062912,deTec4 Core Set 30/750,deTec4 Core,,product,Dispositivos de proteccion optoelectronicos (Optoelectronic protective devices),K,K-189,188,1,,Cortinas fotoeléctricas de seguridad,www.mysick.com/es/deTec4_Core,0,10000,,,,,,,,30,mm,,,,"deTec4 Core, emisor y receptor; 1 relé de seguridad UE48-2OS (6024915); 4 soportes FlexFix (2066614); 2 cables de conexión, 5 m (6025907)",,,,,,,,,,"{""Altura del campo de protección"": ""750 mm""}",product_name;sensing_range_min_mm;sensing_range_max_mm;resolution_value;resolution_unit;scope_of_delivery
1062913,deTec4 Core Set 30/900,deTec4 Core,,product,Dispositivos de proteccion optoelectronicos (Optoelectronic protective devices),K,K-189,188,1,,Cortinas fotoeléctricas de seguridad,www.mysick.com/es/deTec4_Core,0,10000,,,,,,,,30,mm,,,,"deTec4 Core, emisor y receptor; 1 relé de seguridad UE48-2OS (6024915); 4 soportes FlexFix (2066614); 2 cables de conexión, 5 m (6025907)",,,,,,,,,,"{""Altura del campo de protección"": ""900 mm""}",product_name;sensing_range_min_mm;sensing_range_max_mm;resolution_value;resolution_unit;scope_of_delivery
1062914,deTec4 Core Set 30/1050,deTec4 Core,,product,Dispositivos de proteccion optoelectronicos (Optoelectronic protective devices),K,K-189,188,1,,Cortinas fotoeléctricas de seguridad,www.mysick.com/es/deTec4_Core,0,10000,,,,,,,,30,mm,,,,"deTec4 Core, emisor y receptor; 1 relé de seguridad UE48-2OS (6024915); 4 soportes FlexFix (2066614); 2 cables de conexión, 5 m (6025907)",,,,,,,,,,"{""Altura del campo de protección"": ""1.050 mm""}",product_name;sensing_range_min_mm;sensing_range_max_mm;resolution_value;resolution_unit;scope_of_delivery
1062915,deTec4 Core Set 30/1200,deTec4 Core,,product,Dispositivos de proteccion optoelectronicos (Optoelectronic protective devices),K,K-189,188,1,,Cortinas fotoeléctricas de seguridad,www.mysick.com/es/deTec4_Core,0,10000,,,,,,,,30,mm,,,,"deTec4 Core, emisor y receptor; 1 relé de seguridad UE48-2OS (6024915); 4 soportes FlexFix (2066614); 2 cables de conexión, 5 m (6025907)",,,,,,,,,,"{""Altura del campo de protección"": ""1.200 mm""}",product_name;sensing_range_min_mm;sensing_range_max_mm;resolution_value;resolution_unit;scope_of_delivery
1062916,deTec4 Core Set 30/1350,deTec4 Core,,product,Dispositivos de proteccion optoelectronicos (Optoelectronic protective devices),K,K-189,188,1,,Cortinas fotoeléctricas de seguridad,www.mysick.com/es/deTec4_Core,0,10000,,,,,,,,30,mm,,,,"deTec4 Core, emisor y receptor; 1 relé de seguridad UE48-2OS (6024915); 4 soportes FlexFix (2066614); 2 cables de conexión, 5 m (6025907)",,,,,,,,,,"{""Altura del campo de protección"": ""1.350 mm""}",product_name;sensing_range_min_mm;sensing_range_max_mm;resolution_value;resolution_unit;scope_of_delivery
1062917,deTec4 Core Set 30/1500,deTec4 Core,,product,Dispositivos de proteccion optoelectronicos (Optoelectronic protective devices),K,K-189,188,1,,Cortinas fotoeléctricas de seguridad,www.mysick.com/es/deTec4_Core,0,10000,,,,,,,,30,mm,,,,"deTec4 Core, emisor y receptor; 1 relé de seguridad UE48-2OS (6024915); 4 soportes FlexFix (2066614); 2 cables de conexión, 5 m (6025907)",,,,,,,,,,"{""Altura del campo de protección"": ""1.500 mm""}",product_name;sensing_range_min_mm;sensing_range_max_mm;resolution_value;resolution_unit;scope_of_delivery
1062918,deTec4 Core Set 30/1650,deTec4 Core,,product,Dispositivos de proteccion optoelectronicos (Optoelectronic protective devices),K,K-189,188,1,,Cortinas fotoeléctricas de seguridad,www.mysick.com/es/deTec4_Core,0,10000,,,,,,,,30,mm,,,,"deTec4 Core, emisor y receptor; 1 relé de seguridad UE48-2OS (6024915); 4 soportes FlexFix (2066614); 2 cables de conexión, 5 m (6025907)",,,,,,,,,,"{""Altura del campo de protección"": ""1.650 mm""}",product_name;sensing_range_min_mm;sensing_range_max_mm;resolution_value;resolution_unit;scope_of_delivery
1062919,deTec4 Core Set 30/1800,deTec4 Core,,product,Dispositivos de proteccion optoelectronicos (Optoelectronic protective devices),K,K-189,188,1,,Cortinas fotoeléctricas de seguridad,www.mysick.com/es/deTec4_Core,0,10000,,,,,,,,30,mm,,,,"deTec4 Core, emisor y receptor; 1 relé de seguridad UE48-2OS (6024915); 4 soportes FlexFix (2066614); 2 cables de conexión, 5 m (6025907)",,,,,,,,,,"{""Altura del campo de protección"": ""1.800 mm""}",product_name;sensing_range_min_mm;sensing_range_max_mm;resolution_value;resolution_unit;scope_of_delivery
1062920,deTec4 Core Set 30/1950,deTec4 Core,,product,Dispositivos de proteccion optoelectronicos (Optoelectronic protective devices),K,K-189,188,1,,Cortinas fotoeléctricas de seguridad,www.mysick.com/es/deTec4_Core,0,10000,,,,,,,,30,mm,,,,"deTec4 Core, emisor y receptor; 1 relé de seguridad UE48-2OS (6024915); 4 soportes FlexFix (2066614); 2 cables de conexión, 5 m (6025907)",,,,,,,,,,"{""Altura del campo de protección"": ""1.950 mm""}",product_name;sensing_range_min_mm;sensing_range_max_mm;resolution_value;resolution_unit;scope_of_delivery
1062921,deTec4 Core Set 30/2100,deTec4 Core,,product,Dispositivos de proteccion optoelectronicos (Optoelectronic protective devices),K,K-189,188,1,,Cortinas fotoeléctricas de seguridad,www.mysick.com/es/deTec4_Core,0,10000,,,,,,,,30,mm,,,,"deTec4 Core, emisor y receptor; 1 relé de seguridad UE48-2OS (6024915); 4 soportes FlexFix (2066614); 2 cables de conexión, 5 m (6025907)",,,,,,,,,,"{""Altura del campo de protección"": ""2.100 mm""}",product_name;sensing_range_min_mm;sensing_range_max_mm;resolution_value;resolution_unit;scope_of_delivery
2066614,FlexFix,deTec4 Core,,accessory,Dispositivos de proteccion optoelectronicos (Optoelectronic protective devices),K,K-189,188,2,K-196,,,,,,,,,,,,,,,,,,,,,,,,,,soportes FlexFix,"{""Cantidad"": ""4""}",short_description;type_code;other_specs
1207094,C4MT-01214ABB03BE0,miniTwin4,,product,Dispositivos de proteccion optoelectronicos (Optoelectronic protective devices),K,K-190,189,1,,Cortinas fotoeléctricas de seguridad,www.mysick.com/es/miniTwin4,0,5000,,,,,,,,14,mm,,,M12 de 5 polos,,,,,,,,,,,"{""Altura del campo de protección"": ""120 mm"", ""Longitud del cable"": ""160 mm""}",sensing_range_min_mm;sensing_range_max_mm;connection;product_name;other_specs
1207097,C4MT-01814ABB03BE0,miniTwin4,,product,Dispositivos de proteccion optoelectronicos (Optoelectronic protective devices),K,K-190,189,1,,Cortinas fotoeléctricas de seguridad,www.mysick.com/es/miniTwin4,0,5000,,,,,,,,14,mm,,,M12 de 5 polos,,,,,,,,,,,"{""Altura del campo de protección"": ""180 mm"", ""Longitud del cable"": ""160 mm""}",sensing_range_min_mm;sensing_range_max_mm;connection;product_name;other_specs
1207098,C4MT-02414ABB03DE0,miniTwin4,,product,Dispositivos de proteccion optoelectronicos (Optoelectronic protective devices),K,K-190,189,1,,Cortinas fotoeléctricas de seguridad,www.mysick.com/es/miniTwin4,0,5000,,,,,,,,14,mm,,,M12 de 5 polos,,,,,,,,,,,"{""Altura del campo de protección"": ""240 mm"", ""Longitud del cable"": ""160 mm""}",sensing_range_min_mm;sensing_range_max_mm;connection;product_name;other_specs
1207099,C4MT-03014ABB03DE0,miniTwin4,,product,Dispositivos de proteccion optoelectronicos (Optoelectronic protective devices),K,K-190,189,1,,Cortinas fotoeléctricas de seguridad,www.mysick.com/es/miniTwin4,0,5000,,,,,,,,14,mm,,,M12 de 5 polos,,,,,,,,,,,"{""Altura del campo de protección"": ""300 mm"", ""Longitud del cable"": ""350 mm""}",sensing_range_min_mm;sensing_range_max_mm;connection;product_name;other_specs
1207100,C4MT-03614ABB03DE0,miniTwin4,,product,Dispositivos de proteccion optoelectronicos (Optoelectronic protective devices),K,K-190,189,1,,Cortinas fotoeléctricas de seguridad,www.mysick.com/es/miniTwin4,0,5000,,,,,,,,14,mm,,,M12 de 5 polos,,,,,,,,,,,"{""Altura del campo de protección"": ""360 mm"", ""Longitud del cable"": ""350 mm""}",sensing_range_min_mm;sensing_range_max_mm;connection;product_name;other_specs
1207101,C4MT-04214ABB03DE0,miniTwin4,,product,Dispositivos de proteccion optoelectronicos (Optoelectronic protective devices),K,K-190,189,1,,Cortinas fotoeléctricas de seguridad,www.mysick.com/es/miniTwin4,0,5000,,,,,,,,14,mm,,,M12 de 5 polos,,,,,,,,,,,"{""Altura del campo de protección"": ""420 mm"", ""Longitud del cable"": ""350 mm""}",sensing_range_min_mm;sensing_range_max_mm;connection;product_name;other_specs
1207102,C4MT-04814ABB03DE0,miniTwin4,,product,Dispositivos de proteccion optoelectronicos (Optoelectronic protective devices),K,K-190,189,1,,Cortinas fotoeléctricas de seguridad,www.mysick.com/es/miniTwin4,0,5000,,,,,,,,14,mm,,,M12 de 5 polos,,,,,,,,,,,"{""Altura del campo de protección"": ""480 mm"", ""Longitud del cable"": ""350 mm""}",sensing_range_min_mm;sensing_range_max_mm;connection;product_name;other_specs
1207103,C4MT-05414ABB03DE0,miniTwin4,,product,Dispositivos de proteccion optoelectronicos (Optoelectronic protective devices),K,K-190,189,1,,Cortinas fotoeléctricas de seguridad,www.mysick.com/es/miniTwin4,0,5000,,,,,,,,14,mm,,,M12 de 5 polos,,,,,,,,,,,"{""Altura del campo de protección"": ""540 mm"", ""Longitud del cable"": ""350 mm""}",sensing_range_min_mm;sensing_range_max_mm;connection;product_name;other_specs
1207104,C4MT-06014ABB03FE0,miniTwin4,,product,Dispositivos de proteccion optoelectronicos (Optoelectronic protective devices),K,K-190,189,1,,Cortinas fotoeléctricas de seguridad,www.mysick.com/es/miniTwin4,0,5000,,,,,,,,14,mm,,,M12 de 5 polos,,,,,,,,,,,"{""Altura del campo de protección"": ""600 mm"", ""Longitud del cable"": ""350 mm""}",sensing_range_min_mm;sensing_range_max_mm;connection;product_name;other_specs
1207105,C4MT-06614ABB03FE0,miniTwin4,,product,Dispositivos de proteccion optoelectronicos (Optoelectronic protective devices),K,K-190,189,1,,Cortinas fotoeléctricas de seguridad,www.mysick.com/es/miniTwin4,0,5000,,,,,,,,14,mm,,,M12 de 5 polos,,,,,,,,,,,"{""Altura del campo de protección"": ""660 mm"", ""Longitud del cable"": ""350 mm""}",sensing_range_min_mm;sensing_range_max_mm;connection;product_name;other_specs
1207106,C4MT-07214ABB03FE0,miniTwin4,,product,Dispositivos de proteccion optoelectronicos (Optoelectronic protective devices),K,K-190,189,1,,Cortinas fotoeléctricas de seguridad,www.mysick.com/es/miniTwin4,0,5000,,,,,,,,14,mm,,,M12 de 5 polos,,,,,,,,,,,"{""Altura del campo de protección"": ""720 mm"", ""Longitud del cable"": ""350 mm""}",sensing_range_min_mm;sensing_range_max_mm;connection;product_name;other_specs
1207107,C4MT-07814ABB03FE0,miniTwin4,,product,Dispositivos de proteccion optoelectronicos (Optoelectronic protective devices),K,K-190,189,1,,Cortinas fotoeléctricas de seguridad,www.mysick.com/es/miniTwin4,0,5000,,,,,,,,14,mm,,,M12 de 5 polos,,,,,,,,,,,"{""Altura del campo de protección"": ""780 mm"", ""Longitud del cable"": ""700 mm""}",sensing_range_min_mm;sensing_range_max_mm;connection;product_name;other_specs
1207108,C4MT-08414ABB03FE0,miniTwin4,,product,Dispositivos de proteccion optoelectronicos (Optoelectronic protective devices),K,K-190,189,1,,Cortinas fotoeléctricas de seguridad,www.mysick.com/es/miniTwin4,0,5000,,,,,,,,14,mm,,,M12 de 5 polos,,,,,,,,,,,"{""Altura del campo de protección"": ""840 mm"", ""Longitud del cable"": ""700 mm""}",sensing_range_min_mm;sensing_range_max_mm;connection;product_name;other_specs
1207109,C4MT-09014ABB03FE0,miniTwin4,,product,Dispositivos de proteccion optoelectronicos (Optoelectronic protective devices),K,K-190,189,1,,Cortinas fotoeléctricas de seguridad,www.mysick.com/es/miniTwin4,0,5000,,,,,,,,14,mm,,,M12 de 5 polos,,,,,,,,,,,"{""Altura del campo de protección"": ""900 mm"", ""Longitud del cable"": ""700 mm""}",sensing_range_min_mm;sensing_range_max_mm;connection;product_name;other_specs
1207116,C4MT-01814ABB04BE0,miniTwin4,C4MT,product,Dispositivos de proteccion optoelectronicos (Optoelectronic protective devices),K,K-191,190,1,,Cortinas fotoeléctricas de seguridad miniTwin4,,,,,,,,,,,,,,,,,,,,,,,,,,"{""Resolución"": ""14 mm"", ""Altura del campo de protección"": ""180 mm"", ""Longitud del cable"": ""160 mm"", ""Configuración"": ""Equipo en cascada""}",other_specs
1207117,C4MT-02414ABB04DE0,miniTwin4,C4MT,product,Dispositivos de proteccion optoelectronicos (Optoelectronic protective devices),K,K-191,190,1,,Cortinas fotoeléctricas de seguridad miniTwin4,,,,,,,,,,,,,,,,,,,,,,,,,,"{""Resolución"": ""14 mm"", ""Altura del campo de protección"": ""240 mm"", ""Longitud del cable"": ""350 mm"", ""Configuración"": ""Equipo en cascada""}",other_specs
1207118,C4MT-03014ABB04DE0,miniTwin4,C4MT,product,Dispositivos de proteccion optoelectronicos (Optoelectronic protective devices),K,K-191,190,1,,Cortinas fotoeléctricas de seguridad miniTwin4,,,,,,,,,,,,,,,,,,,,,,,,,,"{""Resolución"": ""14 mm"", ""Altura del campo de protección"": ""300 mm"", ""Longitud del cable"": ""350 mm"", ""Configuración"": ""Equipo en cascada""}",other_specs
1207121,C4MT-04814ABB04DE0,miniTwin4,C4MT,product,Dispositivos de proteccion optoelectronicos (Optoelectronic protective devices),K,K-191,190,1,,Cortinas fotoeléctricas de seguridad miniTwin4,,,,,,,,,,,,,,,,,,,,,,,,,,"{""Resolución"": ""14 mm"", ""Altura del campo de protección"": ""480 mm"", ""Longitud del cable"": ""350 mm"", ""Configuración"": ""Equipo en cascada""}",other_specs
1207123,C4MT-06014ABB04FE0,miniTwin4,C4MT,product,Dispositivos de proteccion optoelectronicos (Optoelectronic protective devices),K,K-191,190,1,,Cortinas fotoeléctricas de seguridad miniTwin4,,,,,,,,,,,,,,,,,,,,,,,,,,"{""Resolución"": ""14 mm"", ""Altura del campo de protección"": ""600 mm"", ""Longitud del cable"": ""350 mm"", ""Configuración"": ""Equipo en cascada""}",other_specs
1207125,C4MT-07214ABB04FE0,miniTwin4,C4MT,product,Dispositivos de proteccion optoelectronicos (Optoelectronic protective devices),K,K-191,190,1,,Cortinas fotoeléctricas de seguridad miniTwin4,,,,,,,,,,,,,,,,,,,,,,,,,,"{""Resolución"": ""14 mm"", ""Altura del campo de protección"": ""720 mm"", ""Longitud del cable"": ""700 mm"", ""Configuración"": ""Equipo en cascada""}",other_specs
1207128,C4MT-09014ABB04FE0,miniTwin4,C4MT,product,Dispositivos de proteccion optoelectronicos (Optoelectronic protective devices),K,K-191,190,1,,Cortinas fotoeléctricas de seguridad miniTwin4,,,,,,,,,,,,,,,,,,,,,,,,,,"{""Resolución"": ""14 mm"", ""Altura del campo de protección"": ""900 mm"", ""Longitud del cable"": ""700 mm"", ""Configuración"": ""Equipo en cascada""}",other_specs
1207224,C4MT-02424ABB03DE0,miniTwin4,C4MT,product,Dispositivos de proteccion optoelectronicos (Optoelectronic protective devices),K,K-191,190,1,,Cortinas fotoeléctricas de seguridad miniTwin4,,,,,,,,,,,,,,,,,,,,,,,,,,"{""Resolución"": ""24 mm"", ""Altura del campo de protección"": ""240 mm"", ""Longitud del cable"": ""350 mm""}",other_specs
1207225,C4MT-03024ABB03DE0,miniTwin4,C4MT,product,Dispositivos de proteccion optoelectronicos (Optoelectronic protective devices),K,K-191,190,1,,Cortinas fotoeléctricas de seguridad miniTwin4,,,,,,,,,,,,,,,,,,,,,,,,,,"{""Resolución"": ""24 mm"", ""Altura del campo de protección"": ""300 mm"", ""Longitud del cable"": ""350 mm""}",other_specs
1207227,C4MT-03624ABB03DE0,miniTwin4,C4MT,product,Dispositivos de proteccion optoelectronicos (Optoelectronic protective devices),K,K-191,190,1,,Cortinas fotoeléctricas de seguridad miniTwin4,,,,,,,,,,,,,,,,,,,,,,,,,,"{""Resolución"": ""24 mm"", ""Altura del campo de protección"": ""360 mm"", ""Longitud del cable"": ""350 mm""}",other_specs
1207229,C4MT-04824ABB03DE0,miniTwin4,C4MT,product,Dispositivos de proteccion optoelectronicos (Optoelectronic protective devices),K,K-191,190,1,,Cortinas fotoeléctricas de seguridad miniTwin4,,,,,,,,,,,,,,,,,,,,,,,,,,"{""Resolución"": ""24 mm"", ""Altura del campo de protección"": ""480 mm"", ""Longitud del cable"": ""350 mm""}",other_specs
1207231,C4MT-06024ABB03FE0,miniTwin4,C4MT,product,Dispositivos de proteccion optoelectronicos (Optoelectronic protective devices),K,K-191,190,1,,Cortinas fotoeléctricas de seguridad miniTwin4,,,,,,,,,,,,,,,,,,,,,,,,,,"{""Resolución"": ""24 mm"", ""Altura del campo de protección"": ""600 mm"", ""Longitud del cable"": ""350 mm""}",other_specs
1207233,C4MT-07224ABB03FE0,miniTwin4,C4MT,product,Dispositivos de proteccion optoelectronicos (Optoelectronic protective devices),K,K-191,190,1,,Cortinas fotoeléctricas de seguridad miniTwin4,,,,,,,,,,,,,,,,,,,,,,,,,,"{""Resolución"": ""24 mm"", ""Altura del campo de protección"": ""720 mm"", ""Longitud del cable"": ""350 mm""}",other_specs
1207236,C4MT-09024ABB03FE0,miniTwin4,C4MT,product,Dispositivos de proteccion optoelectronicos (Optoelectronic protective devices),K,K-191,190,1,,Cortinas fotoeléctricas de seguridad miniTwin4,,,,,,,,,,,,,,,,,,,,,,,,,,"{""Resolución"": ""24 mm"", ""Altura del campo de protección"": ""900 mm"", ""Longitud del cable"": ""700 mm""}",other_specs
1207238,C4MT-10224ABB03FE0,miniTwin4,C4MT,product,Dispositivos de proteccion optoelectronicos (Optoelectronic protective devices),K,K-191,190,1,,Cortinas fotoeléctricas de seguridad miniTwin4,,,,,,,,,,,,,,,,,,,,,,,,,,"{""Resolución"": ""24 mm"", ""Altura del campo de protección"": ""1.020 mm"", ""Longitud del cable"": ""700 mm""}",other_specs
1207241,C4MT-12024ABB03FE0,miniTwin4,C4MT,product,Dispositivos de proteccion optoelectronicos (Optoelectronic protective devices),K,K-191,190,1,,Cortinas fotoeléctricas de seguridad miniTwin4,,,,,,,,,,,,,,,,,,,,,,,,,,"{""Resolución"": ""24 mm"", ""Altura del campo de protección"": ""1.200 mm"", ""Longitud del cable"": ""700 mm""}",other_specs
2045835,BEF-3SHAEMKU2,miniTwin4,,accessory,Dispositivos de proteccion optoelectronicos (Optoelectronic protective devices),K,K-191,190,2,K-194,,,,,,,,,,,,,,,,,,,,,,,,,,"2 soportes O-Fix, lado derecho e izquierdo (2 unidades), para todas las alturas de campo de protección","{""Grupo de accesorios"": ""Escuadra y placas de fijación""}",
2045843,BEF-3AAA0MKU2S04,miniTwin4,,accessory,Dispositivos de proteccion optoelectronicos (Optoelectronic protective devices),K,K-191,190,2,K-194,,,,,,,,,,,,,,,,,,,,,,,,,,"2 soportes C-Fix con soporte L-Fix, lado derecho e izquierdo (2 unidades de cada uno), para todas las alturas de campo de protección","{""Grupo de accesorios"": ""Escuadra y placas de fijación""}",
2056598,BEF-1SHABMAL2,miniTwin4,,accessory,Dispositivos de proteccion optoelectronicos (Optoelectronic protective devices),K,K-191,190,2,K-194,,,,,,,,,,,,,,,,,,,,,,,,,,"2 soportes C-Fix-Flex orientables +4°/–4°, versión metálica, para montaje plano y del lado del conector, metal","{""Grupo de accesorios"": ""Escuadra y placas de fijación""}",
6009868,DOL-1205-G05M,miniTwin4,,accessory,Dispositivos de proteccion optoelectronicos (Optoelectronic protective devices),K,K-191,190,2,K-194,,,,,,,,,,,,,,,,"Conexión A: conector hembra M12 de 5 polos, recto; Conexión B: cable",,,,,,,,,,"Conexión A: conector hembra M12 de 5 polos, recto; Conexión B: cable; Cable: PVC, sin apantallar, 5 m","{""Grupo de accesorios"": ""Conectores y cables"", ""Cable"": ""PVC, sin apantallar, 5 m""}",
6010544,DOL-1205-G10M,miniTwin4,,accessory,Dispositivos de proteccion optoelectronicos (Optoelectronic protective devices),K,K-191,190,2,K-194,,,,,,,,,,,,,,,,"Conexión A: conector hembra M12 de 5 polos, recto; Conexión B: cable",,,,,,,,,,"Conexión A: conector hembra M12 de 5 polos, recto; Conexión B: cable; Cable: PVC, sin apantallar, 10 m","{""Grupo de accesorios"": ""Conectores y cables"", ""Cable"": ""PVC, sin apantallar, 10 m""}",
6025931,DSL-1205-G02MC,miniTwin4,,accessory,Dispositivos de proteccion optoelectronicos (Optoelectronic protective devices),K,K-191,190,2,K-194,,,,,,,,,,,,,,,,"Conexión A: conector macho M12 de 5 polos, recto; Conexión B: conector hembra M12 de 5 polos, recto",,,,,,,,,,"Conexión A: conector macho M12 de 5 polos, recto; Conexión B: conector hembra M12 de 5 polos, recto; Cable: apto para cadenas portacables, TPU, sin halógenos, no apantallado, 2 m","{""Grupo de accesorios"": ""Conectores y cables"", ""Cable"": ""apto para cadenas portacables, TPU, sin halógenos, no apantallado, 2 m""}",
6029280,DSL-1205-G01MC,miniTwin4,,accessory,Dispositivos de proteccion optoelectronicos (Optoelectronic protective devices),K,K-191,190,2,K-194,,,,,,,,,,,,,,,,"Conexión A: conector macho M12 de 5 polos, recto; Conexión B: conector hembra M12 de 5 polos, recto",,,,,,,,,,"Conexión A: conector macho M12 de 5 polos, recto; Conexión B: conector hembra M12 de 5 polos, recto; Cable: apto para cadenas portacables, TPU, sin halógenos, no apantallado, 1 m","{""Grupo de accesorios"": ""Conectores y cables"", ""Cable"": ""apto para cadenas portacables, TPU, sin halógenos, no apantallado, 1 m""}",
2046454,Conector de sistema cascada,miniTwin4,,accessory,Dispositivos de proteccion optoelectronicos (Optoelectronic protective devices),K,K-192,191,2,K-194,,,,,,,,,,,,,,,,"Conexión A: conector hembra M12 de 5 polos, recto; Conexión B: conector macho M12 de 5 polos, recto",,,,,,,,,,"Conector miniTwin para cascada, con 2 cables de conexión, 1 conector macho y 1 conector hembra M12 de 5 polos","{""Cable"": ""sin apantallar, 0,35 m""}",
2046456,Conector de sistema cascada,miniTwin4,,accessory,Dispositivos de proteccion optoelectronicos (Optoelectronic protective devices),K,K-192,191,2,K-194,,,,,,,,,,,,,,,,"Conexión A: conector hembra M12 de 5 polos, recto; Conexión B: conector macho M12 de 5 polos, recto",,,,,,,,,,"Conector miniTwin para cascada, con 2 cables de conexión, 1 conector macho y 1 conector hembra M12 de 5 polos","{""Cable"": ""sin apantallar, 0,7 m""}",
2051290,Conector de sistema autónomo,miniTwin4,,accessory,Dispositivos de proteccion optoelectronicos (Optoelectronic protective devices),K,K-192,191,2,K-194,,,,,,,,,,,,,,,,,,,,,,,,,,"Cable: sin apantallar, 10 m, para miniTwin autónomo","{""Cable"": ""sin apantallar, 10 m, para miniTwin autónomo""}",
1207793,C2MT-01214BBC03BE0,miniTwin2,,product,Dispositivos de proteccion optoelectronicos (Optoelectronic protective devices),K,K-193,192,1,,Cortinas fotoeléctricas de seguridad miniTwin2,www.mysick.com/es/miniTwin2,0,8000,,,,,,,,14,mm,,,M12 de 5 polos,,,,,,,,,,,"{""Altura del campo de protección"": ""120 mm""}",sensing_range_min_mm;sensing_range_max_mm;connection
1207794,C2MT-01814BBC03BE0,miniTwin2,,product,Dispositivos de proteccion optoelectronicos (Optoelectronic protective devices),K,K-193,192,1,,Cortinas fotoeléctricas de seguridad miniTwin2,www.mysick.com/es/miniTwin2,0,8000,,,,,,,,14,mm,,,M12 de 5 polos,,,,,,,,,,,"{""Altura del campo de protección"": ""180 mm""}",sensing_range_min_mm;sensing_range_max_mm;connection
1207795,C2MT-02414BBC03DE0,miniTwin2,,product,Dispositivos de proteccion optoelectronicos (Optoelectronic protective devices),K,K-193,192,1,,Cortinas fotoeléctricas de seguridad miniTwin2,www.mysick.com/es/miniTwin2,0,8000,,,,,,,,14,mm,,,M12 de 5 polos,,,,,,,,,,,"{""Altura del campo de protección"": ""240 mm""}",sensing_range_min_mm;sensing_range_max_mm;connection
1207796,C2MT-03014BBC03DE0,miniTwin2,,product,Dispositivos de proteccion optoelectronicos (Optoelectronic protective devices),K,K-193,192,1,,Cortinas fotoeléctricas de seguridad miniTwin2,www.mysick.com/es/miniTwin2,0,8000,,,,,,,,14,mm,,,M12 de 5 polos,,,,,,,,,,,"{""Altura del campo de protección"": ""300 mm""}",sensing_range_min_mm;sensing_range_max_mm;connection
1207797,C2MT-03614BBC03DE0,miniTwin2,,product,Dispositivos de proteccion optoelectronicos (Optoelectronic protective devices),K,K-193,192,1,,Cortinas fotoeléctricas de seguridad miniTwin2,www.mysick.com/es/miniTwin2,0,8000,,,,,,,,14,mm,,,M12 de 5 polos,,,,,,,,,,,"{""Altura del campo de protección"": ""360 mm""}",sensing_range_min_mm;sensing_range_max_mm;connection
1207798,C2MT-04214BBC03DE0,miniTwin2,,product,Dispositivos de proteccion optoelectronicos (Optoelectronic protective devices),K,K-193,192,1,,Cortinas fotoeléctricas de seguridad miniTwin2,www.mysick.com/es/miniTwin2,0,8000,,,,,,,,14,mm,,,M12 de 5 polos,,,,,,,,,,,"{""Altura del campo de protección"": ""420 mm""}",sensing_range_min_mm;sensing_range_max_mm;connection
1207799,C2MT-04814BBC03DE0,miniTwin2,,product,Dispositivos de proteccion optoelectronicos (Optoelectronic protective devices),K,K-193,192,1,,Cortinas fotoeléctricas de seguridad miniTwin2,www.mysick.com/es/miniTwin2,0,8000,,,,,,,,14,mm,,,M12 de 5 polos,,,,,,,,,,,"{""Altura del campo de protección"": ""480 mm""}",sensing_range_min_mm;sensing_range_max_mm;connection
1207800,C2MT-05414BBC03DE0,miniTwin2,,product,Dispositivos de proteccion optoelectronicos (Optoelectronic protective devices),K,K-193,192,1,,Cortinas fotoeléctricas de seguridad miniTwin2,www.mysick.com/es/miniTwin2,0,8000,,,,,,,,14,mm,,,M12 de 5 polos,,,,,,,,,,,"{""Altura del campo de protección"": ""540 mm""}",sensing_range_min_mm;sensing_range_max_mm;connection
1207801,C2MT-06014BBC03FE0,miniTwin2,,product,Dispositivos de proteccion optoelectronicos (Optoelectronic protective devices),K,K-193,192,1,,Cortinas fotoeléctricas de seguridad miniTwin2,www.mysick.com/es/miniTwin2,0,8000,,,,,,,,14,mm,,,M12 de 5 polos,,,,,,,,,,,"{""Altura del campo de protección"": ""600 mm""}",sensing_range_min_mm;sensing_range_max_mm;connection
1207824,C2MT-02424BBC03DE0,miniTwin2,,product,Dispositivos de proteccion optoelectronicos (Optoelectronic protective devices),K,K-193,192,1,,Cortinas fotoeléctricas de seguridad miniTwin2,www.mysick.com/es/miniTwin2,0,8000,,,,,,,,24,mm,,,M12 de 5 polos,,,,,,,,,,,"{""Altura del campo de protección"": ""240 mm""}",sensing_range_min_mm;sensing_range_max_mm;connection
1207825,C2MT-03024BBC03DE0,miniTwin2,,product,Dispositivos de proteccion optoelectronicos (Optoelectronic protective devices),K,K-193,192,1,,Cortinas fotoeléctricas de seguridad miniTwin2,www.mysick.com/es/miniTwin2,0,8000,,,,,,,,24,mm,,,M12 de 5 polos,,,,,,,,,,,"{""Altura del campo de protección"": ""300 mm""}",sensing_range_min_mm;sensing_range_max_mm;connection
1207832,C2MT-03624BBC03DE0,miniTwin2,,product,Dispositivos de proteccion optoelectronicos (Optoelectronic protective devices),K,K-193,192,1,,Cortinas fotoeléctricas de seguridad miniTwin2,www.mysick.com/es/miniTwin2,0,8000,,,,,,,,24,mm,,,M12 de 5 polos,,,,,,,,,,,"{""Altura del campo de protección"": ""360 mm""}",sensing_range_min_mm;sensing_range_max_mm;connection
1207834,C2MT-04824BBC03DE0,miniTwin2,,product,Dispositivos de proteccion optoelectronicos (Optoelectronic protective devices),K,K-193,192,1,,Cortinas fotoeléctricas de seguridad miniTwin2,www.mysick.com/es/miniTwin2,0,8000,,,,,,,,24,mm,,,M12 de 5 polos,,,,,,,,,,,"{""Altura del campo de protección"": ""480 mm""}",sensing_range_min_mm;sensing_range_max_mm;connection
1207836,C2MT-06024BBC03FE0,miniTwin2,,product,Dispositivos de proteccion optoelectronicos (Optoelectronic protective devices),K,K-194,193,1,,Cortinas fotoeléctricas de seguridad,,,,,,,,,,,,,,,,,,,,,,,,,,"{""Longitud del cable"": ""700 mm"", ""Altura del campo de protección"": ""600 mm""}",product_name;Longitud del cable
1207838,C2MT-07224BBC03FE0,miniTwin2,,product,Dispositivos de proteccion optoelectronicos (Optoelectronic protective devices),K,K-194,193,1,,Cortinas fotoeléctricas de seguridad,,,,,,,,,,,,,,,,,,,,,,,,,,"{""Longitud del cable"": ""700 mm"", ""Altura del campo de protección"": ""720 mm""}",product_name;Longitud del cable
1207841,C2MT-09024BBC03FE0,miniTwin2,,product,Dispositivos de proteccion optoelectronicos (Optoelectronic protective devices),K,K-194,193,1,,Cortinas fotoeléctricas de seguridad,,,,,,,,,,,,,,,,,,,,,,,,,,"{""Longitud del cable"": ""700 mm"", ""Altura del campo de protección"": ""900 mm""}",product_name;Longitud del cable
1207843,C2MT-10224BBC03FE0,miniTwin2,,product,Dispositivos de proteccion optoelectronicos (Optoelectronic protective devices),K,K-194,193,1,,Cortinas fotoeléctricas de seguridad,,,,,,,,,,,,,,,,,,,,,,,,,,"{""Longitud del cable"": ""700 mm"", ""Altura del campo de protección"": ""1.020 mm""}",product_name;Longitud del cable
1207846,C2MT-12024BBC03FE0,miniTwin2,,product,Dispositivos de proteccion optoelectronicos (Optoelectronic protective devices),K,K-194,193,1,,Cortinas fotoeléctricas de seguridad,,,,,,,,,,,,,,,,,,,,,,,,,,"{""Longitud del cable"": ""700 mm"", ""Altura del campo de protección"": ""1.200 mm""}",product_name;Longitud del cable
1207886,C2MT-01824BBC04BE0,miniTwin2,,product,Dispositivos de proteccion optoelectronicos (Optoelectronic protective devices),K,K-194,193,1,,Equipo en cascada,,,,,,,,,,,,,,,,,,,,,,,,,,"{""Resolución"": ""24 mm"", ""Longitud del cable"": ""160 mm"", ""Altura del campo de protección"": ""180 mm""}",product_name;Resolución;Longitud del cable
1207887,C2MT-02424BBC04DE0,miniTwin2,,product,Dispositivos de proteccion optoelectronicos (Optoelectronic protective devices),K,K-194,193,1,,Equipo en cascada,,,,,,,,,,,,,,,,,,,,,,,,,,"{""Resolución"": ""24 mm"", ""Longitud del cable"": ""350 mm"", ""Altura del campo de protección"": ""240 mm""}",product_name;Resolución;Longitud del cable
1207888,C2MT-03024BBC04DE0,miniTwin2,,product,Dispositivos de proteccion optoelectronicos (Optoelectronic protective devices),K,K-194,193,1,,Equipo en cascada,,,,,,,,,,,,,,,,,,,,,,,,,,"{""Resolución"": ""24 mm"", ""Longitud del cable"": ""350 mm"", ""Altura del campo de protección"": ""300 mm""}",product_name;Resolución;Longitud del cable
1207891,C2MT-04824BBC04DE0,miniTwin2,,product,Dispositivos de proteccion optoelectronicos (Optoelectronic protective devices),K,K-194,193,1,,Equipo en cascada,,,,,,,,,,,,,,,,,,,,,,,,,,"{""Resolución"": ""24 mm"", ""Longitud del cable"": ""350 mm"", ""Altura del campo de protección"": ""480 mm""}",product_name;Resolución;Longitud del cable
1207893,C2MT-06024BBC04FE0,miniTwin2,,product,Dispositivos de proteccion optoelectronicos (Optoelectronic protective devices),K,K-194,193,1,,Equipo en cascada,,,,,,,,,,,,,,,,,,,,,,,,,,"{""Resolución"": ""24 mm"", ""Longitud del cable"": ""350 mm"", ""Altura del campo de protección"": ""600 mm""}",product_name;Resolución;Longitud del cable
1207895,C2MT-07224BBC04FE0,miniTwin2,,product,Dispositivos de proteccion optoelectronicos (Optoelectronic protective devices),K,K-194,193,1,,Equipo en cascada,,,,,,,,,,,,,,,,,,,,,,,,,,"{""Resolución"": ""24 mm"", ""Longitud del cable"": ""700 mm"", ""Altura del campo de protección"": ""720 mm""}",product_name;Resolución;Longitud del cable
1207898,C2MT-09024BBC04FE0,miniTwin2,,product,Dispositivos de proteccion optoelectronicos (Optoelectronic protective devices),K,K-194,193,1,,Equipo en cascada,,,,,,,,,,,,,,,,,,,,,,,,,,"{""Resolución"": ""24 mm"", ""Longitud del cable"": ""700 mm"", ""Altura del campo de protección"": ""900 mm""}",product_name;Resolución;Longitud del cable
1213163,C2C-SA03010A10000,deTec2 Core,,product,Dispositivos de proteccion optoelectronicos (Optoelectronic protective devices),K,K-195,194,1,,Cortina fotoeléctrica de seguridad,www.mysick.com/es/deTec2_Core,0,7000,,,,,,-30,55,14,mm,,,,,,,,,,IP 65 e IP 67,,,,"{""Altura del campo de protección"": ""300 mm"", ""Componente"": ""Transmisor""}",operating_temp_min_c;operating_temp_max_c;enclosure_rating;product_name;Componente
1213183,C2C-SA12010A10000,deTec2 Core,,product,Dispositivos de proteccion optoelectronicos (Optoelectronic protective devices),K,K-195,194,1,,Cortina fotoeléctrica de seguridad,www.mysick.com/es/deTec2_Core,0,7000,,,,,,-30,55,14,mm,,,,,,,,,,IP 65 e IP 67,,,,"{""Altura del campo de protección"": ""1.200 mm"", ""Componente"": ""Transmisor""}",operating_temp_min_c;operating_temp_max_c;enclosure_rating;product_name;Componente
1213188,C2C-EA03010A10000,deTec2 Core,,product,Dispositivos de proteccion optoelectronicos (Optoelectronic protective devices),K,K-195,194,1,,Cortina fotoeléctrica de seguridad,www.mysick.com/es/deTec2_Core,0,7000,,,,,,-30,55,14,mm,,,,,,,,,,IP 65 e IP 67,,,,"{""Altura del campo de protección"": ""300 mm"", ""Componente"": ""Receptor""}",operating_temp_min_c;operating_temp_max_c;enclosure_rating;product_name;Componente
1213189,C2C-SA04510A10000,deTec2 Core,,product,Dispositivos de proteccion optoelectronicos (Optoelectronic protective devices),K,K-195,194,1,,Cortina fotoeléctrica de seguridad,www.mysick.com/es/deTec2_Core,0,7000,,,,,,-30,55,14,mm,,,,,,,,,,IP 65 e IP 67,,,,"{""Altura del campo de protección"": ""450 mm"", ""Componente"": ""Transmisor""}",operating_temp_min_c;operating_temp_max_c;enclosure_rating;product_name;Componente
1213190,C2C-EA04510A10000,deTec2 Core,,product,Dispositivos de proteccion optoelectronicos (Optoelectronic protective devices),K,K-195,194,1,,Cortina fotoeléctrica de seguridad,www.mysick.com/es/deTec2_Core,0,7000,,,,,,-30,55,14,mm,,,,,,,,,,IP 65 e IP 67,,,,"{""Altura del campo de protección"": ""450 mm"", ""Componente"": ""Receptor""}",operating_temp_min_c;operating_temp_max_c;enclosure_rating;product_name;Componente
1213191,C2C-SA06010A10000,deTec2 Core,,product,Dispositivos de proteccion optoelectronicos (Optoelectronic protective devices),K,K-195,194,1,,Cortina fotoeléctrica de seguridad,www.mysick.com/es/deTec2_Core,0,7000,,,,,,-30,55,14,mm,,,,,,,,,,IP 65 e IP 67,,,,"{""Altura del campo de protección"": ""600 mm"", ""Componente"": ""Transmisor""}",operating_temp_min_c;operating_temp_max_c;enclosure_rating;product_name;Componente
1213192,C2C-EA06010A10000,deTec2 Core,,product,Dispositivos de proteccion optoelectronicos (Optoelectronic protective devices),K,K-195,194,1,,Cortina fotoeléctrica de seguridad,www.mysick.com/es/deTec2_Core,0,7000,,,,,,-30,55,14,mm,,,,,,,,,,IP 65 e IP 67,,,,"{""Altura del campo de protección"": ""600 mm"", ""Componente"": ""Receptor""}",operating_temp_min_c;operating_temp_max_c;enclosure_rating;product_name;Componente
1213193,C2C-SA07510A10000,deTec2 Core,,product,Dispositivos de proteccion optoelectronicos (Optoelectronic protective devices),K,K-195,194,1,,Cortina fotoeléctrica de seguridad,www.mysick.com/es/deTec2_Core,0,7000,,,,,,-30,55,14,mm,,,,,,,,,,IP 65 e IP 67,,,,"{""Altura del campo de protección"": ""750 mm"", ""Componente"": ""Transmisor""}",operating_temp_min_c;operating_temp_max_c;enclosure_rating;product_name;Componente
1213194,C2C-EA07510A10000,deTec2 Core,,product,Dispositivos de proteccion optoelectronicos (Optoelectronic protective devices),K,K-195,194,1,,Cortina fotoeléctrica de seguridad,www.mysick.com/es/deTec2_Core,0,7000,,,,,,-30,55,14,mm,,,,,,,,,,IP 65 e IP 67,,,,"{""Altura del campo de protección"": ""750 mm"", ""Componente"": ""Receptor""}",operating_temp_min_c;operating_temp_max_c;enclosure_rating;product_name;Componente
1213195,C2C-SA09010A10000,deTec2 Core,,product,Dispositivos de proteccion optoelectronicos (Optoelectronic protective devices),K,K-195,194,1,,Cortina fotoeléctrica de seguridad,www.mysick.com/es/deTec2_Core,0,7000,,,,,,-30,55,14,mm,,,,,,,,,,IP 65 e IP 67,,,,"{""Altura del campo de protección"": ""900 mm"", ""Componente"": ""Transmisor""}",operating_temp_min_c;operating_temp_max_c;enclosure_rating;product_name;Componente
1213196,C2C-EA09010A10000,deTec2 Core,,product,Dispositivos de proteccion optoelectronicos (Optoelectronic protective devices),K,K-195,194,1,,Cortina fotoeléctrica de seguridad,www.mysick.com/es/deTec2_Core,0,7000,,,,,,-30,55,14,mm,,,,,,,,,,IP 65 e IP 67,,,,"{""Altura del campo de protección"": ""900 mm"", ""Componente"": ""Receptor""}",operating_temp_min_c;operating_temp_max_c;enclosure_rating;product_name;Componente
1213197,C2C-SA10510A10000,deTec2 Core,,product,Dispositivos de proteccion optoelectronicos (Optoelectronic protective devices),K,K-195,194,1,,Cortina fotoeléctrica de seguridad,www.mysick.com/es/deTec2_Core,0,7000,,,,,,-30,55,14,mm,,,,,,,,,,IP 65 e IP 67,,,,"{""Altura del campo de protección"": ""1.050 mm"", ""Componente"": ""Transmisor""}",operating_temp_min_c;operating_temp_max_c;enclosure_rating;product_name;Componente
1213198,C2C-EA10510A10000,deTec2 Core,,product,Dispositivos de proteccion optoelectronicos (Optoelectronic protective devices),K,K-195,194,1,,Cortina fotoeléctrica de seguridad,www.mysick.com/es/deTec2_Core,0,7000,,,,,,-30,55,14,mm,,,,,,,,,,IP 65 e IP 67,,,,"{""Altura del campo de protección"": ""1.050 mm"", ""Componente"": ""Receptor""}",operating_temp_min_c;operating_temp_max_c;enclosure_rating;product_name;Componente
1213199,C2C-EA12010A10000,deTec2 Core,,product,Dispositivos de proteccion optoelectronicos (Optoelectronic protective devices),K,K-195,194,1,,Cortina fotoeléctrica de seguridad,www.mysick.com/es/deTec2_Core,0,7000,,,,,,-30,55,14,mm,,,,,,,,,,IP 65 e IP 67,,,,"{""Altura del campo de protección"": ""1.200 mm"", ""Componente"": ""Receptor""}",operating_temp_min_c;operating_temp_max_c;enclosure_rating;product_name;Componente
1213164,C2C-EA21030A10000,deTec2 Core,,product,Dispositivos de proteccion optoelectronicos (Optoelectronic protective devices),K,K-196,195,1,,Cortinas fotoeléctricas de seguridad,,0,10000,,,,,,,,30,mm,,,,,,,,,,,,,,"{""Altura del campo de protección"": ""2.100 mm"", ""Componente"": ""Receptor""}",product_name;sensing_range_min_mm;sensing_range_max_mm;resolution_value;resolution_unit
1213184,C2C-EA03030A10000,deTec2 Core,,product,Dispositivos de proteccion optoelectronicos (Optoelectronic protective devices),K,K-196,195,1,,Cortinas fotoeléctricas de seguridad,,0,10000,,,,,,,,30,mm,,,,,,,,,,,,,,"{""Altura del campo de protección"": ""300 mm"", ""Componente"": ""Receptor""}",product_name;sensing_range_min_mm;sensing_range_max_mm;resolution_value;resolution_unit
1213200,C2C-SA03030A10000,deTec2 Core,,product,Dispositivos de proteccion optoelectronicos (Optoelectronic protective devices),K,K-196,195,1,,Cortinas fotoeléctricas de seguridad,,0,10000,,,,,,,,30,mm,,,,,,,,,,,,,,"{""Altura del campo de protección"": ""300 mm"", ""Componente"": ""Transmisor""}",product_name;sensing_range_min_mm;sensing_range_max_mm;resolution_value;resolution_unit
1213201,C2C-SA21030A10000,deTec2 Core,,product,Dispositivos de proteccion optoelectronicos (Optoelectronic protective devices),K,K-196,195,1,,Cortinas fotoeléctricas de seguridad,,0,10000,,,,,,,,30,mm,,,,,,,,,,,,,,"{""Altura del campo de protección"": ""2.100 mm"", ""Componente"": ""Transmisor""}",product_name;sensing_range_min_mm;sensing_range_max_mm;resolution_value;resolution_unit
1213202,C2C-SA04530A10000,deTec2 Core,,product,Dispositivos de proteccion optoelectronicos (Optoelectronic protective devices),K,K-196,195,1,,Cortinas fotoeléctricas de seguridad,,0,10000,,,,,,,,30,mm,,,,,,,,,,,,,,"{""Altura del campo de protección"": ""450 mm"", ""Componente"": ""Transmisor""}",product_name;sensing_range_min_mm;sensing_range_max_mm;resolution_value;resolution_unit
1213203,C2C-EA04530A10000,deTec2 Core,,product,Dispositivos de proteccion optoelectronicos (Optoelectronic protective devices),K,K-196,195,1,,Cortinas fotoeléctricas de seguridad,,0,10000,,,,,,,,30,mm,,,,,,,,,,,,,,"{""Altura del campo de protección"": ""450 mm"", ""Componente"": ""Receptor""}",product_name;sensing_range_min_mm;sensing_range_max_mm;resolution_value;resolution_unit
1213204,C2C-SA06030A10000,deTec2 Core,,product,Dispositivos de proteccion optoelectronicos (Optoelectronic protective devices),K,K-196,195,1,,Cortinas fotoeléctricas de seguridad,,0,10000,,,,,,,,30,mm,,,,,,,,,,,,,,"{""Altura del campo de protección"": ""600 mm"", ""Componente"": ""Transmisor""}",product_name;sensing_range_min_mm;sensing_range_max_mm;resolution_value;resolution_unit
1213205,C2C-EA06030A10000,deTec2 Core,,product,Dispositivos de proteccion optoelectronicos (Optoelectronic protective devices),K,K-196,195,1,,Cortinas fotoeléctricas de seguridad,,0,10000,,,,,,,,30,mm,,,,,,,,,,,,,,"{""Altura del campo de protección"": ""600 mm"", ""Componente"": ""Receptor""}",product_name;sensing_range_min_mm;sensing_range_max_mm;resolution_value;resolution_unit
1213206,C2C-SA07530A10000,deTec2 Core,,product,Dispositivos de proteccion optoelectronicos (Optoelectronic protective devices),K,K-196,195,1,,Cortinas fotoeléctricas de seguridad,,0,10000,,,,,,,,30,mm,,,,,,,,,,,,,,"{""Altura del campo de protección"": ""750 mm"", ""Componente"": ""Transmisor""}",product_name;sensing_range_min_mm;sensing_range_max_mm;resolution_value;resolution_unit
1213207,C2C-EA07530A10000,deTec2 Core,,product,Dispositivos de proteccion optoelectronicos (Optoelectronic protective devices),K,K-196,195,1,,Cortinas fotoeléctricas de seguridad,,0,10000,,,,,,,,30,mm,,,,,,,,,,,,,,"{""Altura del campo de protección"": ""750 mm"", ""Componente"": ""Receptor""}",product_name;sensing_range_min_mm;sensing_range_max_mm;resolution_value;resolution_unit
1213208,C2C-SA09030A10000,deTec2 Core,,product,Dispositivos de proteccion optoelectronicos (Optoelectronic protective devices),K,K-196,195,1,,Cortinas fotoeléctricas de seguridad,,0,10000,,,,,,,,30,mm,,,,,,,,,,,,,,"{""Altura del campo de protección"": ""900 mm"", ""Componente"": ""Transmisor""}",product_name;sensing_range_min_mm;sensing_range_max_mm;resolution_value;resolution_unit
1213209,C2C-EA09030A10000,deTec2 Core,,product,Dispositivos de proteccion optoelectronicos (Optoelectronic protective devices),K,K-196,195,1,,Cortinas fotoeléctricas de seguridad,,0,10000,,,,,,,,30,mm,,,,,,,,,,,,,,"{""Altura del campo de protección"": ""900 mm"", ""Componente"": ""Receptor""}",product_name;sensing_range_min_mm;sensing_range_max_mm;resolution_value;resolution_unit
1213210,C2C-SA10530A10000,deTec2 Core,,product,Dispositivos de proteccion optoelectronicos (Optoelectronic protective devices),K,K-196,195,1,,Cortinas fotoeléctricas de seguridad,,0,10000,,,,,,,,30,mm,,,,,,,,,,,,,,"{""Altura del campo de protección"": ""1.050 mm"", ""Componente"": ""Transmisor""}",product_name;sensing_range_min_mm;sensing_range_max_mm;resolution_value;resolution_unit
1213211,C2C-EA10530A10000,deTec2 Core,,product,Dispositivos de proteccion optoelectronicos (Optoelectronic protective devices),K,K-196,195,1,,Cortinas fotoeléctricas de seguridad,,0,10000,,,,,,,,30,mm,,,,,,,,,,,,,,"{""Altura del campo de protección"": ""1.050 mm"", ""Componente"": ""Receptor""}",product_name;sensing_range_min_mm;sensing_range_max_mm;resolution_value;resolution_unit
1213212,C2C-SA12030A10000,deTec2 Core,,product,Dispositivos de proteccion optoelectronicos (Optoelectronic protective devices),K,K-196,195,1,,Cortinas fotoeléctricas de seguridad,,0,10000,,,,,,,,30,mm,,,,,,,,,,,,,,"{""Altura del campo de protección"": ""1.200 mm"", ""Componente"": ""Transmisor""}",product_name;sensing_range_min_mm;sensing_range_max_mm;resolution_value;resolution_unit
1213213,C2C-EA12030A10000,deTec2 Core,,product,Dispositivos de proteccion optoelectronicos (Optoelectronic protective devices),K,K-196,195,1,,Cortinas fotoeléctricas de seguridad,,0,10000,,,,,,,,30,mm,,,,,,,,,,,,,,"{""Altura del campo de protección"": ""1.200 mm"", ""Componente"": ""Receptor""}",product_name;sensing_range_min_mm;sensing_range_max_mm;resolution_value;resolution_unit
1213214,C2C-SA13530A10000,deTec2 Core,,product,Dispositivos de proteccion optoelectronicos (Optoelectronic protective devices),K,K-196,195,1,,Cortinas fotoeléctricas de seguridad,,0,10000,,,,,,,,30,mm,,,,,,,,,,,,,,"{""Altura del campo de protección"": ""1.350 mm"", ""Componente"": ""Transmisor""}",product_name;sensing_range_min_mm;sensing_range_max_mm;resolution_value;resolution_unit
1213215,C2C-EA13530A10000,deTec2 Core,,product,Dispositivos de proteccion optoelectronicos (Optoelectronic protective devices),K,K-196,195,1,,Cortinas fotoeléctricas de seguridad,,0,10000,,,,,,,,30,mm,,,,,,,,,,,,,,"{""Altura del campo de protección"": ""1.350 mm"", ""Componente"": ""Receptor""}",product_name;sensing_range_min_mm;sensing_range_max_mm;resolution_value;resolution_unit
1213216,C2C-SA15030A10000,deTec2 Core,,product,Dispositivos de proteccion optoelectronicos (Optoelectronic protective devices),K,K-196,195,1,,Cortinas fotoeléctricas de seguridad,,0,10000,,,,,,,,30,mm,,,,,,,,,,,,,,"{""Altura del campo de protección"": ""1.500 mm"", ""Componente"": ""Transmisor""}",product_name;sensing_range_min_mm;sensing_range_max_mm;resolution_value;resolution_unit
1213217,C2C-EA15030A10000,deTec2 Core,,product,Dispositivos de proteccion optoelectronicos (Optoelectronic protective devices),K,K-196,195,1,,Cortinas fotoeléctricas de seguridad,,0,10000,,,,,,,,30,mm,,,,,,,,,,,,,,"{""Altura del campo de protección"": ""1.500 mm"", ""Componente"": ""Receptor""}",product_name;sensing_range_min_mm;sensing_range_max_mm;resolution_value;resolution_unit
1213218,C2C-SA16530A10000,deTec2 Core,,product,Dispositivos de proteccion optoelectronicos (Optoelectronic protective devices),K,K-196,195,1,,Cortinas fotoeléctricas de seguridad,,0,10000,,,,,,,,30,mm,,,,,,,,,,,,,,"{""Altura del campo de protección"": ""1.650 mm"", ""Componente"": ""Transmisor""}",product_name;sensing_range_min_mm;sensing_range_max_mm;resolution_value;resolution_unit
1213219,C2C-EA16530A10000,deTec2 Core,,product,Dispositivos de proteccion optoelectronicos (Optoelectronic protective devices),K,K-196,195,1,,Cortinas fotoeléctricas de seguridad,,0,10000,,,,,,,,30,mm,,,,,,,,,,,,,,"{""Altura del campo de protección"": ""1.650 mm"", ""Componente"": ""Receptor""}",product_name;sensing_range_min_mm;sensing_range_max_mm;resolution_value;resolution_unit
1213220,C2C-SA18030A10000,deTec2 Core,,product,Dispositivos de proteccion optoelectronicos (Optoelectronic protective devices),K,K-196,195,1,,Cortinas fotoeléctricas de seguridad,,0,10000,,,,,,,,30,mm,,,,,,,,,,,,,,"{""Altura del campo de protección"": ""1.800 mm"", ""Componente"": ""Transmisor""}",product_name;sensing_range_min_mm;sensing_range_max_mm;resolution_value;resolution_unit
1213221,C2C-EA18030A10000,deTec2 Core,,product,Dispositivos de proteccion optoelectronicos (Optoelectronic protective devices),K,K-196,195,1,,Cortinas fotoeléctricas de seguridad,,0,10000,,,,,,,,30,mm,,,,,,,,,,,,,,"{""Altura del campo de protección"": ""1.800 mm"", ""Componente"": ""Receptor""}",product_name;sensing_range_min_mm;sensing_range_max_mm;resolution_value;resolution_unit
1213222,C2C-SA19530A10000,deTec2 Core,,product,Dispositivos de proteccion optoelectronicos (Optoelectronic protective devices),K,K-196,195,1,,Cortinas fotoeléctricas de seguridad,,0,10000,,,,,,,,30,mm,,,,,,,,,,,,,,"{""Altura del campo de protección"": ""1.950 mm"", ""Componente"": ""Transmisor""}",product_name;sensing_range_min_mm;sensing_range_max_mm;resolution_value;resolution_unit
1213223,C2C-EA19530A10000,deTec2 Core,,product,Dispositivos de proteccion optoelectronicos (Optoelectronic protective devices),K,K-196,195,1,,Cortinas fotoeléctricas de seguridad,,0,10000,,,,,,,,30,mm,,,,,,,,,,,,,,"{""Altura del campo de protección"": ""1.950 mm"", ""Componente"": ""Receptor""}",product_name;sensing_range_min_mm;sensing_range_max_mm;resolution_value;resolution_unit
2066048,BEF-3SHABPKU2,deTec2 Core,,accessory,Dispositivos de proteccion optoelectronicos (Optoelectronic protective devices),K,K-196,195,1,,,,,,,,,,,,,,,,,,,,,,,,,,,"2 soportes QuickFix, plástico","{""Grupo"": ""Soportes de fijación y alineación""}",
6025907,DOL-1205-G05MC,deTec2 Core,,accessory,Dispositivos de proteccion optoelectronicos (Optoelectronic protective devices),K,K-196,195,2,K-189,,,,,,,,,,,,,,,,"Conexión A: conector hembra M12 de 5 polos, recto Conexión B: cable",,,,,,,,,,"Cable: TPU, sin halógenos, sin apantallar, 5 m","{""Grupo"": ""Conectores y cables""}",
6025908,DOL-1205-G10MC,deTec2 Core,,accessory,Dispositivos de proteccion optoelectronicos (Optoelectronic protective devices),K,K-196,195,1,,,,,,,,,,,,,,,,,"Conexión A: conector hembra M12 de 5 polos, recto Conexión B: cable",,,,,,,,,,"Cable: TPU, sin halógenos, no apantallado, 10 m","{""Grupo"": ""Conectores y cables""}",
6030664,DSC-1205T000025KM0,deTec2 Core,,accessory,Dispositivos de proteccion optoelectronicos (Optoelectronic protective devices),K,K-196,195,1,,,,,,,,,,,,,,,,,,,,,,,,,,,"Conector en T para conectar al mismo tiempo al emisor y al receptor, distribuye el cable que viene del armario de distribución entre el emisor y el receptor","{""Grupo"": ""Adaptadores y distribuidores""}",
6050247,DOL-1205-G20MC,deTec2 Core,,accessory,Dispositivos de proteccion optoelectronicos (Optoelectronic protective devices),K,K-196,195,1,,,,,,,,,,,,,,,,,"Conexión A: conector hembra M12 de 5 polos, recto Conexión B: cable",,,,,,,,,,"Cable: TPU, sin halógenos, sin apantallar, 20 m","{""Grupo"": ""Conectores y cables""}",
1041542,V30W-0101000,V300,,product,Dispositivos de proteccion optoelectronicos (Optoelectronic protective devices),K,K-197,196,1,,"Sistema de cámaras de seguridad, emisor y receptor integrados",www.mysick.com/es/V300_Work_Station_Extended,,,,,,,,,,,,,,,,,,,,,,,,,"{""Tipo"": ""Tipo 3 (IEC 61496), SIL2 (IEC 61508), PL d (EN ISO 13849)"", ""Magnitud del campo de protección"": ""0,4 m x 0,4 m a 1,5x 1,5 m"", ""Resolución"": ""20 mm, 24 mm y 30 mm"", ""Funciones"": ""Rearme y control de contactor (EDM)""}",product_name;other_specs
2045375,Kit de fijación,V300,,accessory,Dispositivos de proteccion optoelectronicos (Optoelectronic protective devices),K,K-197,196,1,,,,,,,,,,,,,,,,,,,,,,,,,,,Kit de fijación para el montaje del sensor sobre un bastidor de perfiles,,
2051336,Kit lámina resolución 20 mm,V300,,accessory,Dispositivos de proteccion optoelectronicos (Optoelectronic protective devices),K,K-197,196,1,,,,,,,,,,,,,,,,,,,,,,,,,,,"Kit de lámina reflectante para resolución de 20 mm y magnitud del campo de protección de 0,4 x 0,4 m a 1,0 m x 1,0 m",,
2051338,Kit lámina resolución 24 mm,V300,,accessory,Dispositivos de proteccion optoelectronicos (Optoelectronic protective devices),K,K-197,196,1,,,,,,,,,,,,,,,,,,,,,,,,,,,"Kit lámina resolución para resolución de 24 mm y magnitud del campo de protección de 0,4 x 0,4 m a 1,2 m x 1,2 m",,
2051339,Kit lámina resolución 30 mm,V300,,accessory,Dispositivos de proteccion optoelectronicos (Optoelectronic protective devices),K,K-197,196,1,,,,,,,,,,,,,,,,,,,,,,,,,,,"Kit lámina resolución para resolución de 30 mm y magnitud del campo de protección de 0,6 x 0,6 m a 1,5 m x 1,5 m",,
6020353,DOL-127SG7M5E25KM0,V300,,accessory,Dispositivos de proteccion optoelectronicos (Optoelectronic protective devices),K,K-197,196,1,,,,,,,,,,,,,,,,,"Conexión A: conector hembra M12 de 8 polos, recto; Conexión B: cable",,,,,,,,,,"Cable: TPU, sin halógenos, apantallado, 7,5 m",,
1200000,M40S-025000AR0,M4000 Standard,,product,Dispositivos de proteccion optoelectronicos (Optoelectronic protective devices),K,K-198,197,1,,Barreras fotoeléctricas de seguridad multihaz,www.mysick.com/es/M4000_Standard,500,70000,,,,,,,,,,,,,,,,,,,,,,,"{""Número de haces"": ""2"", ""Distancia de haces"": ""500 mm"", ""Componente"": ""Transmisor""}",product_name
1200006,M40S-043000AR0,M4000 Standard,,product,Dispositivos de proteccion optoelectronicos (Optoelectronic protective devices),K,K-198,197,1,,Barreras fotoeléctricas de seguridad multihaz,www.mysick.com/es/M4000_Standard,500,70000,,,,,,,,,,,,,,,,,,,,,,,"{""Número de haces"": ""4"", ""Distancia de haces"": ""300 mm"", ""Componente"": ""Transmisor""}",product_name
1200011,M40S-025010AR0,M4000 Standard,,product,Dispositivos de proteccion optoelectronicos (Optoelectronic protective devices),K,K-198,197,1,,Barreras fotoeléctricas de seguridad multihaz,www.mysick.com/es/M4000_Standard,500,70000,,,,,,,,,,,,,,,,,,,,,,,"{""Número de haces"": ""2"", ""Distancia de haces"": ""500 mm"", ""Componente"": ""Transmisor"", ""Configuración"": ""con ayuda de alineación integrada y caperuza con indicador luminoso integrado""}",product_name
1200013,M40S-034010AR0,M4000 Standard,,product,Dispositivos de proteccion optoelectronicos (Optoelectronic protective devices),K,K-198,197,1,,Barreras fotoeléctricas de seguridad multihaz,www.mysick.com/es/M4000_Standard,500,70000,,,,,,,,,,,,,,,,,,,,,,,"{""Número de haces"": ""3"", ""Distancia de haces"": ""400 mm"", ""Componente"": ""Transmisor"", ""Configuración"": ""con ayuda de alineación integrada y caperuza con indicador luminoso integrado""}",product_name;Número de haces
1200014,M40S-034510AR0,M4000 Standard,,product,Dispositivos de proteccion optoelectronicos (Optoelectronic protective devices),K,K-198,197,1,,Barreras fotoeléctricas de seguridad multihaz,www.mysick.com/es/M4000_Standard,500,70000,,,,,,,,,,,,,,,,,,,,,,,"{""Número de haces"": ""3"", ""Distancia de haces"": ""450 mm"", ""Componente"": ""Transmisor"", ""Configuración"": ""con ayuda de alineación integrada y caperuza con indicador luminoso integrado""}",product_name
1200015,M40S-043010AR0,M4000 Standard,,product,Dispositivos de proteccion optoelectronicos (Optoelectronic protective devices),K,K-198,197,1,,Barreras fotoeléctricas de seguridad multihaz,www.mysick.com/es/M4000_Standard,500,70000,,,,,,,,,,,,,,,,,,,,,,,"{""Número de haces"": ""4"", ""Distancia de haces"": ""300 mm"", ""Componente"": ""Transmisor"", ""Configuración"": ""con ayuda de alineación integrada y caperuza con indicador luminoso integrado""}",product_name
1200017,M40E-025000RR0,M4000 Standard,,product,Dispositivos de proteccion optoelectronicos (Optoelectronic protective devices),K,K-198,197,1,,Barreras fotoeléctricas de seguridad multihaz,www.mysick.com/es/M4000_Standard,500,70000,,,,,,,,,,,,,,,,,,,,,,,"{""Número de haces"": ""2"", ""Distancia de haces"": ""500 mm"", ""Componente"": ""Receptor""}",product_name
1200023,M40E-043000RR0,M4000 Standard,,product,Dispositivos de proteccion optoelectronicos (Optoelectronic protective devices),K,K-198,197,1,,Barreras fotoeléctricas de seguridad multihaz,www.mysick.com/es/M4000_Standard,500,70000,,,,,,,,,,,,,,,,,,,,,,,"{""Número de haces"": ""4"", ""Distancia de haces"": ""300 mm"", ""Componente"": ""Receptor""}",product_name
1200038,M40E-025030RR0,M4000 Standard,,product,Dispositivos de proteccion optoelectronicos (Optoelectronic protective devices),K,K-198,197,1,,Barreras fotoeléctricas de seguridad multihaz,www.mysick.com/es/M4000_Standard,500,70000,,,,,,,,,,,,,,,,,,,,,,,"{""Número de haces"": ""2"", ""Distancia de haces"": ""500 mm"", ""Componente"": ""Receptor"", ""Configuración"": ""con ayuda de alineación integrada y caperuza con indicador luminoso integrado""}",product_name
1200040,M40E-034030RR0,M4000 Standard,,product,Dispositivos de proteccion optoelectronicos (Optoelectronic protective devices),K,K-198,197,1,,Barreras fotoeléctricas de seguridad multihaz,www.mysick.com/es/M4000_Standard,500,70000,,,,,,,,,,,,,,,,,,,,,,,"{""Número de haces"": ""3"", ""Distancia de haces"": ""400 mm"", ""Componente"": ""Receptor"", ""Configuración"": ""con ayuda de alineación integrada y caperuza con indicador luminoso integrado""}",product_name;Número de haces
1200041,M40E-034530RR0,M4000 Standard,,product,Dispositivos de proteccion optoelectronicos (Optoelectronic protective devices),K,K-198,197,1,,Barreras fotoeléctricas de seguridad multihaz,www.mysick.com/es/M4000_Standard,500,70000,,,,,,,,,,,,,,,,,,,,,,,"{""Número de haces"": ""3"", ""Distancia de haces"": ""450 mm"", ""Componente"": ""Receptor"", ""Configuración"": ""con ayuda de alineación integrada y caperuza con indicador luminoso integrado""}",product_name
1200042,M40E-043030RR0,M4000 Standard,,product,Dispositivos de proteccion optoelectronicos (Optoelectronic protective devices),K,K-198,197,1,,Barreras fotoeléctricas de seguridad multihaz,www.mysick.com/es/M4000_Standard,500,70000,,,,,,,,,,,,,,,,,,,,,,,"{""Número de haces"": ""4"", ""Distancia de haces"": ""300 mm"", ""Componente"": ""Receptor"", ""Configuración"": ""con ayuda de alineación integrada y caperuza con indicador luminoso integrado""}",product_name
1027906,PSD01-1501,M4000,M4000 Standard A/P,product,Dispositivos de proteccion optoelectronicos (Optoelectronic protective devices),K,K-199,198,1,,Espejo de desviación para barrera fotoeléctrica de seguridad multihaz,,,7500,,,,,,,,,,,,,,,,,,,,,,,"{""Número de haces"": ""2"", ""Distancia de haces"": ""500 mm""}",product_name
1027907,PSD01-2501,M4000,M4000 Standard A/P,product,Dispositivos de proteccion optoelectronicos (Optoelectronic protective devices),K,K-199,198,1,,Espejo de desviación para barrera fotoeléctrica de seguridad multihaz,,,4500,,,,,,,,,,,,,,,,,,,,,,,"{""Número de haces"": ""2"", ""Distancia de haces"": ""500 mm""}",product_name
1027908,PSD02-2301,M4000,M4000 Standard A/P,product,Dispositivos de proteccion optoelectronicos (Optoelectronic protective devices),K,K-199,198,1,,Espejo de desviación para barrera fotoeléctrica de seguridad multihaz,,,4500,,,,,,,,,,,,,,,,,,,,,,,"{""Número de haces"": ""4"", ""Distancia de haces"": ""300 mm""}",product_name
1200120,M40Z-025000RR0,M4000,M4000 Standard A/P,product,Dispositivos de proteccion optoelectronicos (Optoelectronic protective devices),K,K-199,198,1,,Barreras fotoeléctricas de seguridad multihaz,,,7500,,,,,,,,,,,,,,,,,,,,,,,"{""Número de haces"": ""2"", ""Distancia de haces"": ""500 mm""}",product_name
1200122,M40Z-025000TR0,M4000,M4000 Standard A/P,product,Dispositivos de proteccion optoelectronicos (Optoelectronic protective devices),K,K-199,198,1,,Barreras fotoeléctricas de seguridad multihaz,,,4500,,,,,,,,,,,,,,,,,,,,,,,"{""Número de haces"": ""2"", ""Distancia de haces"": ""500 mm""}",product_name
1200123,M40Z-043000TR0,M4000,M4000 Standard A/P,product,Dispositivos de proteccion optoelectronicos (Optoelectronic protective devices),K,K-199,198,1,,Barreras fotoeléctricas de seguridad multihaz,,,4500,,,,,,,,,,,,,,,,,,,,,,,"{""Número de haces"": ""4"", ""Distancia de haces"": ""300 mm""}",product_name
2019506,BEF-1SHABAZN4,M4000,,accessory,Dispositivos de proteccion optoelectronicos (Optoelectronic protective devices),K,K-199,198,1,,,,,,,,,,,,,,,,,,,,,,,,,,,"4 ud., kit de fijación 6, soporte lateral, orientable, fundición de cinc",,
2030510,BEF-2SMGEAKU4,M4000,,accessory,Dispositivos de proteccion optoelectronicos (Optoelectronic protective devices),K,K-199,198,1,,,,,,,,,,,,,,,,,,,,,,,,,,,"4 ud., kit de fijación 12, orientable, montura giratoria (Swivel Mount)",,
2045490,PU3H96-00000000,M4000,,accessory,Dispositivos de proteccion optoelectronicos (Optoelectronic protective devices),K,K-199,198,1,,,,,,,,,,,,,,,,,,,,,,,,,,,"Columna robusta, con dos ranuras de montaje situadas en el exterior, con una longitud máxima de montaje de 965 mm, altura de la columna 985 mm",,
2045641,PU3H11-00000000,M4000,,accessory,Dispositivos de proteccion optoelectronicos (Optoelectronic protective devices),K,K-199,198,1,,,,,,,,,,,,,,,,,,,,,,,,,,,"Columna robusta, con dos ranuras de montaje situadas en el exterior, con una longitud máxima de montaje de 1.165 mm, altura de la columna 1.185 mm",,
2045642,PU3H13-00000000,M4000,,accessory,Dispositivos de proteccion optoelectronicos (Optoelectronic protective devices),K,K-199,198,1,,,,,,,,,,,,,,,,,,,,,,,,,,,"Columna robusta, con dos ranuras de montaje situadas en el exterior, con una longitud máxima de montaje de 1.265 mm, altura de la columna 1.285 mm",,
6020872,DOL-127SG15ME25KM0,M4000,,accessory,Dispositivos de proteccion optoelectronicos (Optoelectronic protective devices),K,K-199,198,1,,,,,,,,,,,,,,,,,"conector hembra M12 de 8 polos, recto",,,,,,,,,,"Cabezal A: conector hembra M12 de 8 polos, recto; Cabezal B: cable; Cable: TPU, sin halógenos, apantallado, 15 m",,
7021352,BEF-3WNGBAST4,M4000,,accessory,Dispositivos de proteccion optoelectronicos (Optoelectronic protective devices),K,K-199,198,1,,,,,,,,,,,,,,,,,,,,,,,,,,,"4 ud. kit de fijación 1, escuadra de soporte, rígido, en forma de L, con tornillos de fijación y arandelas incluidos",,
6034862,L41E-33MA2A,L41,,product,Dispositivos de proteccion optoelectronicos (Optoelectronic protective devices),K,K-200,199,1,,Barreras fotoeléctricas de seguridad monohaz,www.mysick.com/es/L41,0,60000,,,,,,-40,55,,,,,,,,,,,,IP 67,Latón niquelado,,,"{""Versión"": ""M30 axial"", ""Función"": ""Receptor"", ""Clasificación de seguridad"": ""Tipo 4 (IEC 61496), SIL3 (IEC 61508), PL e (EN ISO 13849)""}",product_name;operating_temp_min_c;operating_temp_max_c;enclosure_rating;Clasificación de seguridad
6034863,L41S-33MA2A,L41,,product,Dispositivos de proteccion optoelectronicos (Optoelectronic protective devices),K,K-200,199,1,,Barreras fotoeléctricas de seguridad monohaz,www.mysick.com/es/L41,0,60000,,,,,,-40,55,,,,,,,,,,,,IP 67,Latón niquelado,,,"{""Versión"": ""M30 axial"", ""Función"": ""Transmisor"", ""Clasificación de seguridad"": ""Tipo 4 (IEC 61496), SIL3 (IEC 61508), PL e (EN ISO 13849)""}",product_name;operating_temp_min_c;operating_temp_max_c;enclosure_rating;Clasificación de seguridad
6034864,L41S-21KA1A,L41,,product,Dispositivos de proteccion optoelectronicos (Optoelectronic protective devices),K,K-200,199,1,,Barreras fotoeléctricas de seguridad monohaz,www.mysick.com/es/L41,0,10000,,,,,,-40,55,,,,,,,,,,,,IP 67,Plástico,,,"{""Versión"": ""M18 axial"", ""Función"": ""Transmisor"", ""Clasificación de seguridad"": ""Tipo 4 (IEC 61496), SIL3 (IEC 61508), PL e (EN ISO 13849)""}",product_name;operating_temp_min_c;operating_temp_max_c;enclosure_rating;Clasificación de seguridad
6034865,L41E-21KA1A,L41,,product,Dispositivos de proteccion optoelectronicos (Optoelectronic protective devices),K,K-200,199,1,,Barreras fotoeléctricas de seguridad monohaz,www.mysick.com/es/L41,0,10000,,,,,,-40,55,,,,,,,,,,,,IP 67,Plástico,,,"{""Versión"": ""M18 axial"", ""Función"": ""Receptor"", ""Clasificación de seguridad"": ""Tipo 4 (IEC 61496), SIL3 (IEC 61508), PL e (EN ISO 13849)""}",product_name;operating_temp_min_c;operating_temp_max_c;enclosure_rating;Clasificación de seguridad
6034866,L41S-21MA1A,L41,,product,Dispositivos de proteccion optoelectronicos (Optoelectronic protective devices),K,K-200,199,1,,Barreras fotoeléctricas de seguridad monohaz,www.mysick.com/es/L41,0,10000,,,,,,-40,55,,,,,,,,,,,,IP 67,Latón niquelado,,,"{""Versión"": ""M18 axial"", ""Función"": ""Transmisor"", ""Clasificación de seguridad"": ""Tipo 4 (IEC 61496), SIL3 (IEC 61508), PL e (EN ISO 13849)""}",product_name;operating_temp_min_c;operating_temp_max_c;enclosure_rating;Clasificación de seguridad
6034867,L41E-21MA1A,L41,,product,Dispositivos de proteccion optoelectronicos (Optoelectronic protective devices),K,K-200,199,1,,Barreras fotoeléctricas de seguridad monohaz,www.mysick.com/es/L41,0,10000,,,,,,-40,55,,,,,,,,,,,,IP 67,Latón niquelado,,,"{""Versión"": ""M18 axial"", ""Función"": ""Receptor"", ""Clasificación de seguridad"": ""Tipo 4 (IEC 61496), SIL3 (IEC 61508), PL e (EN ISO 13849)""}",product_name;operating_temp_min_c;operating_temp_max_c;enclosure_rating;Clasificación de seguridad
6034868,L41S-11MA1A,L41,,product,Dispositivos de proteccion optoelectronicos (Optoelectronic protective devices),K,K-200,199,1,,Barreras fotoeléctricas de seguridad monohaz,www.mysick.com/es/L41,0,5000,,,,,,-40,55,,,,,,,,,,,,IP 67,Latón niquelado,,,"{""Versión"": ""M18 radial"", ""Función"": ""Transmisor"", ""Clasificación de seguridad"": ""Tipo 4 (IEC 61496), SIL3 (IEC 61508), PL e (EN ISO 13849)""}",product_name;operating_temp_min_c;operating_temp_max_c;enclosure_rating;Clasificación de seguridad
6034869,L41E-11MA1A,L41,,product,Dispositivos de proteccion optoelectronicos (Optoelectronic protective devices),K,K-200,199,1,,Barreras fotoeléctricas de seguridad monohaz,www.mysick.com/es/L41,0,5000,,,,,,-40,55,,,,,,,,,,,,IP 67,Latón niquelado,,,"{""Versión"": ""M18 radial"", ""Función"": ""Receptor"", ""Clasificación de seguridad"": ""Tipo 4 (IEC 61496), SIL3 (IEC 61508), PL e (EN ISO 13849)""}",product_name;operating_temp_min_c;operating_temp_max_c;enclosure_rating;Clasificación de seguridad
6034870,L21S-33MA2A,L21,,product,Dispositivos de proteccion optoelectronicos (Optoelectronic protective devices),K,K-202,201,1,,Barrera fotoeléctrica de seguridad monohaz,www.mysick.com/es/L21,0,60000,,,,,,-40,55,,,,,,,,,,,,IP 67,Latón niquelado,,,"{""Versión"": ""M30 axial"", ""Función"": ""Transmisor""}",product_name;operating_temp_min_c;operating_temp_max_c;enclosure_rating
6034871,L21E-33MA2A,L21,,product,Dispositivos de proteccion optoelectronicos (Optoelectronic protective devices),K,K-202,201,1,,Barrera fotoeléctrica de seguridad monohaz,www.mysick.com/es/L21,0,60000,,,,,,-40,55,,,,,,,,,,,,IP 67,Latón niquelado,,,"{""Versión"": ""M30 axial"", ""Función"": ""Receptor""}",product_name;operating_temp_min_c;operating_temp_max_c;enclosure_rating
6034872,L21S-21KA1A,L21,,product,Dispositivos de proteccion optoelectronicos (Optoelectronic protective devices),K,K-202,201,1,,Barrera fotoeléctrica de seguridad monohaz,www.mysick.com/es/L21,0,10000,,,,,,-40,55,,,,,,,,,,,,IP 67,Plástico,,,"{""Versión"": ""M18 axial"", ""Función"": ""Transmisor""}",product_name;operating_temp_min_c;operating_temp_max_c;enclosure_rating
6034873,L21E-21KA1A,L21,,product,Dispositivos de proteccion optoelectronicos (Optoelectronic protective devices),K,K-202,201,1,,Barrera fotoeléctrica de seguridad monohaz,www.mysick.com/es/L21,0,10000,,,,,,-40,55,,,,,,,,,,,,IP 67,Plástico,,,"{""Versión"": ""M18 axial"", ""Función"": ""Receptor""}",product_name;operating_temp_min_c;operating_temp_max_c;enclosure_rating
6034874,L21S-21MA1A,L21,,product,Dispositivos de proteccion optoelectronicos (Optoelectronic protective devices),K,K-202,201,1,,Barrera fotoeléctrica de seguridad monohaz,www.mysick.com/es/L21,0,10000,,,,,,-40,55,,,,,,,,,,,,IP 67,Latón niquelado,,,"{""Versión"": ""M18 axial"", ""Función"": ""Transmisor""}",product_name;operating_temp_min_c;operating_temp_max_c;enclosure_rating
6034875,L21E-21MA1A,L21,,product,Dispositivos de proteccion optoelectronicos (Optoelectronic protective devices),K,K-202,201,1,,Barrera fotoeléctrica de seguridad monohaz,www.mysick.com/es/L21,0,10000,,,,,,-40,55,,,,,,,,,,,,IP 67,Latón niquelado,,,"{""Versión"": ""M18 axial"", ""Función"": ""Receptor""}",product_name;operating_temp_min_c;operating_temp_max_c;enclosure_rating
6034876,L21S-11MA1A,L21,,product,Dispositivos de proteccion optoelectronicos (Optoelectronic protective devices),K,K-202,201,1,,Barrera fotoeléctrica de seguridad monohaz,www.mysick.com/es/L21,0,5000,,,,,,-40,55,,,,,,,,,,,,IP 67,Latón niquelado,,,"{""Versión"": ""M18 radial"", ""Función"": ""Transmisor""}",product_name;operating_temp_min_c;operating_temp_max_c;enclosure_rating
6034877,L21E-11MA1A,L21,,product,Dispositivos de proteccion optoelectronicos (Optoelectronic protective devices),K,K-202,201,1,,Barrera fotoeléctrica de seguridad monohaz,www.mysick.com/es/L21,0,5000,,,,,,-40,55,,,,,,,,,,,,IP 67,Latón niquelado,,,"{""Versión"": ""M18 radial"", ""Función"": ""Receptor""}",product_name;operating_temp_min_c;operating_temp_max_c;enclosure_rating
6007302,DOS-1204-G,L21,,accessory,Dispositivos de proteccion optoelectronicos (Optoelectronic protective devices),K,K-203,202,2,K-201,,,,,,,,,,,,,,,,,,,,,,,,,,"Cabezal A: conector hembra M12 de 4 polos, recto; Cabezal B: -; Cable: sin apantallar","{""Cabezal A"": ""conector hembra M12 de 4 polos, recto"", ""Cabezal B"": ""-"", ""Cable"": ""sin apantallar""}",
6007303,DOS-1204-W,L21,,accessory,Dispositivos de proteccion optoelectronicos (Optoelectronic protective devices),K,K-203,202,2,K-201,,,,,,,,,,,,,,,,,,,,,,,,,,"Cabezal A: conector hembra M12 de 4 polos, acodado; Cabezal B: -; Cable: sin apantallar","{""Cabezal A"": ""conector hembra M12 de 4 polos, acodado"", ""Cabezal B"": ""-"", ""Cable"": ""sin apantallar""}",
6009866,DOL-1204-G05M,L21,,accessory,Dispositivos de proteccion optoelectronicos (Optoelectronic protective devices),K,K-203,202,3,C-88;K-201,,,,,,,,,,,,,,,,,,,,,,,,,,"Cabezal A: conector hembra M12 de 4 polos, recto; Cabezal B: cable; Cable: PVC, sin apantallar, 5 m","{""Cabezal A"": ""conector hembra M12 de 4 polos, recto"", ""Cabezal B"": ""cable"", ""Cable"": ""PVC, sin apantallar, 5 m""}",
6009867,DOL-1204-W05M,L21,,accessory,Dispositivos de proteccion optoelectronicos (Optoelectronic protective devices),K,K-203,202,3,C-88;K-201,,,,,,,,,,,,,,,,,,,,,,,,,,"Cabezal A: conector hembra M12 de 4 polos, acodado; Cabezal B: cable; Cable: PVC, sin apantallar, 5 m","{""Cabezal A"": ""conector hembra M12 de 4 polos, acodado"", ""Cabezal B"": ""cable"", ""Cable"": ""PVC, sin apantallar, 5 m""}",
1064506,i12-SA205,i12S,,product,Interruptores de seguridad (Safety switches),L,L-206,205,1,,Interruptores de seguridad electromecánicos,www.mysick.com/es/i12S,,,,,,,,,,,,,,Conector M12 de 4 polos,,,,,,,IP 67,Carcasa de plástico,,,"{""Número de contactos de apertura forzada"": ""2"", ""Número de contactos de cierre"": ""0"", ""Fuerza de retención"": ""6N""}",enclosure_rating;housing_material;other_specs
1064507,i12-SB215,i12S,,product,Interruptores de seguridad (Safety switches),L,L-206,205,1,,Interruptores de seguridad electromecánicos,www.mysick.com/es/i12S,,,,,,,,,,,,,,"Entrada de cable, 1 x M16",,,,,,,IP 67,Carcasa de plástico,,,"{""Número de contactos de apertura forzada"": ""2"", ""Número de contactos de cierre"": ""1"", ""Fuerza de retención"": ""15 N""}",enclosure_rating;housing_material;other_specs
5308842,iE12-F1,i12S,,accessory,Interruptores de seguridad (Safety switches),L,L-206,205,1,,,,,,,,,,,,,,,,,,,,,,,,,,,"Radial, semiflexible","{""Accesorio"": ""Accionador""}",
5311131,iE12-S1,i12S,,accessory,Interruptores de seguridad (Safety switches),L,L-206,205,1,,,,,,,,,,,,,,,,,,,,,,,,,,,"Recto, goma protectora","{""Accesorio"": ""Accionador""}",
5311132,iE12-A1,i12S,,accessory,Interruptores de seguridad (Safety switches),L,L-206,205,1,,,,,,,,,,,,,,,,,,,,,,,,,,,"Acodado, rígido","{""Accesorio"": ""Accionador""}",
6025057,i12-SA113,i12S,,product,Interruptores de seguridad (Safety switches),L,L-206,205,1,,Interruptores de seguridad electromecánicos,www.mysick.com/es/i12S,,,,,,,,,,,,,,"Entrada de cable, 1 x M16",,,,,,,IP 67,Carcasa de plástico,,,"{""Número de contactos de apertura forzada"": ""1"", ""Número de contactos de cierre"": ""1"", ""Fuerza de retención"": ""6N""}",enclosure_rating;housing_material
6025059,i12-SB213,i12S,,product,Interruptores de seguridad (Safety switches),L,L-206,205,1,,Interruptores de seguridad electromecánicos,www.mysick.com/es/i12S,,,,,,,,,,,,,,"Entrada de cable, 1 x M16",,,,,,,IP 67,Carcasa de plástico,,,"{""Número de contactos de apertura forzada"": ""2"", ""Número de contactos de cierre"": ""1"", ""Fuerza de retención"": ""15 N""}",enclosure_rating;housing_material;other_specs
6025100,i12-SA203,i12S,,product,Interruptores de seguridad (Safety switches),L,L-206,205,1,,Interruptores de seguridad electromecánicos,www.mysick.com/es/i12S,,,,,,,,,,,,,,"Entrada de cable, 1 x M16",,,,,,,IP 67,Carcasa de plástico,,,"{""Número de contactos de apertura forzada"": ""1"", ""Número de contactos de cierre"": ""1"", ""Fuerza de retención"": ""6N""}",enclosure_rating;housing_material;other_specs
1064508,i16-SA205,i16S,,product,Interruptores de seguridad (Safety switches),L,L-207,206,1,,Interruptores de seguridad electromecánicos,www.mysick.com/es/i16S,,,,,,,,,,,,,,Conector M12 de 4 polos,,,,,,,IP 67,,,,"{""Fuerza de retención"": ""30 N"", ""Número de contactos de apertura forzada"": ""2"", ""Número de contactos de cierre"": ""0""}",product_name;enclosure_rating
5310780,iE16-SCR,i16S,,accessory,Interruptores de seguridad (Safety switches),L,L-207,206,2,L-208,,,,,,,,,,,,,,,,,,,,,,,,,,Fiador de resorte,,
5311128,iE16-S1,i16S,,accessory,Interruptores de seguridad (Safety switches),L,L-207,206,1,,,,,,,,,,,,,,,,,,,,,,,,,,,"Recto, rígido",,
5311129,iE16-F1,i16S,,accessory,Interruptores de seguridad (Safety switches),L,L-207,206,2,L-208,,,,,,,,,,,,,,,,,,,,,,,,,,"Radial, totalmente flexible",,
5311278,iE16-F2,i16S,,accessory,Interruptores de seguridad (Safety switches),L,L-207,206,2,L-208,,,,,,,,,,,,,,,,,,,,,,,,,,"Radial, semiflexible",,
6025063,i16-SA203,i16S,,product,Interruptores de seguridad (Safety switches),L,L-207,206,1,,Interruptores de seguridad electromecánicos,www.mysick.com/es/i16S,,,,,,,,,,,,,,"Entrada de cable, 3 x M20",,,,,,,IP 67,,,,"{""Fuerza de retención"": ""30 N"", ""Número de contactos de apertura forzada"": ""2"", ""Número de contactos de cierre"": ""0""}",product_name;enclosure_rating
6025065,i16-SA113,i16S,,product,Interruptores de seguridad (Safety switches),L,L-207,206,1,,Interruptores de seguridad electromecánicos,www.mysick.com/es/i16S,,,,,,,,,,,,,,"Entrada de cable, 3 x M20",,,,,,,IP 67,,,,"{""Fuerza de retención"": ""30 N"", ""Número de contactos de apertura forzada"": ""1"", ""Número de contactos de cierre"": ""1""}",product_name;enclosure_rating
5311130,iE17-S1,i17S,,accessory,Interruptores de seguridad (Safety switches),L,L-208,207,1,,,,,,,,,,,,,,,,,,,,,,,,,,,"Accionador, Recto, rígido",,
6025067,i17-SA213,i17S,,product,Interruptores de seguridad (Safety switches),L,L-208,207,1,,Interruptores de seguridad electromecánicos,www.mysick.com/es/i17S,,,,,,,,,,,,,,"Entrada de cable, 3 x M20",,,,,,,IP 67,,,,"{""Número de contactos de apertura forzada"": ""2"", ""Número de contactos de cierre"": ""1"", ""Fuerza de retención"": ""12 N""}",product_name;product_url;enclosure_rating
6011368,i10-E0313S02 Lock,i10 Lock,,product,Interruptores de seguridad (Safety switches),L,L-209,208,1,,Interruptores de seguridad electromecánicos i10 Lock,www.mysick.com/es/i10_Lock,,,,,,,,,,,,,,"Entrada de cable, 3 x M20",,,,,,,IP 67,plástico,,,"{""Tipo de cacheta"": ""eléctrica"", ""Número de contactos de cierre para el control de bloqueo"": ""0"", ""Número de contactos de apertura forzada para el control de puertas"": ""1"", ""Número de contactos de cierre para la supervisión de puertas"": ""1"", ""Número de contactos de apertura para la supervisión de puertas"": ""0""}",product_name;enclosure_rating;housing_material;Número de contactos de cierre para el control de bloqueo;Número de contactos de apertura forzada para el control de puertas;Número de contactos de cierre para la supervisión de puertas;Número de contactos de apertura para la supervisión de puertas;Tipo de cacheta
6020536,i10-E0253 Lock,i10 Lock,,product,Interruptores de seguridad (Safety switches),L,L-209,208,1,,Interruptores de seguridad electromecánicos i10 Lock,www.mysick.com/es/i10_Lock,,,,,,,,,,,,,,"Entrada de cable, 3 x M20",,,,,,,IP 67,plástico,,,"{""Tipo de cacheta"": ""eléctrica"", ""Número de contactos de apertura forzada para el control de puertas"": ""0"", ""Número de contactos de cierre para la supervisión de puertas"": ""1"", ""Número de contactos de apertura para la supervisión de puertas"": ""1""}",product_name;enclosure_rating;housing_material;Número de contactos de apertura forzada para el control de puertas;Número de contactos de cierre para la supervisión de puertas;Número de contactos de apertura para la supervisión de puertas;Tipo de cacheta
6020598,i10-E0453 Lock,i10 Lock,,product,Interruptores de seguridad (Safety switches),L,L-209,208,1,,Interruptores de seguridad electromecánicos i10 Lock,www.mysick.com/es/i10_Lock,,,,,,,,,,,,,,"Entrada de cable, 3 x M20",,,,,,,IP 67,plástico,,,"{""Tipo de cacheta"": ""eléctrica"", ""Número de contactos de apertura forzada para el control de puertas"": ""2"", ""Número de contactos de cierre para la supervisión de puertas"": ""0"", ""Número de contactos de apertura para la supervisión de puertas"": ""0""}",product_name;enclosure_rating;housing_material;Número de contactos de apertura forzada para el control de puertas;Número de contactos de cierre para la supervisión de puertas;Número de contactos de apertura para la supervisión de puertas;Tipo de cacheta
6022585,i10-E0233 Lock,i10 Lock,,product,Interruptores de seguridad (Safety switches),L,L-209,208,1,,Interruptores de seguridad electromecánicos i10 Lock,www.mysick.com/es/i10_Lock,,,,,,,,,,,,,,"Entrada de cable, 3 x M20",,,,,,,IP 67,plástico,,,"{""Tipo de cacheta"": ""eléctrica"", ""Número de contactos de cierre para el control de bloqueo"": ""1"", ""Número de contactos de apertura forzada para el control de puertas"": ""0"", ""Número de contactos de cierre para la supervisión de puertas"": ""0"", ""Número de contactos de apertura para la supervisión de puertas"": ""1""}",product_name;enclosure_rating;housing_material;Número de contactos de cierre para el control de bloqueo;Número de contactos de apertura forzada para el control de puertas;Número de contactos de cierre para la supervisión de puertas;Número de contactos de apertura para la supervisión de puertas;Tipo de cacheta
6045056,i10-E0454 Lock,i10 Lock,,product,Interruptores de seguridad (Safety switches),L,L-209,208,1,,Interruptores de seguridad electromecánicos i10 Lock,www.mysick.com/es/i10_Lock,,,,,,,,,,,,,,Conector M12 de 8 polos,,,,,,,IP 67,plástico,,,"{""Tipo de cacheta"": ""eléctrica"", ""Número de contactos de apertura forzada para la supervisión de bloqueo"": ""2"", ""Número de contactos de cierre para el control de bloqueo"": ""0"", ""Número de contactos de apertura forzada para el control de puertas"": ""1"", ""Número de contactos de cierre para la supervisión de puertas"": ""0"", ""Número de contactos de apertura para la supervisión de puertas"": ""0""}",product_name;enclosure_rating;housing_material;Número de contactos de apertura forzada para la supervisión de bloqueo;Número de contactos de cierre para el control de bloqueo;Número de contactos de apertura forzada para el control de puertas;Número de contactos de cierre para la supervisión de puertas;Número de contactos de apertura para la supervisión de puertas;Tipo de cacheta
5306527,iE10-S1,iE10,,accessory,Interruptores de seguridad (Safety switches),L,L-210,209,1,,Accionador,,,,,,,,,,,,,,,,,,,,,,,,,"Recto, rígido",,
5306528,iE10-R1,iE10,,accessory,Interruptores de seguridad (Safety switches),L,L-210,209,1,,Accionador,,,,,,,,,,,,,,,,,,,,,,,,,"Radial, semiflexible, puerta con tope superior/inferior",,
5306529,iE10-R2,iE10,,accessory,Interruptores de seguridad (Safety switches),L,L-210,209,1,,Accionador,,,,,,,,,,,,,,,,,,,,,,,,,"Radial, semiflexible, puerta con tope a izquierda/derecha",,
5306530,iE10-S2,iE10,,accessory,Interruptores de seguridad (Safety switches),L,L-210,209,1,,Accionador,,,,,,,,,,,,,,,,,,,,,,,,,"Recto, goma protectora",,
5306535,iE10-A1,iE10,,accessory,Interruptores de seguridad (Safety switches),L,L-210,209,1,,Accionador,,,,,,,,,,,,,,,,,,,,,,,,,"Acodado, rígido",,
5308383,iE10-S4,iE10,,accessory,Interruptores de seguridad (Safety switches),L,L-210,209,1,,Accionador,,,,,,,,,,,,,,,,,,,,,,,,,"Recto, rígido, con marcha en inercia",,
5308497,iE10-A4,iE10,,accessory,Interruptores de seguridad (Safety switches),L,L-210,209,1,,Accionador,,,,,,,,,,,,,,,,,,,,,,,,,"Acodado, rígido, con marcha en inercia",,
6022580,i10-M0233 Lock,i10,,product,Interruptores de seguridad (Safety switches),L,L-210,209,1,,Interruptores de seguridad electromecánicos,,,,,,,,,,,,,,,"Entrada de cable, 3 x M20",,,,,,,,,,,"{""Tipo de cacheta"": ""mecánica""}",product_name
6027397,i10-M0253 Lock,i10,,product,Interruptores de seguridad (Safety switches),L,L-210,209,1,,Interruptores de seguridad electromecánicos,,,,,,,,,,,,,,,"Entrada de cable, 3 x M20",,,,,,,,,,,"{""Tipo de cacheta"": ""mecánica""}",product_name
6029934,i10-M0453 Lock,i10,,product,Interruptores de seguridad (Safety switches),L,L-210,209,1,,Interruptores de seguridad electromecánicos,,,,,,,,,,,,,,,"Entrada de cable, 3 x M20",,,,,,,,,,,"{""Tipo de cacheta"": ""mecánica""}",product_name
6045055,i10-M0454 Lock,i10,,product,Interruptores de seguridad (Safety switches),L,L-210,209,1,,Interruptores de seguridad electromecánicos,,,,,,,,,,,,,,,Conector M12 de 8 polos,,,,,,,,,,,"{""Tipo de cacheta"": ""mecánica""}",product_name
1059410,RE11-SAC,RE1,RE11,product,Interruptores de seguridad (Safety switches),L,L-211,210,1,,Interruptores de seguridad sin contacto,www.mysick.com/es/RE1,,,,,,,,,,,,,,Conector M8 de 4 polos,,,,,,,,,,,"{""Distancia de encendido asegurada"": ""3 mm""}",product_name
1059411,RE11-SA03,RE1,RE11,product,Interruptores de seguridad (Safety switches),L,L-211,210,1,,Interruptores de seguridad sin contacto,www.mysick.com/es/RE1,,,,,,,,,,,,,,Cable,,,,,,,,,,,"{""Longitud del cable"": ""3 m"", ""Distancia de encendido asegurada"": ""3 mm""}",product_name
1059501,RE11-SA05,RE1,RE11,product,Interruptores de seguridad (Safety switches),L,L-211,210,1,,Interruptores de seguridad sin contacto,www.mysick.com/es/RE1,,,,,,,,,,,,,,Cable,,,,,,,,,,,"{""Longitud del cable"": ""5 m"", ""Distancia de encendido asegurada"": ""3 mm""}",product_name
1059503,RE13-SAC,RE1,RE13,product,Interruptores de seguridad (Safety switches),L,L-211,210,1,,Interruptores de seguridad sin contacto,www.mysick.com/es/RE1,,,,,,,,,,,,,,Conector M8 de 4 polos,,,,,,,,,,,"{""Distancia de encendido asegurada"": ""7 mm""}",product_name
1059504,RE13-SA03,RE1,RE13,product,Interruptores de seguridad (Safety switches),L,L-211,210,1,,Interruptores de seguridad sin contacto,www.mysick.com/es/RE1,,,,,,,,,,,,,,Cable,,,,,,,,,,,"{""Longitud del cable"": ""3 m"", ""Distancia de encendido asegurada"": ""7 mm""}",product_name
1062011,RE13-SA05,RE1,RE13,product,Interruptores de seguridad (Safety switches),L,L-211,210,1,,Interruptores de seguridad sin contacto,www.mysick.com/es/RE1,,,,,,,,,,,,,,Cable,,,,,,,,,,,"{""Longitud del cable"": ""5 m"", ""Distancia de encendido asegurada"": ""7 mm""}",product_name
1062539,RE13-SA84,RE1,RE13,product,Interruptores de seguridad (Safety switches),L,L-211,210,1,,Interruptores de seguridad sin contacto,www.mysick.com/es/RE1,,,,,,,,,,,,,,Cable con conector macho M8 de 4 polos,,,,,,,,,,,"{""Longitud del cable"": ""0,2 m"", ""Distancia de encendido asegurada"": ""7 mm""}",product_name
1062540,RE13-SA64,RE1,RE13,product,Interruptores de seguridad (Safety switches),L,L-211,210,1,,Interruptores de seguridad sin contacto,www.mysick.com/es/RE1,,,,,,,,,,,,,,Cable con conector macho M12 de 4 polos,,,,,,,,,,,"{""Longitud del cable"": ""0,2 m"", ""Distancia de encendido asegurada"": ""7 mm"", ""Conector M12 compatible con Flexi Loop"": ""sí""}",product_name;other_specs
1060290,RE10-SP,RE1,,accessory,Interruptores de seguridad (Safety switches),L,L-212,211,1,,,,,,,,,,,,,,,,,,,,,,,,,,,"10 ud., distanciador para RE1",,
1060292,RE13-SK,RE1,,accessory,Interruptores de seguridad (Safety switches),L,L-212,211,1,,,,,,,,,,,,,,,,,,,,,,,,,,,"Accionador de repuesto para RE13-Sxx, RE13-Sxxx",,
1062121,RE11-SK,RE1,,accessory,Interruptores de seguridad (Safety switches),L,L-212,211,1,,,,,,,,,,,,,,,,,,,,,,,,,,,"Accionador de repuesto para RE11-Sxx, RE11-Sxxx",,
1059505,RE21-SAC,RE2,RE21,product,Interruptores de seguridad (Safety switches),L,L-213,212,1,,Interruptores de seguridad sin contacto,www.mysick.com/es/RE2,,,,,,,,,,,,,,Conector M8 de 4 polos,,,,,,,,,,,"{""Componente del sistema"": ""sensor y accionador"", ""Diseño"": ""rectangular"", ""Distancia de encendido asegurada"": ""6 mm""}",product_name;Componente del sistema;Diseño
1059506,RE21-SA03,RE2,RE21,product,Interruptores de seguridad (Safety switches),L,L-213,212,1,,Interruptores de seguridad sin contacto,www.mysick.com/es/RE2,,,,,,,,,,,,,,Cable,,,,,,,,,,,"{""Componente del sistema"": ""sensor y accionador"", ""Diseño"": ""rectangular"", ""Longitud del cable"": ""3m"", ""Distancia de encendido asegurada"": ""6 mm""}",product_name;Componente del sistema;Diseño
1059507,RE21-SA05,RE2,RE21,product,Interruptores de seguridad (Safety switches),L,L-213,212,1,,Interruptores de seguridad sin contacto,www.mysick.com/es/RE2,,,,,,,,,,,,,,Cable,,,,,,,,,,,"{""Componente del sistema"": ""sensor y accionador"", ""Diseño"": ""rectangular"", ""Longitud del cable"": ""5m"", ""Distancia de encendido asegurada"": ""6 mm""}",product_name;Componente del sistema;Diseño
1059508,RE23-SAC,RE2,RE23,product,Interruptores de seguridad (Safety switches),L,L-213,212,1,,Interruptores de seguridad sin contacto,www.mysick.com/es/RE2,,,,,,,,,,,,,,Conector M8 de 4 polos,,,,,,,,,,,"{""Componente del sistema"": ""sensor y accionador"", ""Diseño"": ""rectangular"", ""Distancia de encendido asegurada"": ""9 mm""}",product_name;Componente del sistema;Diseño
1059509,RE27-SA68L,RE2,RE27,product,Interruptores de seguridad (Safety switches),L,L-213,212,1,,Interruptores de seguridad sin contacto,www.mysick.com/es/RE2,,,,,,,,,,,,,,Cable con conector macho M12 de 8 polos,,,,,,,,,,,"{""Componente del sistema"": ""sensor y accionador"", ""Diseño"": ""rectangular"", ""Longitud del cable"": ""0,2 m"", ""Distancia de encendido asegurada"": ""9 mm"", ""Indicación de estado"": ""LED""}",product_name;Componente del sistema;Diseño;Indicación de estado
1059510,RE27-SA05L,RE2,RE27,product,Interruptores de seguridad (Safety switches),L,L-213,212,1,,Interruptores de seguridad sin contacto,www.mysick.com/es/RE2,,,,,,,,,,,,,,Cable,,,,,,,,,,,"{""Componente del sistema"": ""sensor y accionador"", ""Diseño"": ""rectangular"", ""Longitud del cable"": ""5m"", ""Distancia de encendido asegurada"": ""9 mm"", ""Indicación de estado"": ""LED""}",product_name;Componente del sistema;Diseño;Indicación de estado
1059511,RE27-SA10L,RE2,RE27,product,Interruptores de seguridad (Safety switches),L,L-213,212,1,,Interruptores de seguridad sin contacto,www.mysick.com/es/RE2,,,,,,,,,,,,,,Cable,,,,,,,,,,,"{""Componente del sistema"": ""sensor y accionador"", ""Diseño"": ""rectangular"", ""Longitud del cable"": ""10 m"", ""Distancia de encendido asegurada"": ""9 mm"", ""Indicación de estado"": ""LED""}",product_name;Componente del sistema;Diseño;Indicación de estado
1059512,RE27-SA20L,RE2,RE27,product,Interruptores de seguridad (Safety switches),L,L-213,212,1,,Interruptores de seguridad sin contacto,www.mysick.com/es/RE2,,,,,,,,,,,,,,Cable,,,,,,,,,,,"{""Componente del sistema"": ""sensor y accionador"", ""Diseño"": ""rectangular"", ""Longitud del cable"": ""20 m"", ""Distancia de encendido asegurada"": ""9 mm"", ""Indicación de estado"": ""LED""}",product_name;Componente del sistema;Diseño;Indicación de estado
1061725,RE23-SA03,RE2,RE23,product,Interruptores de seguridad (Safety switches),L,L-213,212,1,,Interruptores de seguridad sin contacto,www.mysick.com/es/RE2,,,,,,,,,,,,,,Cable,,,,,,,,,,,"{""Componente del sistema"": ""sensor y accionador"", ""Diseño"": ""rectangular"", ""Longitud del cable"": ""3m"", ""Distancia de encendido asegurada"": ""9 mm""}",product_name;Componente del sistema;Diseño
1061726,RE23-SA05,RE2,RE23,product,Interruptores de seguridad (Safety switches),L,L-213,212,1,,Interruptores de seguridad sin contacto,www.mysick.com/es/RE2,,,,,,,,,,,,,,Cable,,,,,,,,,,,"{""Componente del sistema"": ""sensor y accionador"", ""Diseño"": ""rectangular"", ""Longitud del cable"": ""5m"", ""Distancia de encendido asegurada"": ""9 mm""}",product_name;Componente del sistema;Diseño
1062541,RE23-SA84,RE2,RE23,product,Interruptores de seguridad (Safety switches),L,L-213,212,1,,Interruptores de seguridad sin contacto,www.mysick.com/es/RE2,,,,,,,,,,,,,,Cable con conector macho M8 de 4 polos,,,,,,,,,,,"{""Componente del sistema"": ""sensor y accionador"", ""Diseño"": ""rectangular"", ""Longitud del cable"": ""0,2 m"", ""Distancia de encendido asegurada"": ""9 mm""}",product_name;Componente del sistema;Diseño
1062542,RE23-SA64,RE2,RE23,product,Interruptores de seguridad (Safety switches),L,L-213,212,1,,Interruptores de seguridad sin contacto,www.mysick.com/es/RE2,,,,,,,,,,,,,,Cable con conector macho M12 de 4 polos,,,,,,,,,,,"{""Componente del sistema"": ""sensor y accionador"", ""Diseño"": ""rectangular"", ""Longitud del cable"": ""0,2 m"", ""Distancia de encendido asegurada"": ""9 mm"", ""Conector M12 compatible con Flexi-Loop"": ""l""}",product_name;Componente del sistema;Diseño;Conector M12 compatible con Flexi-Loop
1065233,RE27-SA68LS04,RE2,RE27,product,Interruptores de seguridad (Safety switches),L,L-213,212,1,,Interruptores de seguridad sin contacto,www.mysick.com/es/RE2,,,,,,,,,,,,,,Cable con conector macho M12 de 8 polos,,,,,,,,,,,"{""Componente del sistema"": ""sensor y accionador"", ""Diseño"": ""rectangular"", ""Longitud del cable"": ""0,2 m"", ""Distancia de encendido asegurada"": ""9 mm"", ""Indicación de estado"": ""LED"", ""Conector M12 compatible con Flexi-Loop"": ""l""}",product_name;Componente del sistema;Diseño;Indicación de estado;Conector M12 compatible con Flexi-Loop
1060291,RE20-SP,RE2,,accessory,Interruptores de seguridad (Safety switches),L,L-214,213,1,,,,,,,,,,,,,,,,,,,,,,,,,,,"10 ud., separador para RE2",,
1060293,RE21-SK,RE2,,accessory,Interruptores de seguridad (Safety switches),L,L-214,213,1,,,,,,,,,,,,,,,,,,,,,,,,,,,"Accionador de repuesto para RE21-Sxx, RE21-Sxxx",,
1060294,RE23-SK,RE2,,accessory,Interruptores de seguridad (Safety switches),L,L-214,213,1,,,,,,,,,,,,,,,,,,,,,,,,,,,"Accionador de repuesto para RE23-Sxx, RE23-Sxxx",,
1060295,RE27-SK,RE2,,accessory,Interruptores de seguridad (Safety switches),L,L-214,213,1,,,,,,,,,,,,,,,,,,,,,,,,,,,Accionador de repuesto para RE27-SxxxL,,
6022317,TR4-SAU03P,TR4 Direct,,product,Interruptores de seguridad (Safety switches),L,L-215,214,1,,Interruptor de seguridad sin contacto,www.mysick.com/es/TR4_Direct,,,,,,,,,,,,,,Cable con conector macho M12 de 8 polos,,,,,,,,,,,"{""Diseño"": ""cilíndrico"", ""Componente del sistema"": ""sensor y accionador"", ""Diámetro de la carcasa (sensor / accionador)"": ""M18 / M18"", ""Distancia de activación asegurada Sao"": ""15 mm"", ""Distancia de apagado asegurada Sar"": ""25 mm"", ""codificación"": ""Unique coded"", ""Longitud del cable"": ""3 m""}",product_name
6022318,TR4-SAU10P,TR4 Direct,,product,Interruptores de seguridad (Safety switches),L,L-215,214,1,,Interruptor de seguridad sin contacto,www.mysick.com/es/TR4_Direct,,,,,,,,,,,,,,Cable con conector macho M12 de 8 polos,,,,,,,,,,,"{""Diseño"": ""cilíndrico"", ""Componente del sistema"": ""sensor y accionador"", ""Diámetro de la carcasa (sensor / accionador)"": ""M18 / M18"", ""Distancia de activación asegurada Sao"": ""15 mm"", ""Distancia de apagado asegurada Sar"": ""25 mm"", ""codificación"": ""Unique coded"", ""Longitud del cable"": ""10 m""}",product_name
6022319,TR4-SAU01C,TR4 Direct,,product,Interruptores de seguridad (Safety switches),L,L-215,214,1,,Interruptor de seguridad sin contacto,www.mysick.com/es/TR4_Direct,,,,,,,,,,,,,,Cable con conector macho M12 de 8 polos,,,,,,,,,,,"{""Diseño"": ""cilíndrico"", ""Componente del sistema"": ""sensor y accionador"", ""Diámetro de la carcasa (sensor / accionador)"": ""M18 / M18"", ""Distancia de activación asegurada Sao"": ""15 mm"", ""Distancia de apagado asegurada Sar"": ""25 mm"", ""codificación"": ""Unique coded"", ""Longitud del cable"": ""0,2 m""}",product_name
6034586,TR4-SAM03P,TR4 Direct,,product,Interruptores de seguridad (Safety switches),L,L-215,214,1,,Interruptor de seguridad sin contacto,www.mysick.com/es/TR4_Direct,,,,,,,,,,,,,,Cable con conector macho M12 de 8 polos,,,,,,,,,,,"{""Diseño"": ""cilíndrico"", ""Componente del sistema"": ""sensor y accionador"", ""Diámetro de la carcasa (sensor / accionador)"": ""M18 / M18"", ""Distancia de activación asegurada Sao"": ""15 mm"", ""Distancia de apagado asegurada Sar"": ""25 mm"", ""codificación"": ""Multicoded"", ""Longitud del cable"": ""3 m""}",product_name
6034587,TR4-SAM10P,TR4 Direct,,product,Interruptores de seguridad (Safety switches),L,L-215,214,1,,Interruptor de seguridad sin contacto,www.mysick.com/es/TR4_Direct,,,,,,,,,,,,,,Cable con conector macho M12 de 8 polos,,,,,,,,,,,"{""Diseño"": ""cilíndrico"", ""Componente del sistema"": ""sensor y accionador"", ""Diámetro de la carcasa (sensor / accionador)"": ""M18 / M18"", ""Distancia de activación asegurada Sao"": ""15 mm"", ""Distancia de apagado asegurada Sar"": ""25 mm"", ""codificación"": ""Multicoded"", ""Longitud del cable"": ""10 m""}",product_name
6034588,TR4-SAM01C,TR4 Direct,,product,Interruptores de seguridad (Safety switches),L,L-215,214,1,,Interruptor de seguridad sin contacto,www.mysick.com/es/TR4_Direct,,,,,,,,,,,,,,Cable con conector macho M12 de 8 polos,,,,,,,,,,,"{""Diseño"": ""cilíndrico"", ""Componente del sistema"": ""sensor y accionador"", ""Diámetro de la carcasa (sensor / accionador)"": ""M18 / M18"", ""Distancia de activación asegurada Sao"": ""15 mm"", ""Distancia de apagado asegurada Sar"": ""25 mm"", ""codificación"": ""Multicoded"", ""Longitud del cable"": ""0,2 m""}",product_name
6025090,TR4-SBM03P,TR4,TR4 Direct,product,Interruptores de seguridad (Safety switches),L,L-216,215,1,,Interruptores de seguridad sin contacto,,,,,,,,,,,,,,,Cable,,,,,,,,,,,"{""Diámetro de la carcasa (sensor / accionador)"": ""M18 / M30"", ""Distancia de activación asegurada Sao"": ""25 mm"", ""Distancia de apagado asegurada Sar"": ""35 mm"", ""codificación"": ""Multicoded"", ""Longitud del cable"": ""3 m""}",connection;product_name
6035189,TR4-SBM10P,TR4,TR4 Direct,product,Interruptores de seguridad (Safety switches),L,L-216,215,1,,Interruptores de seguridad sin contacto,,,,,,,,,,,,,,,Cable,,,,,,,,,,,"{""Diámetro de la carcasa (sensor / accionador)"": ""M18 / M30"", ""Distancia de activación asegurada Sao"": ""25 mm"", ""Distancia de apagado asegurada Sar"": ""35 mm"", ""codificación"": ""Multicoded"", ""Longitud del cable"": ""10 m""}",connection;product_name
6035190,TR4-SBM01C,TR4,TR4 Direct,product,Interruptores de seguridad (Safety switches),L,L-216,215,1,,Interruptores de seguridad sin contacto,,,,,,,,,,,,,,,Cable con conector macho M12 de 8 polos,,,,,,,,,,,"{""Diámetro de la carcasa (sensor / accionador)"": ""M18 / M30"", ""Distancia de activación asegurada Sao"": ""25 mm"", ""Distancia de apagado asegurada Sar"": ""35 mm"", ""codificación"": ""Multicoded"", ""Longitud del cable"": ""0,2 m""}",connection;product_name
6044626,TR4-SBU03P,TR4,TR4 Direct,product,Interruptores de seguridad (Safety switches),L,L-216,215,1,,Interruptores de seguridad sin contacto,,,,,,,,,,,,,,,Cable,,,,,,,,,,,"{""Diámetro de la carcasa (sensor / accionador)"": ""M18 / M30"", ""Distancia de activación asegurada Sao"": ""25 mm"", ""Distancia de apagado asegurada Sar"": ""35 mm"", ""codificación"": ""Unique coded"", ""Longitud del cable"": ""3 m""}",connection;product_name
6044627,TR4-SBU10P,TR4,TR4 Direct,product,Interruptores de seguridad (Safety switches),L,L-216,215,1,,Interruptores de seguridad sin contacto,,,,,,,,,,,,,,,Cable,,,,,,,,,,,"{""Diámetro de la carcasa (sensor / accionador)"": ""M18 / M30"", ""Distancia de activación asegurada Sao"": ""25 mm"", ""Distancia de apagado asegurada Sar"": ""35 mm"", ""codificación"": ""Unique coded"", ""Longitud del cable"": ""10 m""}",connection;product_name
6044628,TR4-SBU01C,TR4,TR4 Direct,product,Interruptores de seguridad (Safety switches),L,L-216,215,1,,Interruptores de seguridad sin contacto,,,,,,,,,,,,,,,Cable con conector macho M12 de 8 polos,,,,,,,,,,,"{""Diámetro de la carcasa (sensor / accionador)"": ""M18 / M30"", ""Distancia de activación asegurada Sao"": ""25 mm"", ""Distancia de apagado asegurada Sar"": ""35 mm"", ""codificación"": ""Unique coded"", ""Longitud del cable"": ""0,2 m""}",connection;product_name
6044636,TR4-SDM03P,TR4,TR4 Direct,product,Interruptores de seguridad (Safety switches),L,L-216,215,1,,Interruptores de seguridad sin contacto,,,,,,,,,,,,,,,Cable,,,,,,,,,,,"{""Diseño"": ""rectangular"", ""Componente del sistema"": ""sensor y accionador"", ""Dimensiones"": ""25 mm x 88 mm x 20 mm"", ""Distancia de activación asegurada Sao"": ""15 mm"", ""Distancia de desactivación (histeresis) asegurada Sar"": ""35 mm"", ""codificación"": ""Multicoded"", ""Longitud del cable"": ""3 m""}",connection;product_name;Diseño;Componente del sistema;Dimensiones;Distancia de activación asegurada Sao;Distancia de desactivación (histeresis) asegurada Sar
6044637,TR4-SDM10P,TR4,TR4 Direct,product,Interruptores de seguridad (Safety switches),L,L-216,215,1,,Interruptores de seguridad sin contacto,,,,,,,,,,,,,,,Cable,,,,,,,,,,,"{""Diseño"": ""rectangular"", ""Componente del sistema"": ""sensor y accionador"", ""Dimensiones"": ""25 mm x 88 mm x 20 mm"", ""Distancia de activación asegurada Sao"": ""15 mm"", ""Distancia de desactivación (histeresis) asegurada Sar"": ""35 mm"", ""codificación"": ""Multicoded"", ""Longitud del cable"": ""10 m""}",connection;product_name;Diseño;Componente del sistema;Dimensiones;Distancia de activación asegurada Sao;Distancia de desactivación (histeresis) asegurada Sar
6044638,TR4-SDM01C,TR4,TR4 Direct,product,Interruptores de seguridad (Safety switches),L,L-216,215,1,,Interruptores de seguridad sin contacto,,,,,,,,,,,,,,,Cable con conector macho M12 de 8 polos,,,,,,,,,,,"{""Diseño"": ""rectangular"", ""Componente del sistema"": ""sensor y accionador"", ""Dimensiones"": ""25 mm x 88 mm x 20 mm"", ""Distancia de activación asegurada Sao"": ""15 mm"", ""Distancia de desactivación (histeresis) asegurada Sar"": ""35 mm"", ""codificación"": ""Multicoded"", ""Longitud del cable"": ""0,2 m""}",connection;product_name;Diseño;Componente del sistema;Dimensiones;Distancia de activación asegurada Sao;Distancia de desactivación (histeresis) asegurada Sar
6044639,TR4-SDU03P,TR4,TR4 Direct,product,Interruptores de seguridad (Safety switches),L,L-216,215,1,,Interruptores de seguridad sin contacto,,,,,,,,,,,,,,,Cable,,,,,,,,,,,"{""Diseño"": ""rectangular"", ""Componente del sistema"": ""sensor y accionador"", ""Dimensiones"": ""25 mm x 88 mm x 20 mm"", ""Distancia de activación asegurada Sao"": ""15 mm"", ""Distancia de desactivación (histeresis) asegurada Sar"": ""35 mm"", ""codificación"": ""Unique coded"", ""Longitud del cable"": ""3 m""}",connection;product_name;Diseño;Componente del sistema;Dimensiones;Distancia de activación asegurada Sao;Distancia de desactivación (histeresis) asegurada Sar
6044640,TR4-SDU10P,TR4,TR4 Direct,product,Interruptores de seguridad (Safety switches),L,L-216,215,1,,Interruptores de seguridad sin contacto,,,,,,,,,,,,,,,Cable,,,,,,,,,,,"{""Diseño"": ""rectangular"", ""Componente del sistema"": ""sensor y accionador"", ""Dimensiones"": ""25 mm x 88 mm x 20 mm"", ""Distancia de activación asegurada Sao"": ""15 mm"", ""Distancia de desactivación (histeresis) asegurada Sar"": ""35 mm"", ""codificación"": ""Unique coded"", ""Longitud del cable"": ""10 m""}",connection;product_name;Diseño;Componente del sistema;Dimensiones;Distancia de activación asegurada Sao;Distancia de desactivación (histeresis) asegurada Sar
6044641,TR4-SDU01C,TR4,TR4 Direct,product,Interruptores de seguridad (Safety switches),L,L-216,215,1,,Interruptores de seguridad sin contacto,,,,,,,,,,,,,,,Cable con conector macho M12 de 8 polos,,,,,,,,,,,"{""Diseño"": ""rectangular"", ""Componente del sistema"": ""sensor y accionador"", ""Dimensiones"": ""25 mm x 88 mm x 20 mm"", ""Distancia de activación asegurada Sao"": ""15 mm"", ""Distancia de desactivación (histeresis) asegurada Sar"": ""35 mm"", ""codificación"": ""Unique coded"", ""Longitud del cable"": ""0,2 m""}",connection;product_name;Diseño;Componente del sistema;Dimensiones;Distancia de activación asegurada Sao;Distancia de desactivación (histeresis) asegurada Sar
5321030,TR4-RAM000,TR4 Direct,,accessory,Interruptores de seguridad (Safety switches),L,L-217,216,1,,,,,,,,,,,,,,,,,,,,,,,,,,,"Cilíndrico, accionador de repuesto, M18, para TR4-SAMxxx","{""Grupo de accesorios"": ""Accionador""}",
5321031,TR4-RAU000,TR4 Direct,,accessory,Interruptores de seguridad (Safety switches),L,L-217,216,1,,,,,,,,,,,,,,,,,,,,,,,,,,,"Cilíndrico, accionador de repuesto, M18, para TR4-SAUxxx","{""Grupo de accesorios"": ""Accionador""}",
5321032,TR4-RBM000,TR4 Direct,,accessory,Interruptores de seguridad (Safety switches),L,L-217,216,1,,,,,,,,,,,,,,,,,,,,,,,,,,,"Cilíndrico, accionador de repuesto, M30, para TR4-SBMxxx","{""Grupo de accesorios"": ""Accionador""}",
5321033,TR4-RBU000,TR4 Direct,,accessory,Interruptores de seguridad (Safety switches),L,L-217,216,1,,,,,,,,,,,,,,,,,,,,,,,,,,,"Cilíndrico, accionador de repuesto, M30, para TR4-SBUxxx","{""Grupo de accesorios"": ""Accionador""}",
5325631,TR4-RDM000,TR4 Direct,,accessory,Interruptores de seguridad (Safety switches),L,L-217,216,1,,,,,,,,,,,,,,,,,,,,,,,,,,,"Rectangular, accionador de repuesto para TR4-SDMxxx","{""Grupo de accesorios"": ""Accionador""}",
5325632,TR4-RDU000,TR4 Direct,,accessory,Interruptores de seguridad (Safety switches),L,L-217,216,1,,,,,,,,,,,,,,,,,,,,,,,,,,,"Rectangular, accionador de repuesto para TR4-SDUxxx","{""Grupo de accesorios"": ""Accionador""}",
5325633,TR4-RFM000,TR4 Direct,,accessory,Interruptores de seguridad (Safety switches),L,L-217,216,1,,,,,,,,,,,,,,,,,,,,,,,,,,,"Rectangular, accionador de repuesto para TR4-SEMxxx y TR4-SFMxxx","{""Grupo de accesorios"": ""Accionador""}",
5325634,TR4-RFU000,TR4 Direct,,accessory,Interruptores de seguridad (Safety switches),L,L-217,216,1,,,,,,,,,,,,,,,,,,,,,,,,,,,"Rectangular, accionador de repuesto para TR4-SEUxxx y TR4-SFUxxx","{""Grupo de accesorios"": ""Accionador""}",
5325889,TR4-AK004C,TR4 Direct,,accessory,Interruptores de seguridad (Safety switches),L,L-217,216,1,,,,,,,,,,,,,,,,,,,,,,,,,,,Conector en T para conexión en serie de TR4 Direct,"{""Grupo de accesorios"": ""Adaptadores y distribuidores""}",
5325890,TR4-AL002C,TR4 Direct,,accessory,Interruptores de seguridad (Safety switches),L,L-217,216,1,,,,,,,,,,,,,,,,,,,,,,,,,,,Conector final para conexión en serie junto con conector en T TR4-AK004C,"{""Grupo de accesorios"": ""Adaptadores y distribuidores""}",
6044642,TR4-SEM03P,TR4 Direct,,product,Interruptores de seguridad (Safety switches),L,L-217,216,1,,Interruptores de seguridad sin contacto TR4 Direct,,,,,,,,,,,,,,,Cable,,,,,,,,,,,"{""Longitud del cable"": ""3 m"", ""Codificación"": ""Multicoded"", ""Retención magnética"": ""–"", ""Indicación de área limite"": ""l""}",product_name;Retención magnética;Indicación de área limite
6044643,TR4-SEM10P,TR4 Direct,,product,Interruptores de seguridad (Safety switches),L,L-217,216,1,,Interruptores de seguridad sin contacto TR4 Direct,,,,,,,,,,,,,,,Cable,,,,,,,,,,,"{""Longitud del cable"": ""10 m"", ""Codificación"": ""Multicoded"", ""Retención magnética"": ""–"", ""Indicación de área limite"": ""l""}",product_name;Retención magnética;Indicación de área limite
6044644,TR4-SEM01C,TR4 Direct,,product,Interruptores de seguridad (Safety switches),L,L-217,216,1,,Interruptores de seguridad sin contacto TR4 Direct,,,,,,,,,,,,,,,Cable con conector macho M12 de 8 polos,,,,,,,,,,,"{""Longitud del cable"": ""0,2 m"", ""Codificación"": ""Multicoded"", ""Retención magnética"": ""–"", ""Indicación de área limite"": ""l""}",product_name;Retención magnética;Indicación de área limite
6044645,TR4-SEU03P,TR4 Direct,,product,Interruptores de seguridad (Safety switches),L,L-217,216,1,,Interruptores de seguridad sin contacto TR4 Direct,,,,,,,,,,,,,,,Cable,,,,,,,,,,,"{""Longitud del cable"": ""3 m"", ""Codificación"": ""Unique coded"", ""Retención magnética"": ""–"", ""Indicación de área limite"": ""l""}",product_name;Retención magnética;Indicación de área limite
6044646,TR4-SEU10P,TR4 Direct,,product,Interruptores de seguridad (Safety switches),L,L-217,216,1,,Interruptores de seguridad sin contacto TR4 Direct,,,,,,,,,,,,,,,Cable,,,,,,,,,,,"{""Longitud del cable"": ""10 m"", ""Codificación"": ""Unique coded"", ""Retención magnética"": ""–"", ""Indicación de área limite"": ""l""}",product_name;Retención magnética;Indicación de área limite
6044647,TR4-SEU01C,TR4 Direct,,product,Interruptores de seguridad (Safety switches),L,L-217,216,1,,Interruptores de seguridad sin contacto TR4 Direct,,,,,,,,,,,,,,,Cable con conector macho M12 de 8 polos,,,,,,,,,,,"{""Longitud del cable"": ""0,2 m"", ""Codificación"": ""Unique coded"", ""Retención magnética"": ""–"", ""Indicación de área limite"": ""l""}",product_name;Retención magnética;Indicación de área limite
6044648,TR4-SFM03P,TR4 Direct,,product,Interruptores de seguridad (Safety switches),L,L-217,216,1,,Interruptores de seguridad sin contacto TR4 Direct,,,,,,,,,,,,,,,Cable,,,,,,,,,,,"{""Longitud del cable"": ""3 m"", ""Codificación"": ""Multicoded"", ""Retención magnética"": ""l"", ""Indicación de área limite"": ""l""}",product_name;Retención magnética;Indicación de área limite
6044649,TR4-SFM10P,TR4 Direct,,product,Interruptores de seguridad (Safety switches),L,L-217,216,1,,Interruptores de seguridad sin contacto TR4 Direct,,,,,,,,,,,,,,,Cable,,,,,,,,,,,"{""Longitud del cable"": ""10 m"", ""Codificación"": ""Multicoded"", ""Retención magnética"": ""l"", ""Indicación de área limite"": ""l""}",product_name;Retención magnética;Indicación de área limite
6044650,TR4-SFM01C,TR4 Direct,,product,Interruptores de seguridad (Safety switches),L,L-217,216,1,,Interruptores de seguridad sin contacto TR4 Direct,,,,,,,,,,,,,,,Cable con conector macho M12 de 8 polos,,,,,,,,,,,"{""Longitud del cable"": ""0,2 m"", ""Codificación"": ""Multicoded"", ""Retención magnética"": ""l"", ""Indicación de área limite"": ""l""}",product_name;Retención magnética;Indicación de área limite
6044651,TR4-SFU03P,TR4 Direct,,product,Interruptores de seguridad (Safety switches),L,L-217,216,1,,Interruptores de seguridad sin contacto TR4 Direct,,,,,,,,,,,,,,,Cable,,,,,,,,,,,"{""Longitud del cable"": ""3 m"", ""Codificación"": ""Unique coded"", ""Retención magnética"": ""l"", ""Indicación de área limite"": ""l""}",product_name;Retención magnética;Indicación de área limite
6044652,TR4-SFU10P,TR4 Direct,,product,Interruptores de seguridad (Safety switches),L,L-217,216,1,,Interruptores de seguridad sin contacto TR4 Direct,,,,,,,,,,,,,,,Cable,,,,,,,,,,,"{""Longitud del cable"": ""10 m"", ""Codificación"": ""Unique coded"", ""Retención magnética"": ""l"", ""Indicación de área limite"": ""l""}",product_name;Retención magnética;Indicación de área limite
6044653,TR4-SFU01C,TR4 Direct,,product,Interruptores de seguridad (Safety switches),L,L-217,216,1,,Interruptores de seguridad sin contacto TR4 Direct,,,,,,,,,,,,,,,Cable con conector macho M12 de 8 polos,,,,,,,,,,,"{""Longitud del cable"": ""0,2 m"", ""Codificación"": ""Unique coded"", ""Retención magnética"": ""l"", ""Indicación de área limite"": ""l""}",product_name;Retención magnética;Indicación de área limite
5308447,BEF-WN-M12,IN3000 Direct,,accessory,Interruptores de seguridad (Safety switches),L,L-218,217,2,C-78,,,,,,,,,,,,,,,,,,,,,,,,,,"Escuadra de fijación, rosca M12, acero galvanizado, sin material de fijación",,
6034576,IN30-E0305K,IN3000 Direct,,product,Interruptores de seguridad (Safety switches),L,L-218,217,1,,Interruptores de seguridad sin contacto,www.mysick.com/es/IN3000_Direct,,15,,,,,,,,,,,,Conector M12 compatible con Flexi Loop,,,,,,,,,,,"{""Diseño"": ""Cilíndrico"", ""Diámetro de la carcasa"": ""M30"", ""Tipo de montaje"": ""No enrasado""}",product_name;sensing_range_max_mm;connection
6034581,IN30-E0306K,IN3000 Direct,,product,Interruptores de seguridad (Safety switches),L,L-218,217,1,,Interruptores de seguridad sin contacto,www.mysick.com/es/IN3000_Direct,,15,,,,,,,,,,,,Conector M12 compatible con Flexi Loop,,,,,,,,,,,"{""Diseño"": ""Cilíndrico"", ""Diámetro de la carcasa"": ""M18"", ""Tipo de montaje"": ""Enrasado""}",product_name;sensing_range_max_mm;connection
6034582,IN30-E0407K,IN3000 Direct,,product,Interruptores de seguridad (Safety switches),L,L-218,217,1,,Interruptores de seguridad sin contacto,www.mysick.com/es/IN3000_Direct,,15,,,,,,,,,,,,Conector M12 compatible con Flexi Loop,,,,,,,,,,,"{""Diseño"": ""Cilíndrico"", ""Diámetro de la carcasa"": ""M12"", ""Tipo de montaje"": ""No enrasado""}",product_name;sensing_range_max_mm;connection
6044655,IN30-E0208K,IN3000 Direct,,product,Interruptores de seguridad (Safety switches),L,L-218,217,1,,Interruptores de seguridad sin contacto,www.mysick.com/es/IN3000_Direct,,15,,,,,,,,,,,,Conector M12 compatible con Flexi Loop,,,,,,,,,,,"{""Diseño"": ""Cilíndrico"", ""Diámetro de la carcasa"": ""M30"", ""Tipo de montaje"": ""No enrasado""}",product_name;sensing_range_max_mm;connection
6050281,IN40-E0109K,IN4000 Direct,,product,Interruptores de seguridad (Safety switches),L,L-219,218,1,,Interruptor de seguridad sin contacto con dos salidas de seguridad OSSD,www.mysick.com/es/IN4000_Direct,,20,,,,,,,,,,,,,,,,,,,,,,,"{""Diseño"": ""Rectangular"", ""Tipo de montaje"": ""No enrasado""}",product_name;sensing_range_max_mm
1043783,FX3-CPU000000,Flexi Soft,FX3-CPU,product,Soluciones de control de seguridad sens:Control (Safety control),M,M-222,221,1,,Módulos principales,www.mysick.com/es/Flexi_Soft,,,,,,,,,,,,,,,,,,,,,,,,,"{""Número de interfaces EFI"": ""0""}",other_specs
1043784,FX3-CPU130002,Flexi Soft,FX3-CPU,product,Soluciones de control de seguridad sens:Control (Safety control),M,M-222,221,1,,Módulos principales,www.mysick.com/es/Flexi_Soft,,,,,,,,,,,,,,,,,,,,,,,,,"{""Número de interfaces EFI"": ""0""}",other_specs
1044072,FX0-GENT00000,Flexi Soft,FX0-G,product,Soluciones de control de seguridad sens:Control (Safety control),M,M-222,221,1,,Pasarelas,www.mysick.com/es/Flexi_Soft,,,,,,,,,,,,,,,,,,,,,,,,,"{""Bus de campo, red industrial"": ""EtherNet/IP""}",
1044073,FX0-GMOD00000,Flexi Soft,FX0-G,product,Soluciones de control de seguridad sens:Control (Safety control),M,M-222,221,1,,Pasarelas,www.mysick.com/es/Flexi_Soft,,,,,,,,,,,,,,,,,,,,,,,,,"{""Bus de campo, red industrial"": ""Modbus TCP""}",
1044074,FX0-GPNT00000,Flexi Soft,FX0-G,product,Soluciones de control de seguridad sens:Control (Safety control),M,M-222,221,1,,Pasarelas,www.mysick.com/es/Flexi_Soft,,,,,,,,,,,,,,,,,,,,,,,,,"{""Bus de campo, red industrial"": ""PROFINET""}",
1044075,FX0-GPRO00000,Flexi Soft,FX0-G,product,Soluciones de control de seguridad sens:Control (Safety control),M,M-222,221,1,,Pasarelas,www.mysick.com/es/Flexi_Soft,,,,,,,,,,,,,,,,,,,,,,,,,"{""Bus de campo, red industrial"": ""PROFIBUS DP""}",
1044076,FX0-GCAN00000,Flexi Soft,FX0-G,product,Soluciones de control de seguridad sens:Control (Safety control),M,M-222,221,1,,Pasarelas,www.mysick.com/es/Flexi_Soft,,,,,,,,,,,,,,,,,,,,,,,,,"{""Bus de campo, red industrial"": ""CANopen""}",
1044077,FX0-GDEV00000,Flexi Soft,FX0-G,product,Soluciones de control de seguridad sens:Control (Safety control),M,M-222,221,1,,Pasarelas,www.mysick.com/es/Flexi_Soft,,,,,,,,,,,,,,,,,,,,,,,,,"{""Bus de campo, red industrial"": ""DeviceNet""}",
1051432,FX0-GETC00000,Flexi Soft,FX0-G,product,Soluciones de control de seguridad sens:Control (Safety control),M,M-222,221,1,,Pasarelas,www.mysick.com/es/Flexi_Soft,,,,,,,,,,,,,,,,,,,,,,,,,"{""Bus de campo, red industrial"": ""EtherCAT""}",
1058999,FX3-CPU230002,Flexi Soft,FX3-CPU,product,Soluciones de control de seguridad sens:Control (Safety control),M,M-222,221,1,,Módulos principales,www.mysick.com/es/Flexi_Soft,,,,,,,,,,,,,,,,,,,,,,,,,"{""Número de interfaces EFI"": ""2""}",other_specs
1059305,FX3-CPU320002,Flexi Soft,FX3-CPU,product,Soluciones de control de seguridad sens:Control (Safety control),M,M-222,221,1,,Módulos principales,www.mysick.com/es/Flexi_Soft,,,,,,,,,,,,,,,,,,,,,,,,,"{""Número de interfaces EFI"": ""2""}",other_specs
1043700,FX3-MPL000001,Flexi Soft,,accessory,Soluciones de control de seguridad sens:Control (Safety control),M,M-223,222,1,,,,,,,,,,,,,,,,,,,,,,,,,,,"Para FX3-CPU0 y FX3-CPU1, almacenamiento de la configuración del sistema sin dispositivos EFI",,short_description
1043918,UE12-2FG3D0,UE12,,product,Soluciones de control de seguridad sens:Control (Safety control),M,M-223,222,1,,Módulo de relés,,,,,,,,,,,,,,,,,,,,,,,,,,"{""Número de contactos"": ""2"", ""Número de contactos para señalización"": ""0"", ""Número de contactos de señal de confirmación"": ""1""}",product_name
1044124,FX3-XTDI80002,Flexi Soft,,product,Soluciones de control de seguridad sens:Control (Safety control),M,M-223,222,1,,Módulo de E/S,,,,,,,,,,,,,,,,,,,,,,,,,,,product_name
1044125,FX3-XTIO84002,Flexi Soft,,product,Soluciones de control de seguridad sens:Control (Safety control),M,M-223,222,1,,Módulo de E/S,,,,,,,,,,,,,,,,,,,,,,,,,,,product_name
1047162,FX3-MPL100001,Flexi Soft,,accessory,Soluciones de control de seguridad sens:Control (Safety control),M,M-223,222,1,,,,,,,,,,,,,,,,,,,,,,,,,,,"Para FX3-CPU2 y FX3-CPU3, almacenamiento de la configuración del sistema, incluyendo dispositivos EFI a través de Automatic Configuration Recovery (ACR)",,short_description
1061777,FX3-XTDS84002,Flexi Soft,,product,Soluciones de control de seguridad sens:Control (Safety control),M,M-223,222,1,,Módulo de E/S,,,,,,,,,,,,,,,,,,,,,,,,,,,product_name
1061778,FX0-STIO68002,Flexi Soft,,product,Soluciones de control de seguridad sens:Control (Safety control),M,M-223,222,1,,Módulo de E/S,,,,,,,,,,,,,,,,,,,,,,,,,,"{""Compatibles con Flexi Loop"": ""–"", ""Número de entradas seguras"": ""0"", ""Número de entradas no seguras"": ""6 ... 8"", ""Número de salidas de señales de pulsos"": ""0"", ""Número de salidas seguras"": ""0"", ""Número de salidas no seguras"": ""6 ... 8""}",product_name;other_specs
6021195,DSL-8D04G02M025KM1,,,accessory,Soluciones de control de seguridad sens:Control (Safety control),M,M-223,222,1,,,,,,,,,,,,,,,,,,,,,,,,,,,"Cabezal A: conector macho M8 de 4 polos, recto; Cabezal B: conector hembra D-Sub de 9 polos, recto; Cable: PVC, sin apantallar, 2 m; Para conectar el conector de configuración con la interfaz serie del PC",,short_description
6029448,,,,accessory,Soluciones de control de seguridad sens:Control (Safety control),M,M-223,222,1,,,,,,,,,,,,,,,,,,,,,,,,,,,"Cabezal A: cable; Cabezal B: cable; Cable: PVC, apantallado; Apropiado para la comunicación EFI","{""Tipo"": ""Cable de conexión EFI""}",short_description
6032676,UE410-4RO4,UE410,,product,Soluciones de control de seguridad sens:Control (Safety control),M,M-223,222,1,,Módulo de relés,,,,,,,,,,,,,,,,,,,,,,,,,,"{""Número de contactos"": ""4"", ""Número de contactos para señalización"": ""2"", ""Número de contactos de señal de confirmación"": ""2""}",product_name
6032677,UE410-2RO4,UE410,,product,Soluciones de control de seguridad sens:Control (Safety control),M,M-223,222,1,,Módulo de relés,,,,,,,,,,,,,,,,,,,,,,,,,,"{""Número de contactos"": ""2"", ""Número de contactos para señalización"": ""1"", ""Número de contactos de señal de confirmación"": ""1""}",product_name
6034249,,,,accessory,Soluciones de control de seguridad sens:Control (Safety control),M,M-223,222,1,,,,,,,,,,,,,,,,,,,,,,,,,,,"Cabezal A: extremos de cable sueltos; Cabezal B: cable; Cable: Flexi Link, apantallado","{""Tipo"": ""Cable Flexi Link""}",short_description
6036342,,,,accessory,Soluciones de control de seguridad sens:Control (Safety control),M,M-223,222,1,,,,,,,,,,,,,,,,,,,,,,,,,,,"Cabezal A: conector macho M8 de 4 polos, acodado; Cabezal B: cable; Cable: TPU, sin halógenos, no apantallado, 3 m; Para conectar el conector de configuración con la interfaz serie de un PLC","{""Tipo"": ""Cable de conexión""}",short_description
6042517,,,,accessory,Soluciones de control de seguridad sens:Control (Safety control),M,M-223,222,1,,,,,,,,,,,,,,,,,,,,,,,,,,,"Cabezal A: conector macho, USB-A, recto; Cabezal B: conector macho, Mini-USB, recto; Cable: USB, apantallado, 3 m","{""Tipo"": ""Cable de conexión (conector macho - conector macho)""}",short_description
6034245,MOC3SA-AAB43D31,MOC3SA,,product,Soluciones de control de seguridad sens:Control (Safety control),M,M-224,223,1,,Monitorización de velocidad y parada segura,www.mysick.com/es/Speed_Monitor,,,,,,,,,,,,,,Terminales roscados,,,,,,,,,,,"{""Límite de revoluciones regulable"": ""0,1 Hz ... 9,9 Hz""}",product_name
6034246,MOC3SA-AAB44D31,MOC3SA,,product,Soluciones de control de seguridad sens:Control (Safety control),M,M-224,223,1,,Monitorización de velocidad y parada segura,www.mysick.com/es/Speed_Monitor,,,,,,,,,,,,,,Bornes de muelles,,,,,,,,,,,"{""Límite de revoluciones regulable"": ""0,1 Hz ... 9,9 Hz""}",product_name
6034247,MOC3SA-BAB43D31,MOC3SA,,product,Soluciones de control de seguridad sens:Control (Safety control),M,M-224,223,1,,Monitorización de velocidad y parada segura,www.mysick.com/es/Speed_Monitor,,,,,,,,,,,,,,Terminales roscados,,,,,,,,,,,"{""Límite de revoluciones regulable"": ""0,5 Hz ... 99 Hz""}",product_name
6034248,MOC3SA-BAB44D31,MOC3SA,,product,Soluciones de control de seguridad sens:Control (Safety control),M,M-224,223,1,,Monitorización de velocidad y parada segura,www.mysick.com/es/Speed_Monitor,,,,,,,,,,,,,,Bornes de muelles,,,,,,,,,,,"{""Límite de revoluciones regulable"": ""0,5 Hz ... 99 Hz""}",product_name
6044981,MOC3ZA-KAZ33D3,Standstill Monitor,MOC3ZA,product,Soluciones de control de seguridad sens:Control (Safety control),M,M-225,224,1,,Supervisión de parada mediante la medición de la tensión residual,www.mysick.com/es/Standstill_Monitor,,,24,24,,,,,,,,,,Terminales roscados,,,,,,,,,,,,product_name
6044982,MOC3ZA-KAZ33A3,Standstill Monitor,MOC3ZA,product,Soluciones de control de seguridad sens:Control (Safety control),M,M-225,224,1,,Supervisión de parada mediante la medición de la tensión residual,www.mysick.com/es/Standstill_Monitor,,,230,230,,,,,,,,,,Terminales roscados,,,,,,,,,,,"{""Tipo de tensión de alimentación"": ""CA""}",product_name
6044983,MOC3ZA-KAZ33A6,Standstill Monitor,MOC3ZA,product,Soluciones de control de seguridad sens:Control (Safety control),M,M-225,224,1,,Supervisión de parada mediante la medición de la tensión residual,www.mysick.com/es/Standstill_Monitor,,,400,400,,,,,,,,,,Terminales roscados,,,,,,,,,,,"{""Tipo de tensión de alimentación"": ""CA""}",product_name
6047864,MOC3ZA-KAZ34A6,Standstill Monitor,MOC3ZA,product,Soluciones de control de seguridad sens:Control (Safety control),M,M-225,224,1,,Supervisión de parada mediante la medición de la tensión residual,www.mysick.com/es/Standstill_Monitor,,,400,400,,,,,,,,,,Bornes de muelles,,,,,,,,,,,"{""Tipo de tensión de alimentación"": ""CA""}",product_name
6047865,MOC3ZA-KAZ34A3,Standstill Monitor,MOC3ZA,product,Soluciones de control de seguridad sens:Control (Safety control),M,M-225,224,1,,Supervisión de parada mediante la medición de la tensión residual,www.mysick.com/es/Standstill_Monitor,,,230,230,,,,,,,,,,Bornes de muelles,,,,,,,,,,,"{""Tipo de tensión de alimentación"": ""CA""}",product_name
6047866,MOC3ZA-KAZ34D3,Standstill Monitor,MOC3ZA,product,Soluciones de control de seguridad sens:Control (Safety control),M,M-225,224,1,,Supervisión de parada mediante la medición de la tensión residual,www.mysick.com/es/Standstill_Monitor,,,24,24,,,,,,,,,,Bornes de muelles,,,,,,,,,,,,product_name
1043915,UE10-2FG2D0,UE10-2FG,,product,Soluciones de control de seguridad sens:Control (Safety control),M,M-226,225,1,,Relés de seguridad,www.mysick.com/es/UE10-2FG,,,,,,10,,,,,,,,Terminales roscados,,,,,,,,,,,,product_name;response_time_ms
1043916,UE10-2FG3D0,UE10-2FG,,product,Soluciones de control de seguridad sens:Control (Safety control),M,M-226,225,2,M-223,Relés de seguridad,www.mysick.com/es/UE10-2FG,,,,,,10,,,,,,,,Terminales roscados conectables,,,,,,,,,,,,product_name;response_time_ms
6024917,UE10-3OS2D0,UE10-3OS,,product,Soluciones de control de seguridad sens:Control (Safety control),M,M-227,226,1,,"Relés de seguridad, 3 salidas de seguridad, 1 salida de aviso",www.mysick.com/es/UE10-3OS,,,,,,,,,,,,,,Terminales roscados,,,,,,,,,,,,product_name
6024918,UE10-3OS3D0,UE10-3OS,,product,Soluciones de control de seguridad sens:Control (Safety control),M,M-227,226,1,,"Relés de seguridad, 3 salidas de seguridad, 1 salida de aviso",www.mysick.com/es/UE10-3OS,,,,,,,,,,,,,,Terminales roscados conectables,,,,,,,,,,,,product_name
6034595,UE23-3MF2D2,UE23-3MF,,product,Soluciones de control de seguridad sens:Control (Safety control),M,M-228,227,1,,Relés de seguridad,www.mysick.com/es/UE23-3MF,,,24,24,,,,,,,,,,,,,,,,,,,,,"{""Tensión de alimentación"": ""24 V CC""}",product_name
6034597,UE23-3MF2A3,UE23-3MF,,product,Soluciones de control de seguridad sens:Control (Safety control),M,M-228,227,1,,Relés de seguridad,www.mysick.com/es/UE23-3MF,,,230,230,,,,,,,,,,,,,,,,,,,,,"{""Tensión de alimentación"": ""230 V CA""}",product_name
6024915,UE48-2OS2D2,UE48-2OS,,product,Soluciones de control de seguridad sens:Control (Safety control),M,M-229,228,2,K-189,"Relé de seguridad, 2 salidas de seguridad, 1 salida de aviso",www.mysick.com/es/UE48-2OS,,,,,,,,,,,,,,Terminales roscados,,,,,,,,,,,,product_name
6024916,UE48-2OS3D2,UE48-2OS,,product,Soluciones de control de seguridad sens:Control (Safety control),M,M-229,228,1,,"Relé de seguridad, 2 salidas de seguridad, 1 salida de aviso",www.mysick.com/es/UE48-2OS,,,,,,,,,,,,,,Terminales roscados conectables,,,,,,,,,,,,product_name
1036726,DFS60A-S4PC65536,DFS60,,product,Encoders,N,N-232,231,1,,Encoders incrementales,www.mysick.com/es/DFS60,,,,,,,,,,65536,impulsos por revolución,,,"conector macho M12 de 8 polos, radial",,,,,,,,,TTL/HTL programable,,"{""Características mecánicas"": ""Eje macizo, brida clamping"", ""Diámetro del eje"": ""10 mm""}",product_name;resolution_unit
1036761,DFS60A-S1PC65536,DFS60,,product,Encoders,N,N-232,231,1,,Encoders incrementales,www.mysick.com/es/DFS60,,,,,,,,,,65536,impulsos por revolución,,,"conector macho M12 de 8 polos, radial",,,,,,,,,TTL/HTL programable,,"{""Características mecánicas"": ""Eje macizo, brida servo"", ""Diámetro del eje"": ""6 mm""}",product_name;resolution_unit
1036815,DFS60A-BDPC65536,DFS60,,product,Encoders,N,N-232,231,1,,Encoders incrementales,www.mysick.com/es/DFS60,,,,,,,,,,65536,impulsos por revolución,,,"conector macho M12 de 8 polos, radial",,,,,,,,,TTL/HTL programable,,"{""Características mecánicas"": ""Eje hueco desmontable"", ""Diámetro del eje"": ""10 mm""}",product_name;resolution_unit
1036816,DFS60A-BEPC65536,DFS60,,product,Encoders,N,N-232,231,1,,Encoders incrementales,www.mysick.com/es/DFS60,,,,,,,,,,65536,impulsos por revolución,,,"conector macho M12 de 8 polos, radial",,,,,,,,,TTL/HTL programable,,"{""Características mecánicas"": ""Eje hueco desmontable"", ""Diámetro del eje"": ""12 mm""}",product_name;resolution_unit
1036817,DFS60A-BFPC65536,DFS60,,product,Encoders,N,N-232,231,1,,Encoders incrementales,www.mysick.com/es/DFS60,,,,,,,,,,65536,impulsos por revolución,,,"conector macho M12 de 8 polos, radial",,,,,,,,,TTL/HTL programable,,"{""Características mecánicas"": ""Eje hueco desmontable"", ""Diámetro del eje"": ""1/2\""""}",product_name;resolution_unit
1036819,DFS60A-BHPC65536,DFS60,,product,Encoders,N,N-232,231,1,,Encoders incrementales,www.mysick.com/es/DFS60,,,,,,,,,,65536,impulsos por revolución,,,"conector macho M12 de 8 polos, radial",,,,,,,,,TTL/HTL programable,,"{""Características mecánicas"": ""Eje hueco desmontable"", ""Diámetro del eje"": ""15 mm""}",product_name;resolution_unit
1036955,DFS60A-TDPC65536,DFS60,,product,Encoders,N,N-232,231,1,,Encoders incrementales,www.mysick.com/es/DFS60,,,,,,,,,,65536,impulsos por revolución,,,"conector macho M12 de 8 polos, radial",,,,,,,,,TTL/HTL programable,,"{""Características mecánicas"": ""Eje hueco pasante"", ""Diámetro del eje"": ""10 mm""}",product_name;resolution_unit
1036956,DFS60A-TEPC65536,DFS60,,product,Encoders,N,N-232,231,1,,Encoders incrementales,www.mysick.com/es/DFS60,,,,,,,,,,65536,impulsos por revolución,,,"conector macho M12 de 8 polos, radial",,,,,,,,,TTL/HTL programable,,"{""Características mecánicas"": ""Eje hueco pasante"", ""Diámetro del eje"": ""12 mm""}",product_name;resolution_unit
1036957,DFS60A-TFPC65536,DFS60,,product,Encoders,N,N-232,231,1,,Encoders incrementales,www.mysick.com/es/DFS60,,,,,,,,,,65536,impulsos por revolución,,,"conector macho M12 de 8 polos, radial",,,,,,,,,TTL/HTL programable,,"{""Características mecánicas"": ""Eje hueco pasante"", ""Diámetro del eje"": ""1/2\""""}",product_name;resolution_unit
1036959,DFS60A-THPC65536,DFS60,,product,Encoders,N,N-232,231,1,,Encoders incrementales,www.mysick.com/es/DFS60,,,,,,,,,,65536,impulsos por revolución,,,"conector macho M12 de 8 polos, radial",,,,,,,,,TTL/HTL programable,,"{""Características mecánicas"": ""Eje hueco pasante"", ""Diámetro del eje"": ""15 mm""}",product_name;resolution_unit
1036616,PGT-08-S,DFS60,,accessory,Encoders,N,N-233,232,2,N-237,,,,,,,,,,,,,,,,,,,,,,,,,,"Dispositivo de programación USB, para encoders SICK programables AFS60, AFM60, DFS60, VFS60, DFV60 y encoder de cable con encoders programables.",,
1052967,PGT-10-S,DFS60,,accessory,Encoders,N,N-233,232,1,,,,,,,,,,,,,,,,,,,,,,,,,,,"Dispositivo de programación con pantalla para los encoders incrementales programables de SICK DFS60, VFS60, DFV60 y encoder de cable con DFS60. Dimensiones compactas, peso reducido y manejo intuitivo.",,
2029164,BEF-WF-36,DFS60,,accessory,Encoders,N,N-233,232,2,N-237,,,,,,,,,,,,,,,,,,,,,,,,,,"Escuadra de montaje para encoder con collar de centraje de 36 mm, con juego de fijación",,
2029166,BEF-WK-SF,DFS60,,accessory,Encoders,N,N-233,232,1,,,,,,,,,,,,,,,,,,,,,,,,,,,"Pinzas servo, grandes, para brida servo (mordazas de sujeción, excéntricas de fijación), (3 ud.), sin material de fijación",,
2046579,DSL-2D08-G0M5AC3,DFS60,,accessory,Encoders,N,N-233,232,1,,,,,,,,,,,,,,,,,,,,,,,,,,,"Cabezal A: conector macho D-Sub de 9 polos, recto Cabezal B: conector hembra M12 de 8 polos, recto Cable: incremental, apantallado, 0,5 m",,
5312981,KUP-0606-B,DFS60,,accessory,Encoders,N,N-233,232,2,N-237,,,,,,,,,,,,,,,,,,,,,,,,,,"Acoplamiento de fuelle, diámetro del eje 6 mm / 6 mm",,
5312982,KUP-0610-B,DFS60,,accessory,Encoders,N,N-233,232,2,N-237,,,,,,,,,,,,,,,,,,,,,,,,,,"Acoplamiento de fuelle, diámetro del eje 6 mm / 10 mm",,
5312988,BEF-MR-010020,DFS60,,accessory,Encoders,N,N-233,232,1,,,,,,,,,,,,,,,,,,,,,,,,,,,"Rueda de medición con superficie de plástico lisa (Hytrel) para eje macizo de 10 mm, perímetro de 200 mm",,
6032867,DOL-1208-G05MAC1,DFS60,,accessory,Encoders,N,N-233,232,2,N-237,,,,,,,,,,,,,,,,,,,,,,,,,,"Cabezal A: conector hembra M12 de 8 polos, recto Cable: apantallado, 5 m",,
6045001,DOS-1208-GA01,DFS60,,accessory,Encoders,N,N-233,232,3,N-235;N-237,,,,,,,,,,,,,,,,,,,,,,,,,,"Cabezal A: conector hembra M12 de 8 polos, codificación A Cabezal B: - Cable: incremental, SSI, apantallado",,
1058602,DBS36E-S3AK02048,DBS36,DBS36E,product,Encoders,N,N-234,233,1,,Encoders incrementales,www.mysick.com/es/DBS36,,,,,,,,-20,85,2048,impulsos por revolución,,,"cable de 8 hilos, universal, 1,5 m",,,,,,,IP 65,,TTL/RS422,,"{""Características mecánicas"": ""Eje macizo, brida clamping"", ""Diámetro del eje"": ""6 mm""}",product_name;operating_temp_min_c;operating_temp_max_c;enclosure_rating;connection
1059907,DBS36E-S3EK02048,DBS36,DBS36E,product,Encoders,N,N-234,233,1,,Encoders incrementales,www.mysick.com/es/DBS36,,,,,,,,-20,85,2048,impulsos por revolución,,,"cable de 8 hilos, universal, 1,5 m",,,,,,,IP 65,,HTL/Push pull,,"{""Características mecánicas"": ""Eje macizo, brida clamping"", ""Diámetro del eje"": ""6 mm""}",product_name;operating_temp_min_c;operating_temp_max_c;enclosure_rating;connection
1060144,DBS36E-S3AK01024,DBS36,DBS36E,product,Encoders,N,N-234,233,1,,Encoders incrementales,www.mysick.com/es/DBS36,,,,,,,,-20,85,1024,impulsos por revolución,,,"cable de 8 hilos, universal, 1,5 m",,,,,,,IP 65,,TTL/RS422,,"{""Características mecánicas"": ""Eje macizo, brida clamping"", ""Diámetro del eje"": ""6 mm""}",product_name;operating_temp_min_c;operating_temp_max_c;enclosure_rating;connection
1060535,DBS36E-S3AK00100,DBS36,DBS36E,product,Encoders,N,N-234,233,1,,Encoders incrementales,www.mysick.com/es/DBS36,,,,,,,,-20,85,100,impulsos por revolución,,,"cable de 8 hilos, universal, 1,5 m",,,,,,,IP 65,,TTL/RS422,,"{""Características mecánicas"": ""Eje macizo, brida clamping"", ""Diámetro del eje"": ""6 mm""}",product_name;operating_temp_min_c;operating_temp_max_c;enclosure_rating;connection
1060536,DBS36E-S3AK00360,DBS36,DBS36E,product,Encoders,N,N-234,233,1,,Encoders incrementales,www.mysick.com/es/DBS36,,,,,,,,-20,85,360,impulsos por revolución,,,"cable de 8 hilos, universal, 1,5 m",,,,,,,IP 65,,TTL/RS422,,"{""Características mecánicas"": ""Eje macizo, brida clamping"", ""Diámetro del eje"": ""6 mm""}",product_name;operating_temp_min_c;operating_temp_max_c;enclosure_rating;connection
1060538,DBS36E-S3AK00500,DBS36,DBS36E,product,Encoders,N,N-234,233,1,,Encoders incrementales,www.mysick.com/es/DBS36,,,,,,,,-20,85,500,impulsos por revolución,,,"cable de 8 hilos, universal, 1,5 m",,,,,,,IP 65,,TTL/RS422,,"{""Características mecánicas"": ""Eje macizo, brida clamping"", ""Diámetro del eje"": ""6 mm""}",product_name;operating_temp_min_c;operating_temp_max_c;enclosure_rating;connection
1060539,DBS36E-S3AK01000,DBS36,DBS36E,product,Encoders,N,N-234,233,1,,Encoders incrementales,www.mysick.com/es/DBS36,,,,,,,,-20,85,1000,impulsos por revolución,,,"cable de 8 hilos, universal, 1,5 m",,,,,,,IP 65,,TTL/RS422,,"{""Características mecánicas"": ""Eje macizo, brida clamping"", ""Diámetro del eje"": ""6 mm""}",product_name;operating_temp_min_c;operating_temp_max_c;enclosure_rating;connection
1060540,DBS36E-S3EK00100,DBS36,DBS36E,product,Encoders,N,N-234,233,1,,Encoders incrementales,www.mysick.com/es/DBS36,,,,,,,,-20,85,100,impulsos por revolución,,,"cable de 8 hilos, universal, 1,5 m",,,,,,,IP 65,,HTL/Push pull,,"{""Características mecánicas"": ""Eje macizo, brida clamping"", ""Diámetro del eje"": ""6 mm""}",product_name;operating_temp_min_c;operating_temp_max_c;enclosure_rating;connection
1060541,DBS36E-S3EK00360,DBS36,DBS36E,product,Encoders,N,N-234,233,1,,Encoders incrementales,www.mysick.com/es/DBS36,,,,,,,,-20,85,360,impulsos por revolución,,,"cable de 8 hilos, universal, 1,5 m",,,,,,,IP 65,,HTL/Push pull,,"{""Características mecánicas"": ""Eje macizo, brida clamping"", ""Diámetro del eje"": ""6 mm""}",product_name;operating_temp_min_c;operating_temp_max_c;enclosure_rating;connection
1060543,DBS36E-S3EK00500,DBS36,DBS36E,product,Encoders,N,N-234,233,1,,Encoders incrementales,www.mysick.com/es/DBS36,,,,,,,,-20,85,500,impulsos por revolución,,,"cable de 8 hilos, universal, 1,5 m",,,,,,,IP 65,,HTL/Push pull,,"{""Características mecánicas"": ""Eje macizo, brida clamping"", ""Diámetro del eje"": ""6 mm""}",product_name;operating_temp_min_c;operating_temp_max_c;enclosure_rating;connection
1060544,DBS36E-S3EK01000,DBS36,DBS36E,product,Encoders,N,N-234,233,1,,Encoders incrementales,www.mysick.com/es/DBS36,,,,,,,,-20,85,1000,impulsos por revolución,,,"cable de 8 hilos, universal, 1,5 m",,,,,,,IP 65,,HTL/Push pull,,"{""Características mecánicas"": ""Eje macizo, brida clamping"", ""Diámetro del eje"": ""6 mm""}",product_name;operating_temp_min_c;operating_temp_max_c;enclosure_rating;connection
1060545,DBS36E-S3EK01024,DBS36,DBS36E,product,Encoders,N,N-234,233,1,,Encoders incrementales,www.mysick.com/es/DBS36,,,,,,,,-20,85,1024,impulsos por revolución,,,"cable de 8 hilos, universal, 1,5 m",,,,,,,IP 65,,HTL/Push pull,,"{""Características mecánicas"": ""Eje macizo, brida clamping"", ""Diámetro del eje"": ""6 mm""}",product_name;operating_temp_min_c;operating_temp_max_c;enclosure_rating;connection
1058603,DBS36E-BBAK02048,DBS36,DBS36E,product,Encoders,N,N-235,234,1,,Encoders incrementales,,,,,,,,,,,2048,ppr,,,,,,,,,,,,TTL/RS422,,"{""Diámetro del eje"": ""8 mm"", ""Características mecánicas"": ""Eje hueco desmontable""}",resolution_unit
1059910,DBS36E-BBEK02048,DBS36,DBS36E,product,Encoders,N,N-235,234,1,,Encoders incrementales,,,,,,,,,,,2048,ppr,,,,,,,,,,,,HTL/Push pull,,"{""Diámetro del eje"": ""8 mm"", ""Características mecánicas"": ""Eje hueco desmontable""}",resolution_unit
1060147,DBS36E-BBAK01024,DBS36,DBS36E,product,Encoders,N,N-235,234,1,,Encoders incrementales,,,,,,,,,,,1024,ppr,,,,,,,,,,,,TTL/RS422,,"{""Diámetro del eje"": ""8 mm"", ""Características mecánicas"": ""Eje hueco desmontable""}",resolution_unit
1060524,DBS36E-BBAK00100,DBS36,DBS36E,product,Encoders,N,N-235,234,1,,Encoders incrementales,,,,,,,,,,,100,ppr,,,,,,,,,,,,TTL/RS422,,"{""Diámetro del eje"": ""8 mm"", ""Características mecánicas"": ""Eje hueco desmontable""}",resolution_unit
1060525,DBS36E-BBAK00360,DBS36,DBS36E,product,Encoders,N,N-235,234,1,,Encoders incrementales,,,,,,,,,,,360,ppr,,,,,,,,,,,,TTL/RS422,,"{""Diámetro del eje"": ""8 mm"", ""Características mecánicas"": ""Eje hueco desmontable""}",resolution_unit
1060528,DBS36E-BBAK01000,DBS36,DBS36E,product,Encoders,N,N-235,234,1,,Encoders incrementales,,,,,,,,,,,1000,ppr,,,,,,,,,,,,TTL/RS422,,"{""Diámetro del eje"": ""8 mm"", ""Características mecánicas"": ""Eje hueco desmontable""}",resolution_unit
1060529,DBS36E-BBEK00100,DBS36,DBS36E,product,Encoders,N,N-235,234,1,,Encoders incrementales,,,,,,,,,,,100,ppr,,,,,,,,,,,,HTL/Push pull,,"{""Diámetro del eje"": ""8 mm"", ""Características mecánicas"": ""Eje hueco desmontable""}",resolution_unit
1060530,DBS36E-BBEK00360,DBS36,DBS36E,product,Encoders,N,N-235,234,1,,Encoders incrementales,,,,,,,,,,,360,ppr,,,,,,,,,,,,HTL/Push pull,,"{""Diámetro del eje"": ""8 mm"", ""Características mecánicas"": ""Eje hueco desmontable""}",resolution_unit
1060532,DBS36E-BBEK00500,DBS36,DBS36E,product,Encoders,N,N-235,234,1,,Encoders incrementales,,,,,,,,,,,500,ppr,,,,,,,,,,,,HTL/Push pull,,"{""Diámetro del eje"": ""8 mm"", ""Características mecánicas"": ""Eje hueco desmontable""}",resolution_unit
1060533,DBS36E-BBEK01000,DBS36,DBS36E,product,Encoders,N,N-235,234,1,,Encoders incrementales,,,,,,,,,,,1000,ppr,,,,,,,,,,,,HTL/Push pull,,"{""Diámetro del eje"": ""8 mm"", ""Características mecánicas"": ""Eje hueco desmontable""}",resolution_unit
1060534,DBS36E-BBEK01024,DBS36,DBS36E,product,Encoders,N,N-235,234,1,,Encoders incrementales,,,,,,,,,,,1024,ppr,,,,,,,,,,,,HTL/Push pull,,"{""Diámetro del eje"": ""8 mm"", ""Características mecánicas"": ""Eje hueco desmontable""}",resolution_unit
2039082,BEF-WK-RESOL,DBS36,,accessory,Encoders,N,N-235,234,1,,,,,,,,,,,,,,,,,,,,,,,,,,,"Pinzas servo, pequeñas, para brida servo (mordazas de sujeción, excéntricas de fijación), (3 ud.), sin material de fijación",,
2056390,SPZ-006-DD36-A,DBS36,,accessory,Encoders,N,N-235,234,1,,,,,,,,,,,,,,,,,,,,,,,,,,,"Casquillo adaptador eje hueco desmontable, diámetro del eje 6 mm, diámetro exterior 8 mm",,
2066130,KUP-0608-MS,DBS36,,accessory,Encoders,N,N-235,234,1,,,,,,,,,,,,,,,,,,,,,,,,,,,"Acoplamiento, diámetro del eje 6 mm / 8 mm",,
2066285,KUP-0606-MS,DBS36,,accessory,Encoders,N,N-235,234,1,,,,,,,,,,,,,,,,,,,,,,,,,,,"Acoplamiento, diámetro del eje 6 mm / 6 mm",,
2066298,KUP-0610-MS,DBS36,,accessory,Encoders,N,N-235,234,1,,,,,,,,,,,,,,,,,,,,,,,,,,,"Acoplamiento, diámetro del eje 6 mm / 10 mm",,
2066991,SPZ-005-AD-A,DBS36,,accessory,Encoders,N,N-235,234,1,,,,,,,,,,,,,,,,,,,,,,,,,,,"Casquillo adaptador eje hueco desmontable, diámetro del eje 5 mm",,
6027529,LTG-2308-MWENC,DBS36,,accessory,Encoders,N,N-235,234,1,,,,,,,,,,,,,,,,,,,,,,,,,,,"Cabezal A: cable; Cabezal B: cable; Cable: SSI, SSI, apto para cadenas portacables, TPU, sin halógenos, apantallado",,
6044892,STE-1208-GA01,DBS36,,accessory,Encoders,N,N-235,234,1,,,,,,,,,,,,,,,,,,,,,,,,,,,"Cabezal A: conector macho M12 de 8 polos, codificación A; Cabezal B: -; Cable: incremental, apantallado",,
1037484,AFS60B-S4PC032768,AFS/AFM60 SSI,AFS60,product,Encoders,N,N-236,235,1,,Encoder absoluto de alta resolución,www.mysick.com/es/AFS_AFM60_SSI,,,4.5,32,,,,-30,100,,,,,"conector macho M12 de 8 polos, radial",,,,,,,"IP 67 (carcasa), IP 65 (eje)",,"SSI/Gray, programable",,"{""Características mecánicas"": ""Eje macizo, aplanado, brida clamping"", ""Diámetro del eje"": ""10 mm, 19 mm"", ""Resolución"": ""32.768 x 1"", ""Pasos"": ""≤ 32.768""}",product_name;enclosure_rating;operating_temp_min_c;operating_temp_max_c
1037494,AFS60B-S1PC032768,AFS/AFM60 SSI,AFS60,product,Encoders,N,N-236,235,1,,Encoder absoluto de alta resolución,www.mysick.com/es/AFS_AFM60_SSI,,,4.5,32,,,,-30,100,,,,,"conector macho M12 de 8 polos, radial",,,,,,,"IP 67 (carcasa), IP 65 (eje)",,"SSI/Gray, programable",,"{""Características mecánicas"": ""Eje macizo, brida servo"", ""Diámetro del eje"": ""6 mm, 10 mm"", ""Resolución"": ""32.768 x 1"", ""Pasos"": ""≤ 32.768""}",product_name;enclosure_rating;operating_temp_min_c;operating_temp_max_c
1037504,AFM60B-S4PC032768,AFS/AFM60 SSI,AFM60,product,Encoders,N,N-236,235,1,,Encoder absoluto de alta resolución,www.mysick.com/es/AFS_AFM60_SSI,,,4.5,32,,,,-30,100,,,,,"conector macho M12 de 8 polos, radial",,,,,,,"IP 67 (carcasa), IP 65 (eje)",,"SSI/Gray, programable",,"{""Características mecánicas"": ""Eje macizo, aplanado, brida clamping"", ""Diámetro del eje"": ""10 mm, 19 mm"", ""Resolución"": ""32.768 x 4.096"", ""Pasos"": ""≤ 32.768""}",product_name;enclosure_rating;operating_temp_min_c;operating_temp_max_c
1037514,AFM60B-S1PC032768,AFS/AFM60 SSI,AFM60,product,Encoders,N,N-236,235,1,,Encoder absoluto de alta resolución,www.mysick.com/es/AFS_AFM60_SSI,,,4.5,32,,,,-30,100,,,,,"conector macho M12 de 8 polos, radial",,,,,,,"IP 67 (carcasa), IP 65 (eje)",,"SSI/Gray, programable",,"{""Características mecánicas"": ""Eje macizo, brida servo"", ""Diámetro del eje"": ""6 mm, 10 mm"", ""Resolución"": ""32.768 x 4.096"", ""Pasos"": ""≤ 32.768""}",product_name;enclosure_rating;operating_temp_min_c;operating_temp_max_c
1037927,AFS60B-BEPC032768,AFS/AFM60 SSI,AFS60,product,Encoders,N,N-236,235,1,,Encoder absoluto de alta resolución,www.mysick.com/es/AFS_AFM60_SSI,,,4.5,32,,,,-30,100,,,,,"conector macho M12 de 8 polos, radial",,,,,,,"IP 67 (carcasa), IP 65 (eje)",,"SSI/Gray, programable",,"{""Características mecánicas"": ""Eje hueco desmontable"", ""Diámetro del eje"": ""12 mm"", ""Resolución"": ""32.768 x 1"", ""Pasos"": ""≤ 32.768""}",product_name;enclosure_rating;operating_temp_min_c;operating_temp_max_c
1037941,AFS60B-TEPC032768,AFS/AFM60 SSI,AFS60,product,Encoders,N,N-236,235,1,,Encoder absoluto de alta resolución,www.mysick.com/es/AFS_AFM60_SSI,,,4.5,32,,,,-30,100,,,,,"conector macho M12 de 8 polos, radial",,,,,,,"IP 67 (carcasa), IP 65 (eje)",,"SSI/Gray, programable",,"{""Características mecánicas"": ""Eje hueco pasante"", ""Diámetro del eje"": ""12 mm"", ""Resolución"": ""32.768 x 1"", ""Pasos"": ""≤ 32.768""}",product_name;enclosure_rating;operating_temp_min_c;operating_temp_max_c
1038903,AFM60B-TEPC032768,AFS/AFM60 SSI,AFM60,product,Encoders,N,N-236,235,1,,Encoder absoluto de alta resolución,www.mysick.com/es/AFS_AFM60_SSI,,,4.5,32,,,,-30,100,,,,,"conector macho M12 de 8 polos, radial",,,,,,,"IP 67 (carcasa), IP 65 (eje)",,"SSI/Gray, programable",,"{""Características mecánicas"": ""Eje hueco pasante"", ""Diámetro del eje"": ""12 mm"", ""Resolución"": ""32.768 x 4.096"", ""Pasos"": ""≤ 32.768""}",product_name;enclosure_rating;operating_temp_min_c;operating_temp_max_c
1039024,AFS60B-BHPC032768,AFS/AFM60 SSI,AFS60,product,Encoders,N,N-236,235,1,,Encoder absoluto de alta resolución,www.mysick.com/es/AFS_AFM60_SSI,,,4.5,32,,,,-30,100,,,,,"conector macho M12 de 8 polos, radial",,,,,,,"IP 67 (carcasa), IP 65 (eje)",,"SSI/Gray, programable",,"{""Características mecánicas"": ""Eje hueco desmontable"", ""Diámetro del eje"": ""15 mm"", ""Resolución"": ""32.768 x 1"", ""Pasos"": ""≤ 32.768""}",product_name;enclosure_rating;operating_temp_min_c;operating_temp_max_c
1051052,AFS60B-BDPC032768,AFS/AFM60 SSI,AFS60,product,Encoders,N,N-236,235,1,,Encoder absoluto de alta resolución,www.mysick.com/es/AFS_AFM60_SSI,,,4.5,32,,,,-30,100,,,,,"conector macho M12 de 8 polos, radial",,,,,,,"IP 67 (carcasa), IP 65 (eje)",,"SSI/Gray, programable",,"{""Características mecánicas"": ""Eje hueco desmontable"", ""Diámetro del eje"": ""10 mm"", ""Resolución"": ""32.768 x 1"", ""Pasos"": ""≤ 32.768""}",product_name;enclosure_rating;operating_temp_min_c;operating_temp_max_c
1051069,AFS60B-TDPC032768,AFS/AFM60 SSI,AFS60,product,Encoders,N,N-236,235,1,,Encoder absoluto de alta resolución,www.mysick.com/es/AFS_AFM60_SSI,,,4.5,32,,,,-30,100,,,,,"conector macho M12 de 8 polos, radial",,,,,,,"IP 67 (carcasa), IP 65 (eje)",,"SSI/Gray, programable",,"{""Características mecánicas"": ""Eje hueco pasante"", ""Diámetro del eje"": ""10 mm"", ""Resolución"": ""32.768 x 1"", ""Pasos"": ""≤ 32.768""}",product_name;enclosure_rating;operating_temp_min_c;operating_temp_max_c
1051096,AFM60B-TDPC032768,AFS/AFM60 SSI,AFM60,product,Encoders,N,N-236,235,1,,Encoder absoluto de alta resolución,www.mysick.com/es/AFS_AFM60_SSI,,,4.5,32,,,,-30,100,,,,,"conector macho M12 de 8 polos, radial",,,,,,,"IP 67 (carcasa), IP 65 (eje)",,"SSI/Gray, programable",,"{""Características mecánicas"": ""Eje hueco pasante"", ""Diámetro del eje"": ""10 mm"", ""Resolución"": ""32.768 x 4.096"", ""Pasos"": ""≤ 32.768""}",product_name;enclosure_rating;operating_temp_min_c;operating_temp_max_c
1051111,AFM60B-BDPC032768,AFS/AFM60 SSI,AFM60,product,Encoders,N,N-236,235,1,,Encoder absoluto de alta resolución,www.mysick.com/es/AFS_AFM60_SSI,,,4.5,32,,,,-30,100,,,,,"conector macho M12 de 8 polos, radial",,,,,,,"IP 67 (carcasa), IP 65 (eje)",,"SSI/Gray, programable",,"{""Características mecánicas"": ""Eje hueco desmontable"", ""Diámetro del eje"": ""10 mm"", ""Resolución"": ""32.768 x 4.096"", ""Pasos"": ""≤ 32.768""}",product_name;enclosure_rating;operating_temp_min_c;operating_temp_max_c
1051112,AFM60B-BEPC032768,AFS/AFM60 SSI,AFM60,product,Encoders,N,N-236,235,1,,Encoder absoluto de alta resolución,www.mysick.com/es/AFS_AFM60_SSI,,,4.5,32,,,,-30,100,,,,,"conector macho M12 de 8 polos, radial",,,,,,,"IP 67 (carcasa), IP 65 (eje)",,"SSI/Gray, programable",,"{""Características mecánicas"": ""Eje hueco desmontable"", ""Diámetro del eje"": ""12 mm"", ""Resolución"": ""32.768 x 4.096"", ""Pasos"": ""≤ 32.768""}",product_name;enclosure_rating;operating_temp_min_c;operating_temp_max_c
1051522,AFS60B-THPC032768,AFS/AFM60 SSI,AFS60,product,Encoders,N,N-236,235,1,,Encoder absoluto de alta resolución,www.mysick.com/es/AFS_AFM60_SSI,,,4.5,32,,,,-30,100,,,,,"conector macho M12 de 8 polos, radial",,,,,,,"IP 67 (carcasa), IP 65 (eje)",,"SSI/Gray, programable",,"{""Características mecánicas"": ""Eje hueco pasante"", ""Diámetro del eje"": ""15 mm"", ""Resolución"": ""32.768 x 1"", ""Pasos"": ""≤ 32.768""}",product_name;enclosure_rating;operating_temp_min_c;operating_temp_max_c
1053067,AFM60B-THPC032768,AFS/AFM60 SSI,AFM60,product,Encoders,N,N-236,235,1,,Encoder absoluto de alta resolución,www.mysick.com/es/AFS_AFM60_SSI,,,4.5,32,,,,-30,100,,,,,"conector macho M12 de 8 polos, radial",,,,,,,"IP 67 (carcasa), IP 65 (eje)",,"SSI/Gray, programable",,"{""Características mecánicas"": ""Eje hueco pasante"", ""Diámetro del eje"": ""15 mm"", ""Resolución"": ""32.768 x 4.096"", ""Pasos"": ""≤ 32.768""}",product_name;enclosure_rating;operating_temp_min_c;operating_temp_max_c
1053813,AFM60B-BHPC032768,AFS/AFM60 SSI,AFM60,product,Encoders,N,N-236,235,1,,Encoder absoluto de alta resolución,www.mysick.com/es/AFS_AFM60_SSI,,,4.5,32,,,,-30,100,,,,,"conector macho M12 de 8 polos, radial",,,,,,,"IP 67 (carcasa), IP 65 (eje)",,"SSI/Gray, programable",,"{""Características mecánicas"": ""Eje hueco desmontable"", ""Diámetro del eje"": ""15 mm"", ""Resolución"": ""32.768 x 4.096"", ""Pasos"": ""≤ 32.768""}",product_name;enclosure_rating;operating_temp_min_c;operating_temp_max_c
2048439,DSL-2D08-G0M5AC2,AFS/AFM60,,accessory,Encoders,N,N-237,236,1,,,,,,,,,,,,,,,,,,,,,,,,,,,"Cable: incremental, SSI, apantallado; Cabezal A: conector macho D-Sub de 9 polos, recto; Cabezal B: conector hembra M12 de 8 polos, recto; Cable: SSI, TPI, sin halógenos, apantallado, 0,5 m",,
2048591,DOL-0J08-G03MAA6,AFS/AFM60,,accessory,Encoders,N,N-237,236,1,,,,,,,,,,,,,,,,,,,,,,,,,,,"Cabezal A: conector hembra JST de 8 polos, recto; Cabezal B: cable; Cable: SSI, apto para cadenas portacables, TPU, sin halógenos, apantallado, 3 m",,
6032866,DOL-1208-G02MAC1,AFS/AFM60,,accessory,Encoders,N,N-237,236,1,,,,,,,,,,,,,,,,,,,,,,,,,,,"Cabezal A: conector hembra M12 de 8 polos, recto; Cable: apantallado, 2 m",,
6009719,DOS-1205-G,EcoLine,,accessory,Encoders,N,N-238,237,1,,,,,,,,,,,,,,,,,,,,,,,,,,,"Cabezal A: conector hembra M12 de 5 polos, recto; Cabezal B: -; Cable: sin apantallar",,
6022083,STE-1205-G,EcoLine,,accessory,Encoders,N,N-238,237,1,,,,,,,,,,,,,,,,,,,,,,,,,,,"Cabezal A: conector macho M12 de 5 polos, recto; Cabezal B: -; Cable: sin apantallar",,
6039745,BCG05-K1KM01PP,EcoLine,BCG05,product,Encoders,N,N-238,237,1,,Encoder de cable,www.mysick.com/es/EcoLine,0,1250,,,,,,,,,,,,"Cable de 3 hilos, radial, 1,5 m",,,,,,,,,"4 mA ... 20 mA, analógico",,,product_name;sensing_range_min_mm;sensing_range_max_mm
6039746,BCG05-L1KM01PP,EcoLine,BCG05,product,Encoders,N,N-238,237,1,,Encoder de cable,www.mysick.com/es/EcoLine,0,1250,,,,,,,,,,,,"Cable de 3 hilos, radial, 1,5 m",,,,,,,,,"0 V ... 10 V, analógico",,,product_name;sensing_range_min_mm;sensing_range_max_mm
6039747,BCG08-K1KM03PP,EcoLine,BCG08,product,Encoders,N,N-238,237,1,,Encoder de cable,www.mysick.com/es/EcoLine,0,3000,,,,,,,,,,,,"Cable de 3 hilos, radial, 1,5 m",,,,,,,,,"4 mA ... 20 mA, analógico",,,product_name;sensing_range_min_mm;sensing_range_max_mm
6039748,BCG08-L1KM03PP,EcoLine,BCG08,product,Encoders,N,N-238,237,1,,Encoder de cable,www.mysick.com/es/EcoLine,0,3000,,,,,,,,,,,,"Cable de 3 hilos, radial, 1,5 m",,,,,,,,,"0 V ... 10 V, analógico",,,product_name;sensing_range_min_mm;sensing_range_max_mm
6039749,BCG13-K1KM05PP,EcoLine,BCG13,product,Encoders,N,N-238,237,1,,Encoder de cable,www.mysick.com/es/EcoLine,0,5000,,,,,,,,,,,,"Cable de 3 hilos, radial, 1,5 m",,,,,,,,,"4 mA ... 20 mA, analógico",,,product_name;sensing_range_min_mm;sensing_range_max_mm
6039750,BCG13-L1KM05PP,EcoLine,BCG13,product,Encoders,N,N-238,237,1,,Encoder de cable,www.mysick.com/es/EcoLine,0,5000,,,,,,,,,,,,"Cable de 3 hilos, radial, 1,5 m",,,,,,,,,"0 V ... 10 V, analógico",,,product_name;sensing_range_min_mm;sensing_range_max_mm
6048294,BCG19-K1EM10PP,EcoLine,BCG19,product,Encoders,N,N-238,237,1,,Encoder de cable,www.mysick.com/es/EcoLine,0,10000,,,,,,,,,,,,"1 conector M12, de 5 polos, radial",,,,,,,,,"4 mA ... 20 mA, analógico",,,product_name;sensing_range_min_mm;sensing_range_max_mm
6048295,BCG19-L1EM10PP,EcoLine,BCG19,product,Encoders,N,N-238,237,1,,Encoder de cable,www.mysick.com/es/EcoLine,0,10000,,,,,,,,,,,,"1 conector M12, de 5 polos, radial",,,,,,,,,"0 V ... 10 V, analógico",,,product_name;sensing_range_min_mm;sensing_range_max_mm
